EmployeeID,Department,Region,TrainingProgram,EnrollmentDate,CompletionStatus,PreTrainingScore,PostTrainingScore,TrainingCost_INR,SatisfactionRating
EMP10001,IT,North,Communication Skills,2024-08-16,Completed,61.0,81.9,316.38,4.6
EMP10002,IT,Central,Cloud Computing Basics,2024-01-31,Completed,52.2,72.3,301.05,5.0
EMP10003,Sales,Central,Data Visualization with Power BI,2025-10-27,Completed,49.4,75.7,302.06,3.8
EMP10004,R&D,Central,Communication Skills,2024-06-12,Completed,57.9,64.6,251.26,2.9
EMP10005,HR,South,Project Management,2024-04-04,Completed,42.8,67.3,200.26,3.5
EMP10006,Operations,North,Customer Service Excellence,2024-05-07,Dropped,72.1,,172.7,2.4
EMP10007,Operations,Central,Project Management,2024-07-15,Completed,37.9,55.5,155.94,4.2
EMP10008,Finance,East,Advanced Excel,2024-04-13,Completed,59.5,76.7,293.9,3.9
EMP10009,Marketing,South,Project Management,2024-08-02,Completed,77.2,99.1,544.35,3.4
EMP10010,IT,Central,Leadership Essentials,2024-09-07,Completed,40.3,64.0,250.31,2.7
EMP10011,Finance,East,Python for Data Analysis,2024-02-02,In Progress,57.4,,336.92,
EMP10012,Operations,North,Data Visualization with Power BI,2024-11-18,Completed,57.1,78.2,241.29,3.9
EMP10013,R&D,South,Communication Skills,2024-09-09,Completed,46.4,64.7,410.62,4.8
EMP10014,Customer Support,Central,Cloud Computing Basics,2024-08-12,Dropped,30.1,,114.6,2.9
EMP10015,R&D,North,Python for Data Analysis,2024-06-05,Completed,46.9,73.8,550.88,4.8
EMP10016,IT,West,Cloud Computing Basics,2025-04-24,Completed,44.9,64.4,448.53,4.3
EMP10017,IT,Central,Communication Skills,2024-12-14,Completed,49.2,69.7,258.23,3.3
EMP10018,R&D,North,Communication Skills,2024-07-01,Completed,64.8,97.6,285.21,4.0
EMP10019,Operations,Central,SQL Fundamentals,2024-06-05,Completed,59.3,76.1,347.28,4.4
EMP10020,Sales,Central,Project Management,2024-01-20,Completed,54.6,89.1,334.31,2.3
EMP10021,Finance,North,Data Visualization with Power BI,2024-03-21,Completed,56.0,75.6,210.75,4.2
EMP10022,HR,South,Customer Service Excellence,2024-06-18,Completed,52.4,77.3,358.9,5.0
EMP10023,Finance,Central,Data Visualization with Power BI,2024-11-15,Completed,45.3,63.3,514.73,4.7
EMP10024,Marketing,West,Agile & Scrum,2024-05-03,Completed,48.6,74.7,283.12,4.2
EMP10025,Sales,Central,Agile & Scrum,2025-08-25,Completed,46.6,66.0,137.19,3.8
EMP10026,Sales,South,Advanced Excel,2024-12-04,Completed,58.6,82.7,240.92,4.1
EMP10027,R&D,South,Agile & Scrum,2025-08-07,Completed,38.0,56.6,206.86,3.9
EMP10028,Customer Support,South,Advanced Excel,2025-11-05,Completed,53.1,78.3,340.47,5.0
EMP10029,R&D,North,Advanced Excel,2025-02-16,Completed,58.1,79.5,223.41,2.8
EMP10030,Finance,South,Agile & Scrum,2024-05-23,Completed,55.7,97.4,303.09,4.0
EMP10031,Finance,North,Customer Service Excellence,2024-04-10,Completed,54.6,67.3,435.12,4.9
EMP10032,IT,South,Leadership Essentials,2025-05-12,Completed,64.5,79.2,245.89,5.0
EMP10033,HR,West,Python for Data Analysis,2024-09-28,Dropped,60.6,,130.38,4.4
EMP10034,Customer Support,Central,Customer Service Excellence,2024-07-13,Completed,48.2,71.0,131.96,3.7
EMP10035,Sales,East,Python for Data Analysis,2025-08-21,Completed,55.8,69.3,334.83,4.4
EMP10036,Sales,Central,Advanced Excel,2024-03-11,Completed,73.6,89.3,543.81,3.9
EMP10037,Customer Support,North,SQL Fundamentals,2025-08-15,Completed,40.2,64.0,293.55,5.0
EMP10038,Customer Support,Central,SQL Fundamentals,2024-11-19,Dropped,55.4,,161.27,2.8
EMP10039,Finance,East,Cloud Computing Basics,2025-11-18,Completed,40.2,51.6,347.82,4.5
EMP10040,IT,North,Customer Service Excellence,2025-07-30,Dropped,56.3,,86.8,2.9
EMP10041,Finance,Central,Communication Skills,2024-12-23,In Progress,57.8,,239.65,
EMP10042,Marketing,East,Leadership Essentials,2025-07-10,Completed,46.4,83.3,318.52,4.4
EMP10043,Sales,Central,Communication Skills,2024-04-16,Dropped,61.5,,161.48,1.8
EMP10044,IT,North,Agile & Scrum,2024-10-05,Completed,68.9,84.3,279.77,4.8
EMP10045,Marketing,South,Communication Skills,2025-05-15,Completed,64.9,100.0,179.78,3.9
EMP10046,Customer Support,East,Python for Data Analysis,2024-12-07,Completed,44.3,59.8,515.47,4.0
EMP10047,HR,West,Agile & Scrum,2025-03-13,Completed,58.3,86.9,312.21,4.1
EMP10048,HR,Central,Python for Data Analysis,2025-08-19,Completed,51.8,95.6,278.57,4.5
EMP10049,Sales,East,Project Management,2025-01-01,Completed,42.1,68.0,297.84,3.9
EMP10050,IT,East,Agile & Scrum,2025-09-27,Completed,60.7,82.1,164.11,3.5
EMP10051,HR,West,Python for Data Analysis,2024-12-06,In Progress,49.6,,342.82,
EMP10052,Finance,East,Leadership Essentials,2024-04-20,Completed,57.6,69.6,248.12,4.2
EMP10053,Finance,South,Customer Service Excellence,2024-11-08,In Progress,44.4,,232.69,
EMP10054,Finance,North,Data Visualization with Power BI,2024-12-02,Completed,55.7,68.6,258.65,4.4
EMP10055,Marketing,Central,Cloud Computing Basics,2025-07-03,Completed,68.0,98.4,168.73,3.1
EMP10056,Operations,South,SQL Fundamentals,2024-02-09,Completed,61.2,87.3,561.16,4.5
EMP10057,Marketing,West,SQL Fundamentals,2024-04-28,Completed,61.9,93.0,429.08,4.8
EMP10058,Operations,North,Cloud Computing Basics,2025-06-16,Dropped,48.9,,171.09,3.2
EMP10059,Finance,East,Cloud Computing Basics,2025-11-11,Dropped,49.9,,205.27,2.2
EMP10060,IT,East,Agile & Scrum,2025-11-13,Completed,82.8,89.9,233.24,4.6
EMP10061,Operations,Central,Leadership Essentials,2025-03-06,Completed,49.3,80.0,265.34,4.1
EMP10062,HR,Central,SQL Fundamentals,2025-02-19,Completed,46.4,73.8,237.99,3.6
EMP10063,Operations,South,Cloud Computing Basics,2025-09-13,Completed,55.5,72.3,368.04,5.0
EMP10064,R&D,South,Agile & Scrum,2024-06-22,Completed,30.7,54.2,336.15,3.6
EMP10065,Marketing,North,Data Visualization with Power BI,2024-11-13,Completed,45.5,66.6,306.95,4.5
EMP10066,Sales,North,Data Visualization with Power BI,2025-09-17,In Progress,40.6,,178.27,
EMP10067,R&D,West,SQL Fundamentals,2025-12-14,Completed,49.3,66.1,354.3,5.0
EMP10068,HR,North,Advanced Excel,2024-08-12,Completed,39.9,69.2,556.95,5.0
EMP10069,R&D,North,Agile & Scrum,2024-05-04,Completed,36.8,54.9,287.54,5.0
EMP10070,Marketing,West,SQL Fundamentals,2025-05-31,Completed,60.3,88.5,386.43,3.5
EMP10071,HR,West,Customer Service Excellence,2024-09-10,In Progress,16.1,,203.78,
EMP10072,R&D,South,Communication Skills,2024-03-20,Completed,52.0,64.0,169.19,5.0
EMP10073,Marketing,East,Agile & Scrum,2024-05-21,Completed,49.7,72.7,243.85,5.0
EMP10074,HR,South,Advanced Excel,2025-02-21,Completed,69.0,91.1,357.73,3.4
EMP10075,Sales,South,Cloud Computing Basics,2025-08-21,Dropped,55.6,,116.79,2.1
EMP10076,Customer Support,West,Python for Data Analysis,2024-11-01,Completed,50.4,73.3,425.16,4.6
EMP10077,Finance,West,Data Visualization with Power BI,2025-03-22,Completed,40.1,79.2,320.89,2.7
EMP10078,Customer Support,South,Customer Service Excellence,2025-09-29,Completed,62.1,86.3,317.51,3.7
EMP10079,Sales,North,Cloud Computing Basics,2025-04-17,Completed,49.1,66.4,306.42,4.7
EMP10080,Marketing,South,Customer Service Excellence,2024-12-11,Completed,46.7,75.9,378.77,4.3
EMP10081,Customer Support,East,Advanced Excel,2024-01-20,Completed,62.6,78.0,269.84,3.7
EMP10082,Finance,North,Python for Data Analysis,2024-09-10,Completed,62.3,84.1,301.66,4.2
EMP10083,HR,South,Leadership Essentials,2025-11-16,Completed,47.9,74.3,241.94,4.0
EMP10084,Operations,East,Leadership Essentials,2025-09-13,Dropped,67.3,,290.54,3.3
EMP10085,HR,East,Advanced Excel,2024-01-27,Dropped,70.0,,229.28,2.6
EMP10086,Customer Support,West,Data Visualization with Power BI,2025-08-29,Completed,51.3,75.9,500.82,4.0
EMP10087,IT,East,SQL Fundamentals,2025-08-02,In Progress,62.1,,214.09,
EMP10088,Customer Support,East,Advanced Excel,2025-10-25,Completed,80.1,94.1,399.49,3.3
EMP10089,IT,West,Project Management,2025-04-15,Completed,64.5,91.5,329.27,4.5
EMP10090,Operations,Central,Agile & Scrum,2025-04-21,Completed,44.2,66.8,553.51,3.6
EMP10091,Operations,East,Data Visualization with Power BI,2024-10-12,In Progress,53.2,,183.73,
EMP10092,R&D,Central,SQL Fundamentals,2025-01-23,Completed,51.1,76.4,280.67,3.7
EMP10093,HR,West,Data Visualization with Power BI,2024-09-21,Completed,57.9,81.9,361.74,3.7
EMP10094,Operations,Central,Python for Data Analysis,2024-07-14,Completed,57.8,68.2,451.89,3.1
EMP10095,R&D,Central,Data Visualization with Power BI,2025-05-02,Completed,52.4,76.9,381.46,5.0
EMP10096,Sales,North,Communication Skills,2025-02-18,Completed,53.1,74.9,283.89,3.4
EMP10097,Marketing,West,Agile & Scrum,2024-12-18,Completed,51.5,76.1,526.16,3.5
EMP10098,Marketing,East,Customer Service Excellence,2024-11-09,Completed,73.4,94.5,266.41,4.4
EMP10099,Finance,East,Advanced Excel,2025-07-02,Dropped,47.8,,258.5,2.8
EMP10100,Finance,South,Customer Service Excellence,2025-08-26,Dropped,54.3,,202.98,2.0
EMP10101,Operations,North,Data Visualization with Power BI,2024-08-20,Completed,61.0,94.6,414.19,4.8
EMP10102,HR,East,Python for Data Analysis,2025-07-20,Completed,45.8,74.8,386.39,4.2
EMP10103,R&D,North,Python for Data Analysis,2024-10-18,Completed,45.3,60.6,202.57,3.7
EMP10104,HR,North,Communication Skills,2024-04-26,In Progress,48.7,,262.04,
EMP10105,R&D,North,SQL Fundamentals,2025-12-03,Completed,56.8,81.5,312.03,5.0
EMP10106,Operations,North,Data Visualization with Power BI,2025-07-25,Completed,48.1,62.9,310.79,4.4
EMP10107,Finance,Central,Cloud Computing Basics,2025-03-29,Completed,77.0,100.0,287.21,3.8
EMP10108,Operations,Central,SQL Fundamentals,2025-09-16,Dropped,70.6,,163.51,2.5
EMP10109,Finance,East,Advanced Excel,2024-09-02,Completed,35.9,53.1,227.82,4.1
EMP10110,Sales,West,Customer Service Excellence,2025-08-31,Completed,49.6,76.6,216.46,3.4
EMP10111,Operations,East,Customer Service Excellence,2025-12-04,Completed,56.4,82.5,217.52,4.6
EMP10112,Finance,West,Advanced Excel,2024-08-18,Completed,36.6,68.8,240.09,4.3
EMP10113,IT,North,Leadership Essentials,2025-09-01,Completed,73.6,96.5,394.05,4.9
EMP10114,R&D,North,Customer Service Excellence,2024-11-07,Completed,79.7,100.0,343.29,3.9
EMP10115,R&D,West,Advanced Excel,2024-02-10,In Progress,62.7,,533.43,
EMP10116,Marketing,Central,Communication Skills,2024-04-03,Completed,43.4,70.9,389.48,4.8
EMP10117,Sales,East,SQL Fundamentals,2024-06-28,Completed,40.8,46.5,538.05,3.9
EMP10118,Operations,South,SQL Fundamentals,2025-10-12,In Progress,73.0,,198.7,
EMP10119,R&D,East,Cloud Computing Basics,2024-11-24,Completed,74.5,85.5,251.67,2.9
EMP10120,Customer Support,West,Communication Skills,2025-02-14,In Progress,59.6,,358.37,
EMP10121,Sales,West,Advanced Excel,2024-09-15,Completed,30.2,51.5,370.18,3.2
EMP10122,Sales,Central,Customer Service Excellence,2024-02-25,Completed,59.4,73.9,221.45,3.7
EMP10123,R&D,West,Python for Data Analysis,2024-09-30,Completed,54.2,83.8,315.24,3.4
EMP10124,R&D,North,Python for Data Analysis,2025-09-15,In Progress,48.6,,425.36,
EMP10125,HR,East,Agile & Scrum,2025-07-19,Completed,53.7,67.4,183.13,3.7
EMP10126,R&D,North,Leadership Essentials,2024-10-25,Completed,78.6,100.0,297.84,3.6
EMP10127,R&D,West,Data Visualization with Power BI,2025-07-18,Completed,53.7,73.9,300.45,4.5
EMP10128,HR,North,Communication Skills,2024-12-14,Dropped,46.1,,191.0,2.1
EMP10129,Sales,East,Communication Skills,2025-08-16,Dropped,23.1,,224.67,1.4
EMP10130,R&D,Central,Customer Service Excellence,2024-12-06,Completed,74.7,94.7,408.68,4.5
EMP10131,R&D,East,Data Visualization with Power BI,2024-09-01,Completed,91.9,100.0,197.67,4.0
EMP10132,Sales,East,Customer Service Excellence,2025-01-25,Completed,35.7,59.3,409.66,3.6
EMP10133,HR,West,Python for Data Analysis,2025-05-29,Dropped,44.6,,213.49,1.7
EMP10134,IT,West,Advanced Excel,2025-04-12,Completed,65.6,87.5,259.64,5.0
EMP10135,HR,North,Customer Service Excellence,2024-12-12,Completed,44.7,78.9,267.77,4.5
EMP10136,IT,East,Agile & Scrum,2024-11-20,Completed,52.7,67.7,385.57,3.1
EMP10137,Sales,Central,Advanced Excel,2025-10-08,Completed,77.9,88.7,245.96,4.5
EMP10138,IT,West,Advanced Excel,2025-12-21,In Progress,49.2,,270.38,
EMP10139,HR,East,Python for Data Analysis,2024-11-28,In Progress,44.6,,257.43,
EMP10140,Marketing,East,Cloud Computing Basics,2024-09-07,Completed,45.0,69.2,375.66,4.1
EMP10141,HR,South,Leadership Essentials,2025-09-16,In Progress,44.1,,331.16,
EMP10142,Finance,West,SQL Fundamentals,2024-08-25,Completed,64.1,90.1,290.96,3.4
EMP10143,Operations,North,Customer Service Excellence,2025-11-24,Completed,64.0,72.6,185.24,4.5
EMP10144,Marketing,Central,Communication Skills,2025-03-10,Completed,61.8,77.7,232.35,2.8
EMP10145,Finance,West,Customer Service Excellence,2024-08-30,Completed,55.6,79.7,323.32,3.5
EMP10146,Operations,East,Python for Data Analysis,2025-02-09,Completed,35.1,56.6,350.89,3.3
EMP10147,Sales,Central,Customer Service Excellence,2024-08-23,Completed,55.6,70.7,345.38,3.8
EMP10148,Finance,Central,Communication Skills,2025-11-06,Completed,48.1,76.8,286.79,3.3
EMP10149,IT,North,Communication Skills,2024-02-04,Completed,72.3,74.5,529.62,3.5
EMP10150,IT,East,Project Management,2025-03-01,Completed,52.6,77.6,260.2,3.7
EMP10151,Marketing,Central,Agile & Scrum,2024-06-17,Completed,53.1,84.4,350.26,4.3
EMP10152,Marketing,North,Customer Service Excellence,2024-05-24,Completed,50.1,68.2,278.67,3.8
EMP10153,Customer Support,Central,Project Management,2025-02-08,Completed,49.9,74.2,442.27,5.0
EMP10154,R&D,East,Communication Skills,2025-01-25,In Progress,51.1,,315.06,
EMP10155,IT,South,Customer Service Excellence,2025-09-26,In Progress,50.1,,258.09,
EMP10156,Marketing,Central,Data Visualization with Power BI,2024-03-05,Completed,42.9,49.9,331.11,3.9
EMP10157,Operations,West,Advanced Excel,2024-02-16,Dropped,74.8,,137.24,2.9
EMP10158,IT,North,Data Visualization with Power BI,2024-05-18,Completed,65.0,69.3,331.25,4.3
EMP10159,Customer Support,Central,Leadership Essentials,2025-11-01,Completed,37.3,68.5,305.08,4.3
EMP10160,Customer Support,East,Python for Data Analysis,2025-01-14,Completed,62.6,100.0,344.89,4.2
EMP10161,Marketing,North,Project Management,2025-10-22,Completed,49.5,64.7,278.63,4.7
EMP10162,Finance,North,Customer Service Excellence,2025-11-09,Completed,55.9,74.1,515.02,4.4
EMP10163,Sales,North,Project Management,2024-05-08,In Progress,67.5,,199.5,
EMP10164,IT,Central,Data Visualization with Power BI,2024-08-09,In Progress,51.8,,176.06,
EMP10165,Marketing,South,SQL Fundamentals,2024-10-10,In Progress,49.7,,243.87,
EMP10166,HR,Central,Communication Skills,2024-04-22,Completed,64.1,78.7,306.34,4.7
EMP10167,Sales,East,Data Visualization with Power BI,2024-11-27,Completed,60.0,97.0,210.32,3.6
EMP10168,HR,West,Agile & Scrum,2024-03-06,Completed,33.7,67.7,281.66,4.6
EMP10169,IT,West,Agile & Scrum,2025-09-21,Completed,58.4,71.4,502.75,5.0
EMP10170,Operations,West,Python for Data Analysis,2025-05-05,In Progress,56.3,,336.29,
EMP10171,IT,West,Customer Service Excellence,2024-03-23,Completed,60.8,84.6,283.29,3.5
EMP10172,HR,East,SQL Fundamentals,2025-08-22,Completed,77.6,100.0,254.33,5.0
EMP10173,Operations,West,Agile & Scrum,2025-03-16,Completed,43.1,64.1,560.65,4.1
EMP10174,Finance,West,Customer Service Excellence,2025-02-27,Completed,34.7,68.9,304.39,4.0
EMP10175,Customer Support,North,Project Management,2024-11-16,Completed,42.9,51.7,289.4,4.7
EMP10176,R&D,North,Advanced Excel,2024-04-05,Completed,39.5,51.1,595.14,3.9
EMP10177,Marketing,South,Agile & Scrum,2025-08-23,Dropped,49.6,,192.17,1.4
EMP10178,IT,West,Project Management,2025-03-09,In Progress,51.7,,330.16,
EMP10179,Sales,East,SQL Fundamentals,2024-12-26,Completed,54.3,74.5,500.94,4.6
EMP10180,HR,West,Data Visualization with Power BI,2024-12-24,In Progress,68.5,,241.56,
EMP10181,IT,East,SQL Fundamentals,2025-03-15,In Progress,41.7,,488.67,
EMP10182,Sales,Central,Communication Skills,2024-07-03,Completed,55.7,77.8,296.89,4.1
EMP10183,Marketing,North,Leadership Essentials,2025-08-02,Completed,53.3,70.7,223.03,3.7
EMP10184,Sales,North,Agile & Scrum,2025-01-20,Completed,48.5,64.8,269.7,4.2
EMP10185,Marketing,East,Project Management,2025-09-02,Completed,73.0,73.8,299.77,4.9
EMP10186,HR,Central,Python for Data Analysis,2024-03-24,Completed,30.1,49.4,410.55,3.8
EMP10187,R&D,Central,Customer Service Excellence,2024-10-06,Completed,45.7,58.8,446.14,5.0
EMP10188,Marketing,West,Advanced Excel,2025-11-25,Completed,70.3,98.1,298.53,3.3
EMP10189,Operations,North,Data Visualization with Power BI,2025-09-05,Completed,60.9,73.1,240.58,4.6
EMP10190,Finance,South,Communication Skills,2024-12-01,Completed,50.5,78.2,308.34,4.4
EMP10191,Customer Support,South,Leadership Essentials,2025-06-29,Completed,68.9,82.3,425.59,4.5
EMP10192,Marketing,North,Cloud Computing Basics,2024-02-13,Completed,51.3,75.9,385.44,3.2
EMP10193,Marketing,Central,Cloud Computing Basics,2025-02-18,Completed,52.8,70.6,287.74,4.8
EMP10194,IT,West,Python for Data Analysis,2024-06-24,In Progress,38.1,,282.17,
EMP10195,R&D,East,Advanced Excel,2024-04-18,Completed,62.3,74.1,265.08,5.0
EMP10196,IT,West,Communication Skills,2024-12-13,Completed,75.4,99.1,222.3,4.0
EMP10197,IT,Central,Agile & Scrum,2024-12-23,Completed,59.8,81.5,501.85,4.9
EMP10198,Finance,North,Leadership Essentials,2024-07-21,Completed,56.8,75.9,273.47,4.1
EMP10199,IT,South,Customer Service Excellence,2025-07-31,Completed,34.5,45.7,340.25,4.6
EMP10200,Marketing,East,Leadership Essentials,2024-03-10,Completed,52.8,74.9,462.61,4.3
EMP10201,Operations,Central,Python for Data Analysis,2025-06-03,Completed,45.7,69.3,354.5,3.4
EMP10202,Sales,North,Project Management,2024-03-19,Completed,34.6,64.8,240.36,4.4
EMP10203,Customer Support,West,SQL Fundamentals,2024-02-12,Completed,66.8,100.0,279.55,4.8
EMP10204,Finance,East,SQL Fundamentals,2025-05-28,Completed,39.6,56.6,256.06,4.1
EMP10205,IT,East,Advanced Excel,2025-10-23,Completed,46.3,69.8,218.31,3.6
EMP10206,R&D,West,Agile & Scrum,2025-09-16,Completed,38.1,52.7,226.45,3.2
EMP10207,Customer Support,West,Project Management,2025-09-04,Completed,67.6,82.0,524.6,5.0
EMP10208,Marketing,North,Project Management,2025-07-25,Completed,57.2,72.3,250.46,4.6
EMP10209,HR,East,Advanced Excel,2025-11-10,Completed,56.5,99.0,353.96,4.0
EMP10210,Customer Support,South,SQL Fundamentals,2024-03-27,Completed,46.6,68.3,292.38,5.0
EMP10211,Marketing,South,Agile & Scrum,2025-10-23,Completed,76.7,100.0,427.94,3.7
EMP10212,Sales,East,Communication Skills,2024-08-07,Completed,66.7,93.7,286.37,3.0
EMP10213,Finance,South,Leadership Essentials,2024-10-29,In Progress,52.0,,191.28,
EMP10214,Sales,East,SQL Fundamentals,2025-09-03,Completed,62.4,85.8,277.81,3.2
EMP10215,HR,West,Python for Data Analysis,2025-01-08,Completed,62.3,88.8,305.04,4.9
EMP10216,Operations,West,Data Visualization with Power BI,2024-09-01,Completed,60.5,81.9,355.78,2.9
EMP10217,Marketing,Central,Customer Service Excellence,2024-10-15,Completed,57.5,81.7,325.14,3.2
EMP10218,Customer Support,South,Data Visualization with Power BI,2024-05-21,In Progress,67.6,,193.02,
EMP10219,R&D,East,Agile & Scrum,2025-12-29,In Progress,63.2,,196.42,
EMP10220,Operations,North,Leadership Essentials,2025-04-05,Dropped,53.4,,109.36,3.4
EMP10221,IT,South,Customer Service Excellence,2024-01-28,Completed,56.2,74.5,311.45,3.8
EMP10222,Marketing,South,Cloud Computing Basics,2025-01-18,Completed,57.7,75.9,231.32,5.0
EMP10223,Marketing,South,Leadership Essentials,2024-10-20,Dropped,50.6,,227.88,2.2
EMP10224,R&D,West,SQL Fundamentals,2024-03-22,Completed,57.4,87.7,271.02,3.1
EMP10225,Customer Support,North,Communication Skills,2024-11-04,Completed,65.7,88.4,223.96,4.8
EMP10226,R&D,North,Advanced Excel,2025-09-03,Completed,71.9,100.0,468.27,3.8
EMP10227,Finance,South,Communication Skills,2024-01-02,Completed,72.4,100.0,229.79,3.7
EMP10228,Customer Support,South,Advanced Excel,2025-01-04,Completed,51.6,62.8,329.75,3.5
EMP10229,Sales,West,Customer Service Excellence,2025-10-12,Completed,45.8,67.5,378.03,4.3
EMP10230,Sales,East,Advanced Excel,2024-09-03,Completed,43.0,72.9,492.03,4.0
EMP10231,Marketing,South,Python for Data Analysis,2025-07-13,Completed,63.1,76.1,504.99,4.4
EMP10232,R&D,West,Leadership Essentials,2024-03-05,Completed,60.9,85.2,291.74,5.0
EMP10233,Operations,South,Python for Data Analysis,2024-02-12,Completed,48.6,65.6,246.76,3.7
EMP10234,Customer Support,Central,Customer Service Excellence,2024-02-07,Completed,69.3,100.0,205.06,3.7
EMP10235,Marketing,North,Project Management,2024-05-07,In Progress,60.7,,272.39,
EMP10236,Customer Support,West,Cloud Computing Basics,2024-07-10,Completed,62.6,86.2,422.85,3.0
EMP10237,Operations,North,Cloud Computing Basics,2025-03-16,Completed,76.6,93.7,272.15,3.8
EMP10238,Operations,East,Advanced Excel,2024-12-01,Completed,59.0,86.3,274.38,5.0
EMP10239,Customer Support,South,Customer Service Excellence,2025-04-02,Completed,45.4,56.4,283.01,3.6
EMP10240,Customer Support,East,Python for Data Analysis,2025-11-18,Completed,76.5,94.4,284.01,4.3
EMP10241,HR,North,Leadership Essentials,2025-11-25,In Progress,69.3,,321.35,
EMP10242,HR,North,Data Visualization with Power BI,2025-01-10,Completed,48.6,66.7,430.91,4.8
EMP10243,HR,West,Project Management,2025-03-30,Completed,77.2,100.0,425.44,3.8
EMP10244,Marketing,West,Project Management,2024-10-12,Completed,68.3,96.9,289.0,4.5
EMP10245,HR,West,Agile & Scrum,2025-07-29,Completed,69.0,100.0,274.97,4.6
EMP10246,R&D,South,SQL Fundamentals,2025-12-11,Dropped,54.9,,137.32,3.6
EMP10247,IT,South,Advanced Excel,2024-06-25,In Progress,59.4,,280.33,
EMP10248,IT,East,Project Management,2024-03-07,Completed,55.3,87.5,287.79,4.2
EMP10249,HR,South,Project Management,2024-08-17,Completed,38.7,66.7,384.8,4.6
EMP10250,Finance,West,Python for Data Analysis,2025-07-21,Completed,51.3,75.1,424.65,4.3
EMP10251,HR,Central,Advanced Excel,2024-11-12,Completed,53.9,78.1,506.2,4.5
EMP10252,R&D,Central,Cloud Computing Basics,2025-08-11,Completed,49.6,73.2,223.41,4.9
EMP10253,IT,West,Customer Service Excellence,2025-06-13,Completed,56.6,73.0,298.61,4.9
EMP10254,HR,South,Cloud Computing Basics,2024-02-26,In Progress,48.3,,378.86,
EMP10255,HR,East,Leadership Essentials,2024-11-26,Dropped,73.4,,107.79,2.5
EMP10256,Operations,North,Communication Skills,2025-10-12,Dropped,77.5,,58.05,1.4
EMP10257,Operations,Central,Agile & Scrum,2025-05-29,Completed,60.3,78.3,432.5,3.4
EMP10258,HR,South,SQL Fundamentals,2025-09-11,Completed,57.9,75.4,442.35,3.2
EMP10259,Sales,North,Python for Data Analysis,2025-08-13,Completed,62.8,84.0,190.79,5.0
EMP10260,Customer Support,Central,Python for Data Analysis,2025-10-04,Completed,36.7,53.2,509.6,4.1
EMP10261,R&D,South,Cloud Computing Basics,2025-04-09,Completed,52.1,76.9,311.63,3.2
EMP10262,R&D,West,Customer Service Excellence,2024-07-27,Completed,54.0,84.9,282.41,4.3
EMP10263,Marketing,East,Cloud Computing Basics,2025-01-14,Completed,61.8,87.4,304.75,4.5
EMP10264,Finance,West,Advanced Excel,2025-04-05,Completed,57.4,85.1,311.41,4.0
EMP10265,Operations,West,SQL Fundamentals,2024-09-11,Dropped,44.2,,128.39,4.0
EMP10266,Marketing,South,Leadership Essentials,2025-06-11,Completed,37.8,60.8,335.44,3.6
EMP10267,Sales,North,Cloud Computing Basics,2025-04-13,Dropped,44.5,,54.42,2.2
EMP10268,Marketing,North,Python for Data Analysis,2025-05-21,Completed,49.6,52.2,540.62,3.0
EMP10269,R&D,East,Agile & Scrum,2024-04-20,Completed,64.4,89.8,282.14,3.4
EMP10270,Marketing,West,Project Management,2025-02-14,Completed,55.0,67.7,442.64,5.0
EMP10271,Marketing,Central,Communication Skills,2025-01-30,Completed,52.3,74.5,267.5,4.2
EMP10272,IT,South,Advanced Excel,2025-01-17,In Progress,52.0,,220.9,
EMP10273,Marketing,South,Data Visualization with Power BI,2025-06-05,Completed,43.0,62.8,263.45,5.0
EMP10274,Sales,South,Project Management,2025-06-15,Completed,48.1,74.7,445.48,5.0
EMP10275,HR,East,SQL Fundamentals,2024-06-15,Completed,55.7,72.5,413.61,4.6
EMP10276,Operations,Central,Project Management,2025-06-05,Completed,65.7,92.8,462.89,4.8
EMP10277,Operations,West,Python for Data Analysis,2024-12-05,Completed,70.8,94.4,288.65,5.0
EMP10278,Operations,North,SQL Fundamentals,2024-09-28,Dropped,75.6,,175.94,2.8
EMP10279,Finance,North,SQL Fundamentals,2024-06-23,Completed,49.2,68.6,526.37,4.4
EMP10280,Customer Support,South,Data Visualization with Power BI,2025-08-09,Dropped,45.5,,199.69,2.6
EMP10281,Sales,West,Project Management,2024-06-04,Completed,75.7,100.0,262.2,4.1
EMP10282,R&D,North,Leadership Essentials,2024-07-31,Completed,62.4,76.2,394.88,3.9
EMP10283,Customer Support,East,Leadership Essentials,2025-06-29,Completed,59.8,87.0,379.44,3.8
EMP10284,Operations,Central,Customer Service Excellence,2024-09-09,Completed,40.3,50.6,347.83,4.3
EMP10285,Operations,East,Data Visualization with Power BI,2025-12-22,Completed,75.2,93.5,327.69,4.9
EMP10286,Operations,East,Advanced Excel,2025-11-23,Completed,52.9,82.0,235.42,4.6
EMP10287,HR,East,Python for Data Analysis,2024-03-21,Completed,72.7,100.0,353.75,3.7
EMP10288,Operations,West,Data Visualization with Power BI,2025-07-05,Completed,60.9,85.0,349.7,3.7
EMP10289,Operations,South,Advanced Excel,2025-08-23,Completed,54.7,86.1,202.76,4.5
EMP10290,Finance,South,Python for Data Analysis,2025-02-27,Completed,64.3,63.5,225.62,4.9
EMP10291,HR,North,Agile & Scrum,2025-02-20,Completed,50.7,63.7,399.65,3.2
EMP10292,Finance,East,Project Management,2025-10-23,Completed,49.4,74.2,253.62,4.1
EMP10293,Finance,Central,Python for Data Analysis,2025-03-03,In Progress,55.9,,160.85,
EMP10294,Sales,West,Customer Service Excellence,2024-10-23,In Progress,67.0,,170.31,
EMP10295,Operations,Central,SQL Fundamentals,2024-12-09,Completed,36.3,54.9,546.01,5.0
EMP10296,R&D,South,Agile & Scrum,2024-10-06,Completed,50.8,70.0,349.6,3.9
EMP10297,HR,West,Communication Skills,2024-07-09,Completed,59.6,85.0,299.33,4.8
EMP10298,Finance,South,SQL Fundamentals,2025-02-19,In Progress,51.9,,350.18,
EMP10299,Marketing,North,Cloud Computing Basics,2024-04-07,Completed,54.1,75.8,258.12,4.6
EMP10300,Marketing,South,Python for Data Analysis,2025-01-27,Completed,63.8,85.2,165.11,4.2
EMP10301,Operations,Central,SQL Fundamentals,2024-09-24,Completed,66.0,90.8,321.22,4.8
EMP10302,Sales,North,Customer Service Excellence,2024-06-12,Completed,80.1,100.0,327.61,4.9
EMP10303,Operations,North,Communication Skills,2025-09-21,Completed,62.4,76.0,369.84,3.7
EMP10304,HR,West,SQL Fundamentals,2025-03-01,Completed,52.7,76.4,359.74,4.7
EMP10305,Finance,South,SQL Fundamentals,2025-06-22,Completed,56.8,81.7,491.54,5.0
EMP10306,IT,Central,Advanced Excel,2025-07-14,Dropped,55.6,,174.22,3.4
EMP10307,HR,South,Project Management,2025-03-28,Completed,69.2,96.3,353.01,3.3
EMP10308,R&D,North,Agile & Scrum,2024-02-26,Completed,41.2,65.6,386.15,3.6
EMP10309,R&D,Central,Python for Data Analysis,2025-04-18,Completed,58.9,83.5,381.82,4.4
EMP10310,Sales,West,Communication Skills,2024-08-11,Completed,60.4,80.4,296.37,4.8
EMP10311,Marketing,North,Agile & Scrum,2024-03-11,Dropped,37.0,,198.05,3.1
EMP10312,Operations,West,Leadership Essentials,2025-10-18,Dropped,49.1,,252.0,3.7
EMP10313,Marketing,West,Customer Service Excellence,2025-01-19,Completed,56.5,77.1,429.22,4.1
EMP10314,HR,East,Advanced Excel,2025-07-04,Completed,37.7,72.5,195.52,3.5
EMP10315,Finance,North,Python for Data Analysis,2025-04-19,Completed,29.2,46.1,488.52,3.2
EMP10316,Customer Support,South,Data Visualization with Power BI,2024-12-20,Completed,67.1,83.6,313.91,5.0
EMP10317,IT,North,Cloud Computing Basics,2024-01-17,Completed,51.1,53.1,141.63,5.0
EMP10318,Sales,West,SQL Fundamentals,2025-12-21,In Progress,35.3,,276.13,
EMP10319,Sales,West,Customer Service Excellence,2025-07-06,Completed,84.3,100.0,260.69,4.5
EMP10320,Operations,South,SQL Fundamentals,2025-08-14,Completed,65.2,93.3,501.25,4.3
EMP10321,Finance,East,Leadership Essentials,2025-06-17,Completed,54.2,70.2,183.42,3.9
EMP10322,Sales,Central,SQL Fundamentals,2024-06-28,Completed,53.8,67.9,340.79,3.3
EMP10323,R&D,North,Project Management,2025-11-18,Completed,71.7,100.0,330.62,3.0
EMP10324,Customer Support,West,Leadership Essentials,2025-01-20,Completed,66.3,80.4,423.0,3.9
EMP10325,Finance,South,Communication Skills,2024-05-27,In Progress,43.4,,200.27,
EMP10326,Customer Support,West,Agile & Scrum,2024-05-17,Completed,39.0,56.2,189.42,4.3
EMP10327,Marketing,North,Customer Service Excellence,2024-04-04,Completed,60.3,82.1,268.43,4.5
EMP10328,Operations,West,SQL Fundamentals,2024-02-10,In Progress,71.4,,231.26,
EMP10329,Finance,West,Data Visualization with Power BI,2024-11-06,Dropped,47.4,,135.73,2.7
EMP10330,Finance,North,Customer Service Excellence,2025-12-13,Completed,55.6,77.9,215.23,3.6
EMP10331,Finance,Central,Project Management,2025-01-24,Completed,38.2,74.2,453.43,3.2
EMP10332,Operations,East,Project Management,2025-05-24,Completed,46.4,75.6,569.86,3.9
EMP10333,Marketing,South,Project Management,2025-02-27,Completed,46.9,71.1,383.71,3.5
EMP10334,HR,North,Communication Skills,2025-08-21,Completed,40.7,65.2,354.83,4.5
EMP10335,HR,South,Project Management,2025-01-23,Completed,52.8,73.8,246.18,4.1
EMP10336,Marketing,East,Customer Service Excellence,2025-10-19,Completed,66.6,100.0,247.81,3.7
EMP10337,Marketing,South,Leadership Essentials,2025-07-13,Completed,53.9,96.5,488.35,3.5
EMP10338,Sales,Central,Python for Data Analysis,2025-11-15,Completed,75.1,92.7,322.7,4.5
EMP10339,HR,South,Advanced Excel,2024-06-03,Completed,50.5,70.9,329.11,3.7
EMP10340,Marketing,North,SQL Fundamentals,2025-11-13,Dropped,44.6,,171.36,1.6
EMP10341,Sales,North,Agile & Scrum,2025-02-25,Completed,45.8,69.7,409.85,3.0
EMP10342,Operations,Central,Communication Skills,2025-05-29,In Progress,65.0,,365.31,
EMP10343,Customer Support,South,Advanced Excel,2025-06-20,Completed,59.5,91.3,355.35,3.3
EMP10344,Operations,East,Communication Skills,2024-03-21,Completed,60.0,76.4,363.5,4.1
EMP10345,Finance,South,Communication Skills,2024-03-23,Completed,55.9,82.2,505.16,3.5
EMP10346,IT,West,Cloud Computing Basics,2025-07-19,Completed,38.0,59.1,450.87,3.5
EMP10347,HR,North,Customer Service Excellence,2025-10-22,In Progress,69.8,,414.57,
EMP10348,IT,Central,Python for Data Analysis,2024-08-04,Dropped,60.9,,245.34,1.7
EMP10349,R&D,East,Python for Data Analysis,2025-12-01,Dropped,68.8,,294.77,2.7
EMP10350,Sales,South,Project Management,2024-07-31,Completed,59.7,83.2,503.01,3.9
EMP10351,IT,East,Leadership Essentials,2024-09-03,Completed,53.2,80.9,282.84,4.8
EMP10352,Marketing,West,Leadership Essentials,2024-03-21,Completed,39.0,46.3,218.8,4.5
EMP10353,IT,West,Data Visualization with Power BI,2024-12-14,Completed,29.2,54.3,389.64,5.0
EMP10354,Customer Support,East,Python for Data Analysis,2024-10-06,In Progress,65.1,,304.09,
EMP10355,R&D,South,Project Management,2025-01-19,Completed,53.8,83.2,511.04,3.9
EMP10356,Customer Support,North,SQL Fundamentals,2024-09-09,Completed,58.9,75.6,214.5,4.8
EMP10357,HR,West,Leadership Essentials,2025-02-02,Completed,45.9,72.2,226.69,3.5
EMP10358,Sales,East,Customer Service Excellence,2024-10-03,Completed,54.9,85.6,223.5,4.4
EMP10359,Customer Support,West,Agile & Scrum,2025-06-08,Completed,64.8,97.9,225.62,4.5
EMP10360,Marketing,Central,Advanced Excel,2025-09-04,In Progress,39.3,,246.74,
EMP10361,Sales,East,Cloud Computing Basics,2024-03-27,Completed,51.3,68.4,393.4,4.0
EMP10362,HR,West,Leadership Essentials,2024-10-02,Completed,61.4,82.8,333.87,4.4
EMP10363,IT,South,Cloud Computing Basics,2025-03-07,Completed,31.3,45.8,152.42,4.0
EMP10364,Operations,South,Customer Service Excellence,2025-09-23,Completed,62.2,96.4,212.19,5.0
EMP10365,Operations,North,Cloud Computing Basics,2025-09-27,Completed,72.9,96.1,248.2,3.9
EMP10366,Marketing,West,SQL Fundamentals,2024-11-03,Completed,51.4,70.3,504.63,4.2
EMP10367,R&D,East,Leadership Essentials,2024-11-22,Completed,55.0,80.5,551.97,4.9
EMP10368,R&D,Central,Data Visualization with Power BI,2025-01-20,Completed,37.2,38.8,247.99,4.8
EMP10369,IT,Central,Data Visualization with Power BI,2025-07-12,Completed,52.3,64.9,422.49,2.8
EMP10370,R&D,South,Customer Service Excellence,2025-12-10,Completed,64.1,81.5,297.23,2.3
EMP10371,R&D,South,Communication Skills,2024-09-15,Completed,59.7,69.9,494.08,4.2
EMP10372,Customer Support,North,Customer Service Excellence,2025-05-05,Completed,62.0,85.0,461.79,3.4
EMP10373,Customer Support,Central,Python for Data Analysis,2025-12-19,In Progress,53.1,,358.63,
EMP10374,IT,North,Data Visualization with Power BI,2025-11-11,Completed,43.8,62.3,484.62,3.5
EMP10375,Sales,Central,Cloud Computing Basics,2025-03-16,Completed,75.5,86.5,313.27,3.0
EMP10376,Finance,Central,Agile & Scrum,2025-08-17,Completed,52.5,69.1,218.66,4.8
EMP10377,Marketing,West,Customer Service Excellence,2025-08-25,Completed,76.9,100.0,384.44,3.8
EMP10378,Sales,West,Advanced Excel,2025-03-01,Dropped,45.1,,125.97,3.2
EMP10379,HR,East,Communication Skills,2025-04-11,In Progress,70.6,,438.08,
EMP10380,R&D,East,Customer Service Excellence,2025-03-24,Completed,55.4,71.4,289.34,4.4
EMP10381,IT,East,Python for Data Analysis,2024-04-27,Completed,79.2,100.0,296.08,3.8
EMP10382,IT,South,Data Visualization with Power BI,2024-06-27,Completed,38.8,53.0,245.59,4.9
EMP10383,Customer Support,West,Data Visualization with Power BI,2025-10-06,Completed,42.4,68.7,538.14,4.9
EMP10384,Customer Support,West,Python for Data Analysis,2025-09-20,In Progress,67.0,,262.16,
EMP10385,Customer Support,West,Python for Data Analysis,2024-08-07,Completed,37.9,71.9,479.95,3.9
EMP10386,IT,Central,Leadership Essentials,2024-11-29,Completed,70.9,97.3,354.9,4.4
EMP10387,R&D,Central,Project Management,2025-02-01,Completed,47.3,76.7,406.12,4.1
EMP10388,Marketing,East,Customer Service Excellence,2024-06-25,In Progress,73.3,,490.39,
EMP10389,Operations,Central,SQL Fundamentals,2025-11-19,Completed,61.5,92.1,174.65,3.8
EMP10390,Operations,North,Leadership Essentials,2025-12-11,Completed,42.5,48.8,263.81,5.0
EMP10391,HR,Central,Cloud Computing Basics,2024-07-09,Completed,52.3,72.1,438.94,4.3
EMP10392,HR,Central,Leadership Essentials,2024-10-22,Completed,65.3,82.6,301.95,4.0
EMP10393,Sales,East,Python for Data Analysis,2024-05-19,Completed,52.0,86.9,374.09,4.4
EMP10394,R&D,West,Customer Service Excellence,2025-12-28,In Progress,63.0,,358.67,
EMP10395,HR,North,SQL Fundamentals,2024-08-13,Completed,57.2,68.8,245.92,4.4
EMP10396,Operations,South,Customer Service Excellence,2025-05-22,Completed,48.7,75.4,226.28,5.0
EMP10397,IT,East,Agile & Scrum,2025-07-09,In Progress,58.7,,280.11,
EMP10398,R&D,Central,Data Visualization with Power BI,2024-04-14,Completed,57.9,100.0,389.35,4.5
EMP10399,Operations,North,Customer Service Excellence,2024-12-22,In Progress,64.0,,214.06,
EMP10400,R&D,North,Data Visualization with Power BI,2025-08-25,Completed,70.5,97.9,421.54,4.0
EMP10401,Customer Support,South,SQL Fundamentals,2024-07-30,In Progress,52.5,,152.47,
EMP10402,Marketing,Central,Communication Skills,2025-07-05,Completed,48.0,74.7,518.68,5.0
EMP10403,Operations,Central,Communication Skills,2025-11-26,In Progress,40.6,,247.23,
EMP10404,Customer Support,North,Communication Skills,2024-05-09,Completed,69.4,86.5,255.88,4.0
EMP10405,HR,East,Data Visualization with Power BI,2025-02-06,Completed,45.6,72.8,415.17,4.0
EMP10406,Operations,West,Cloud Computing Basics,2024-03-18,Completed,44.4,62.9,202.63,4.6
EMP10407,Operations,East,Customer Service Excellence,2024-12-01,Completed,75.7,94.5,550.96,4.3
EMP10408,R&D,East,Advanced Excel,2025-02-11,Completed,38.0,45.9,405.76,3.0
EMP10409,R&D,East,Project Management,2024-12-11,Completed,48.4,90.9,266.07,3.7
EMP10410,R&D,East,Python for Data Analysis,2024-04-11,Completed,73.5,100.0,402.5,5.0
EMP10411,IT,South,Customer Service Excellence,2024-01-01,Dropped,66.3,,201.13,3.1
EMP10412,HR,East,Leadership Essentials,2024-04-05,Completed,48.4,63.9,274.79,4.1
EMP10413,Marketing,South,Python for Data Analysis,2025-10-02,Completed,49.6,77.2,500.3,4.8
EMP10414,Customer Support,North,Advanced Excel,2024-08-06,Completed,72.7,85.6,211.99,4.0
EMP10415,Finance,Central,Customer Service Excellence,2024-01-09,Completed,32.6,53.9,315.81,4.0
EMP10416,HR,West,Advanced Excel,2025-01-27,Completed,62.6,76.4,298.26,5.0
EMP10417,Marketing,East,Communication Skills,2025-01-26,Completed,62.0,82.2,232.67,3.4
EMP10418,HR,North,Agile & Scrum,2024-01-09,Completed,68.1,100.0,225.67,5.0
EMP10419,Marketing,South,Leadership Essentials,2025-09-22,Completed,41.6,64.7,274.39,2.9
EMP10420,IT,South,Advanced Excel,2025-01-28,Completed,53.2,71.5,360.82,3.0
EMP10421,HR,South,Communication Skills,2024-03-27,Completed,48.6,61.2,388.35,2.1
EMP10422,Operations,North,Communication Skills,2025-06-14,Completed,76.3,100.0,218.87,3.8
EMP10423,Customer Support,East,Python for Data Analysis,2025-05-21,Completed,60.6,74.6,300.96,4.3
EMP10424,IT,Central,Python for Data Analysis,2024-11-20,Completed,69.7,90.9,337.32,4.0
EMP10425,Marketing,Central,Leadership Essentials,2024-03-15,Completed,45.1,65.3,279.82,4.4
EMP10426,Operations,South,Python for Data Analysis,2025-02-11,Completed,45.4,79.3,493.72,3.9
EMP10427,Customer Support,West,Cloud Computing Basics,2025-10-17,Completed,46.0,48.6,434.21,4.7
EMP10428,Operations,North,Communication Skills,2025-06-07,Dropped,49.3,,150.64,2.7
EMP10429,Marketing,West,SQL Fundamentals,2025-10-27,Completed,36.2,54.0,149.74,4.7
EMP10430,Customer Support,South,Python for Data Analysis,2024-03-29,Dropped,56.8,,132.66,1.5
EMP10431,Sales,East,Leadership Essentials,2024-01-13,Completed,54.6,63.7,450.92,4.9
EMP10432,HR,West,Project Management,2025-06-13,In Progress,45.3,,475.03,
EMP10433,Operations,South,Project Management,2024-10-02,Completed,68.8,82.7,250.73,4.1
EMP10434,Marketing,West,Communication Skills,2024-03-06,Completed,63.3,86.7,340.34,3.8
EMP10435,IT,West,Customer Service Excellence,2025-01-03,Completed,56.0,69.4,416.19,2.1
EMP10436,Marketing,South,Communication Skills,2025-08-10,Completed,65.8,68.9,262.15,3.4
EMP10437,Sales,North,Python for Data Analysis,2024-02-17,Completed,79.7,100.0,319.03,3.6
EMP10438,HR,North,Agile & Scrum,2025-11-02,Completed,71.5,88.3,256.04,3.5
EMP10439,Customer Support,East,Communication Skills,2025-08-08,Completed,43.6,66.6,409.38,5.0
EMP10440,Sales,South,Data Visualization with Power BI,2024-02-17,Dropped,49.7,,51.47,2.4
EMP10441,Operations,East,Project Management,2025-07-20,Completed,65.6,87.0,476.59,4.0
EMP10442,Operations,Central,Communication Skills,2025-09-29,Completed,58.6,74.6,353.91,3.8
EMP10443,R&D,South,Agile & Scrum,2024-06-03,Completed,56.4,66.9,289.91,4.7
EMP10444,Finance,Central,Project Management,2025-12-11,In Progress,77.5,,309.0,
EMP10445,Sales,West,Communication Skills,2024-07-29,Completed,49.6,81.8,306.17,4.1
EMP10446,R&D,North,Leadership Essentials,2024-10-13,Completed,60.8,76.0,316.8,3.6
EMP10447,Customer Support,East,Customer Service Excellence,2024-03-27,Completed,51.0,69.8,415.42,3.4
EMP10448,Customer Support,North,SQL Fundamentals,2024-03-04,Completed,79.8,93.3,339.73,4.1
EMP10449,Operations,East,Project Management,2025-12-18,In Progress,54.0,,277.62,
EMP10450,Marketing,West,Communication Skills,2024-03-17,Dropped,39.2,,122.51,2.9
EMP10451,IT,South,Advanced Excel,2025-04-05,Completed,66.8,98.3,364.78,5.0
EMP10452,Marketing,South,Customer Service Excellence,2025-04-19,Completed,58.9,82.5,245.31,3.9
EMP10453,HR,East,SQL Fundamentals,2024-08-08,In Progress,51.5,,263.42,
EMP10454,HR,North,Data Visualization with Power BI,2025-02-09,Completed,70.8,84.7,574.03,4.9
EMP10455,Operations,South,Python for Data Analysis,2025-04-08,Completed,53.6,58.6,467.82,3.7
EMP10456,IT,West,Advanced Excel,2024-05-04,Completed,54.7,68.7,305.44,3.7
EMP10457,Finance,West,Project Management,2025-10-07,Dropped,60.1,,99.33,2.4
EMP10458,Operations,North,Python for Data Analysis,2024-07-21,Dropped,47.9,,234.62,1.9
EMP10459,IT,East,Advanced Excel,2025-04-17,Completed,51.1,82.8,449.9,5.0
EMP10460,Customer Support,West,Python for Data Analysis,2025-11-30,Completed,49.8,75.0,230.78,4.1
EMP10461,HR,East,Communication Skills,2024-06-01,Completed,58.9,71.5,362.12,4.9
EMP10462,Finance,East,Customer Service Excellence,2025-07-17,Completed,57.4,81.7,260.2,3.9
EMP10463,Customer Support,South,Cloud Computing Basics,2025-10-20,In Progress,49.3,,403.56,
EMP10464,Finance,Central,Python for Data Analysis,2025-12-31,Completed,38.8,61.8,329.98,5.0
EMP10465,Marketing,Central,Agile & Scrum,2025-02-01,Completed,46.9,73.0,246.04,4.2
EMP10466,Finance,North,Communication Skills,2025-04-28,Completed,60.9,88.0,414.59,4.9
EMP10467,HR,North,Data Visualization with Power BI,2024-09-03,Completed,52.1,79.5,487.04,5.0
EMP10468,Finance,Central,Cloud Computing Basics,2024-06-26,Completed,43.3,74.2,259.64,4.0
EMP10469,Marketing,Central,Python for Data Analysis,2025-12-18,Completed,65.2,82.9,409.92,4.0
EMP10470,HR,Central,Data Visualization with Power BI,2025-07-09,Completed,57.3,85.0,360.79,3.8
EMP10471,IT,North,Data Visualization with Power BI,2024-08-12,Completed,51.9,79.8,273.87,4.5
EMP10472,Marketing,Central,Data Visualization with Power BI,2024-12-14,Completed,68.0,85.7,307.04,4.7
EMP10473,Sales,South,SQL Fundamentals,2024-05-25,Completed,77.1,97.3,388.83,3.9
EMP10474,IT,East,Cloud Computing Basics,2024-04-13,Completed,51.4,79.8,221.78,3.0
EMP10475,HR,West,Customer Service Excellence,2024-11-20,Completed,42.2,71.8,383.73,5.0
EMP10476,Marketing,South,SQL Fundamentals,2025-01-22,Completed,53.0,75.6,439.36,4.9
EMP10477,HR,South,Python for Data Analysis,2025-08-09,Completed,57.9,87.7,401.37,4.5
EMP10478,HR,Central,Project Management,2024-08-14,Completed,67.0,67.4,185.76,4.6
EMP10479,HR,East,Advanced Excel,2024-12-21,Dropped,29.2,,184.95,3.0
EMP10480,Marketing,West,Python for Data Analysis,2024-08-02,Completed,53.4,83.0,303.89,5.0
EMP10481,Operations,North,Python for Data Analysis,2025-01-30,Completed,74.7,100.0,233.88,4.2
EMP10482,Customer Support,West,Cloud Computing Basics,2025-07-13,Completed,52.0,67.3,319.45,5.0
EMP10483,Finance,South,Customer Service Excellence,2024-02-04,Completed,56.5,82.9,386.7,4.1
EMP10484,IT,North,Project Management,2025-01-19,Completed,47.5,71.1,145.8,3.6
EMP10485,IT,East,SQL Fundamentals,2025-05-09,Completed,47.7,69.4,288.45,3.8
EMP10486,HR,Central,Cloud Computing Basics,2024-02-24,Completed,38.1,59.4,300.6,3.0
EMP10487,Customer Support,Central,Agile & Scrum,2025-11-07,Completed,56.0,66.3,209.87,3.9
EMP10488,Sales,West,SQL Fundamentals,2025-05-17,Completed,58.8,91.5,291.9,2.8
EMP10489,Customer Support,North,Communication Skills,2025-10-02,Completed,53.1,80.5,209.88,4.2
EMP10490,Sales,South,Leadership Essentials,2024-10-25,Dropped,48.9,,213.04,2.0
EMP10491,Operations,West,Customer Service Excellence,2025-11-07,Completed,55.3,92.5,452.5,4.1
EMP10492,Customer Support,South,Project Management,2025-01-13,Completed,36.8,44.4,241.03,3.0
EMP10493,R&D,West,Communication Skills,2024-10-02,Completed,61.1,70.5,226.02,4.7
EMP10494,IT,North,Project Management,2025-02-27,Dropped,54.9,,237.87,3.9
EMP10495,Sales,West,Agile & Scrum,2025-07-02,Completed,51.8,66.7,286.85,2.6
EMP10496,Finance,West,Communication Skills,2025-02-08,Dropped,50.3,,252.75,1.8
EMP10497,HR,North,Customer Service Excellence,2024-06-20,Dropped,54.0,,104.0,2.4
EMP10498,Sales,West,Advanced Excel,2025-03-21,Completed,57.0,82.5,579.66,3.3
EMP10499,Operations,East,Advanced Excel,2025-02-01,Completed,53.8,76.0,403.99,4.6
EMP10500,Operations,Central,Customer Service Excellence,2025-12-18,Completed,66.4,90.7,411.69,3.7
EMP10501,IT,West,Leadership Essentials,2025-08-03,Completed,41.3,64.2,212.51,4.1
EMP10502,IT,East,Agile & Scrum,2025-02-24,Completed,53.5,60.4,500.57,3.7
EMP10503,R&D,North,Leadership Essentials,2025-02-16,Completed,56.9,70.7,338.03,5.0
EMP10504,Customer Support,North,Cloud Computing Basics,2025-12-08,Completed,66.6,92.0,601.52,3.6
EMP10505,Operations,East,Python for Data Analysis,2024-11-06,Completed,40.7,70.1,289.76,4.8
EMP10506,IT,South,Leadership Essentials,2025-03-29,Completed,71.7,91.7,300.62,4.3
EMP10507,Customer Support,Central,Advanced Excel,2025-03-28,Completed,53.4,81.9,225.09,4.7
EMP10508,R&D,Central,Project Management,2025-06-11,In Progress,70.7,,111.88,
EMP10509,Operations,Central,Cloud Computing Basics,2025-06-20,In Progress,67.4,,251.34,
EMP10510,HR,South,Data Visualization with Power BI,2024-09-12,Completed,41.9,60.6,212.1,3.3
EMP10511,Finance,East,Project Management,2025-06-01,Completed,51.3,79.5,308.74,5.0
EMP10512,Sales,South,Project Management,2025-08-31,Completed,48.3,68.6,281.65,2.9
EMP10513,Marketing,East,Leadership Essentials,2025-12-06,Completed,66.6,100.0,189.45,3.2
EMP10514,Sales,South,SQL Fundamentals,2024-08-14,Completed,54.7,78.9,520.44,3.5
EMP10515,Operations,West,Agile & Scrum,2025-11-29,Completed,49.3,71.2,255.39,4.5
EMP10516,HR,Central,Python for Data Analysis,2024-09-15,Completed,49.8,70.9,262.8,4.0
EMP10517,Operations,West,Cloud Computing Basics,2025-04-15,Completed,51.9,86.7,312.27,4.5
EMP10518,Customer Support,Central,Advanced Excel,2025-06-07,Dropped,62.1,,192.92,2.3
EMP10519,Operations,East,Advanced Excel,2024-03-06,Completed,59.4,80.5,190.75,4.4
EMP10520,Marketing,East,Communication Skills,2025-12-29,Dropped,38.4,,263.72,1.6
EMP10521,Finance,South,Agile & Scrum,2024-02-28,In Progress,75.8,,471.57,
EMP10522,Customer Support,East,Leadership Essentials,2024-01-27,Completed,62.7,88.7,252.44,2.8
EMP10523,Customer Support,West,Cloud Computing Basics,2024-02-06,Completed,45.5,62.5,361.67,4.0
EMP10524,Marketing,South,Agile & Scrum,2025-05-02,Dropped,27.3,,215.09,3.2
EMP10525,Operations,South,Agile & Scrum,2024-10-27,Completed,57.9,96.5,103.18,3.5
EMP10526,Operations,Central,Leadership Essentials,2024-12-09,Completed,51.6,82.4,181.23,5.0
EMP10527,Finance,East,Cloud Computing Basics,2025-01-15,Completed,61.0,79.3,443.66,4.0
EMP10528,IT,West,Python for Data Analysis,2025-08-20,Completed,37.0,61.0,455.15,4.4
EMP10529,R&D,South,Agile & Scrum,2025-11-28,Completed,56.2,80.7,301.15,3.8
EMP10530,Sales,South,Leadership Essentials,2024-12-16,Completed,50.9,77.9,412.63,3.8
EMP10531,HR,East,Leadership Essentials,2025-05-14,Completed,54.6,85.6,148.62,4.1
EMP10532,Sales,North,Customer Service Excellence,2024-08-02,Completed,70.1,84.9,219.26,3.6
EMP10533,HR,West,Advanced Excel,2025-09-21,Completed,71.5,76.4,393.36,5.0
EMP10534,Customer Support,West,Cloud Computing Basics,2024-02-08,Completed,57.7,79.3,526.27,4.3
EMP10535,Sales,East,Agile & Scrum,2024-01-19,Completed,62.7,89.1,483.16,4.2
EMP10536,Finance,South,Project Management,2024-05-12,Completed,53.2,73.6,425.61,4.9
EMP10537,Operations,South,Advanced Excel,2024-11-01,Dropped,14.8,,177.79,3.1
EMP10538,Marketing,West,Leadership Essentials,2025-05-16,Completed,54.8,73.7,311.85,4.9
EMP10539,Customer Support,North,Data Visualization with Power BI,2024-05-14,Completed,45.7,71.0,142.22,3.4
EMP10540,HR,North,Project Management,2025-10-28,In Progress,47.5,,343.12,
EMP10541,Operations,Central,SQL Fundamentals,2025-08-31,Dropped,65.4,,287.0,3.0
EMP10542,Sales,North,Advanced Excel,2025-03-30,Completed,61.2,78.1,438.02,4.4
EMP10543,R&D,South,Data Visualization with Power BI,2025-12-03,Completed,64.1,95.6,306.09,4.6
EMP10544,IT,Central,Communication Skills,2025-09-12,Completed,67.8,89.6,320.22,3.5
EMP10545,IT,East,Advanced Excel,2025-05-24,Completed,46.1,62.7,207.45,4.0
EMP10546,Finance,East,Cloud Computing Basics,2024-06-13,Completed,51.3,58.2,330.07,4.2
EMP10547,R&D,East,Data Visualization with Power BI,2024-01-14,Completed,45.2,72.5,128.55,4.8
EMP10548,R&D,South,Advanced Excel,2024-03-17,Completed,45.8,61.6,274.77,3.4
EMP10549,Finance,West,Communication Skills,2025-04-20,Completed,52.7,72.6,293.13,2.7
EMP10550,Operations,East,Project Management,2024-04-28,Completed,40.1,62.6,306.64,4.3
EMP10551,HR,South,Project Management,2025-03-24,Dropped,36.0,,153.35,1.0
EMP10552,IT,East,Project Management,2024-04-26,Completed,76.6,100.0,300.5,4.2
EMP10553,Customer Support,West,Cloud Computing Basics,2024-06-19,Completed,64.7,78.9,525.33,4.4
EMP10554,Sales,South,Advanced Excel,2025-08-27,Completed,67.7,100.0,359.46,4.4
EMP10555,R&D,South,SQL Fundamentals,2025-01-02,Completed,54.7,62.5,470.44,3.6
EMP10556,HR,West,Customer Service Excellence,2025-02-25,Completed,48.7,71.9,292.26,3.5
EMP10557,Marketing,North,Agile & Scrum,2025-08-13,Completed,55.0,76.9,264.31,3.9
EMP10558,Marketing,Central,Agile & Scrum,2025-12-18,Completed,64.9,80.0,311.78,3.6
EMP10559,Finance,West,Project Management,2025-11-23,Completed,38.8,54.2,307.46,3.8
EMP10560,Sales,North,Leadership Essentials,2025-04-25,In Progress,58.2,,234.68,
EMP10561,IT,West,Project Management,2024-12-04,Dropped,64.1,,129.62,2.5
EMP10562,Finance,Central,Cloud Computing Basics,2024-08-28,Completed,53.8,77.9,183.67,3.7
EMP10563,R&D,North,Customer Service Excellence,2024-11-19,Completed,53.4,86.8,387.92,4.7
EMP10564,Sales,North,Cloud Computing Basics,2024-02-06,Completed,69.8,92.5,187.94,4.2
EMP10565,Operations,Central,Agile & Scrum,2025-11-01,Completed,51.2,78.1,276.63,4.9
EMP10566,Sales,South,Customer Service Excellence,2025-07-27,Completed,49.6,71.6,303.37,4.5
EMP10567,Marketing,West,Advanced Excel,2025-11-05,Completed,27.4,45.0,254.51,3.2
EMP10568,Operations,Central,Agile & Scrum,2025-12-19,Completed,53.2,71.6,274.6,5.0
EMP10569,HR,West,Advanced Excel,2025-09-17,Completed,58.6,85.6,287.35,3.3
EMP10570,Finance,West,Data Visualization with Power BI,2024-12-12,Completed,54.1,81.5,236.77,3.3
EMP10571,IT,West,Customer Service Excellence,2025-08-26,Dropped,63.6,,93.92,2.9
EMP10572,Sales,Central,Python for Data Analysis,2025-03-19,In Progress,44.6,,356.27,
EMP10573,HR,Central,Leadership Essentials,2024-05-11,Completed,40.7,75.8,533.3,3.5
EMP10574,Marketing,Central,Cloud Computing Basics,2025-09-15,Dropped,48.7,,108.24,3.1
EMP10575,Customer Support,East,Communication Skills,2024-05-16,Completed,53.0,75.3,434.45,3.4
EMP10576,Operations,Central,Project Management,2025-07-20,Completed,48.8,69.0,101.26,3.4
EMP10577,Operations,East,Leadership Essentials,2025-10-27,Dropped,50.5,,161.38,4.5
EMP10578,Marketing,North,Project Management,2025-05-06,Completed,54.8,74.7,527.83,4.1
EMP10579,Customer Support,Central,Communication Skills,2024-01-14,Completed,40.8,71.7,268.09,4.6
EMP10580,HR,North,Python for Data Analysis,2024-09-30,Completed,60.3,82.5,290.51,4.6
EMP10581,Operations,South,Python for Data Analysis,2024-10-29,Completed,50.8,68.2,482.94,4.2
EMP10582,Marketing,West,Advanced Excel,2025-11-22,Completed,40.1,50.4,258.05,4.2
EMP10583,Customer Support,South,Agile & Scrum,2024-10-21,Completed,57.1,81.1,314.39,3.9
EMP10584,Customer Support,West,Project Management,2024-02-25,Completed,35.8,51.2,186.41,4.0
EMP10585,R&D,South,Project Management,2025-07-13,Completed,52.9,88.2,268.84,4.1
EMP10586,Finance,East,Customer Service Excellence,2025-11-30,Completed,39.9,57.0,235.94,3.8
EMP10587,IT,West,Python for Data Analysis,2024-10-12,Completed,70.4,96.9,269.79,3.3
EMP10588,Operations,North,Project Management,2025-12-27,Dropped,59.5,,177.22,3.5
EMP10589,Marketing,Central,Python for Data Analysis,2025-09-22,In Progress,42.8,,214.46,
EMP10590,R&D,Central,Agile & Scrum,2024-03-15,In Progress,39.9,,243.3,
EMP10591,Finance,South,Agile & Scrum,2025-06-01,Completed,60.6,90.5,370.81,4.0
EMP10592,Customer Support,North,Project Management,2024-08-06,Completed,56.8,72.1,188.54,5.0
EMP10593,Operations,South,SQL Fundamentals,2025-05-01,Dropped,55.4,,258.27,4.2
EMP10594,IT,East,Customer Service Excellence,2025-10-19,Completed,52.7,71.8,472.37,4.0
EMP10595,Sales,East,Cloud Computing Basics,2025-01-30,Completed,28.5,62.8,479.0,3.1
EMP10596,Sales,Central,Project Management,2025-06-04,Completed,49.8,76.5,252.73,3.0
EMP10597,Finance,East,Agile & Scrum,2024-04-08,Completed,79.3,90.4,350.28,4.2
EMP10598,Sales,North,Data Visualization with Power BI,2025-10-06,Completed,60.1,82.3,524.27,3.7
EMP10599,IT,South,Agile & Scrum,2025-03-21,Completed,76.7,97.2,147.4,4.6
EMP10600,HR,North,Customer Service Excellence,2024-12-05,Completed,43.5,69.3,246.34,5.0
EMP10601,HR,East,Agile & Scrum,2025-08-11,In Progress,51.2,,254.96,
EMP10602,Customer Support,West,Customer Service Excellence,2025-02-18,Completed,40.0,66.8,197.87,4.7
EMP10603,IT,Central,Python for Data Analysis,2025-09-25,Completed,49.4,73.5,491.03,3.8
EMP10604,Sales,North,Project Management,2024-04-18,Completed,80.2,100.0,456.15,3.8
EMP10605,IT,East,Customer Service Excellence,2025-02-08,In Progress,63.9,,185.94,
EMP10606,R&D,South,Agile & Scrum,2024-05-19,Completed,47.2,79.8,353.97,5.0
EMP10607,HR,East,Project Management,2025-07-20,In Progress,32.6,,275.38,
EMP10608,IT,North,Python for Data Analysis,2025-09-02,Completed,46.8,75.1,443.56,2.7
EMP10609,Operations,South,Project Management,2025-02-26,Dropped,37.3,,202.57,3.2
EMP10610,HR,South,Data Visualization with Power BI,2024-09-15,Completed,43.6,62.3,261.35,4.6
EMP10611,Sales,Central,Customer Service Excellence,2025-07-16,Completed,62.0,99.8,592.03,3.0
EMP10612,Operations,North,Data Visualization with Power BI,2025-08-17,Completed,56.3,71.1,273.65,3.2
EMP10613,HR,South,Advanced Excel,2025-09-26,Completed,66.1,87.1,167.93,5.0
EMP10614,R&D,West,Project Management,2025-11-06,Completed,54.9,66.9,443.21,4.4
EMP10615,Marketing,East,Cloud Computing Basics,2024-01-05,Completed,50.0,51.2,281.2,4.2
EMP10616,Customer Support,East,Project Management,2025-11-26,Completed,59.9,91.8,370.81,3.4
EMP10617,R&D,East,Communication Skills,2025-07-18,Completed,69.3,77.1,464.75,4.3
EMP10618,IT,East,Leadership Essentials,2024-07-20,Completed,54.0,78.8,454.46,3.8
EMP10619,IT,North,Agile & Scrum,2024-02-01,In Progress,55.4,,305.64,
EMP10620,Customer Support,Central,Data Visualization with Power BI,2025-07-18,Completed,42.0,69.4,429.98,3.3
EMP10621,HR,East,Cloud Computing Basics,2025-08-26,Completed,60.6,68.8,356.65,3.6
EMP10622,R&D,Central,Agile & Scrum,2025-02-10,Completed,43.2,61.5,272.0,4.4
EMP10623,Finance,Central,Leadership Essentials,2024-05-23,Completed,52.0,69.2,359.33,5.0
EMP10624,HR,West,Project Management,2024-08-12,Completed,66.7,89.4,205.17,3.5
EMP10625,Operations,East,Data Visualization with Power BI,2025-11-15,Completed,61.3,86.6,324.03,5.0
EMP10626,R&D,West,Python for Data Analysis,2025-10-26,Completed,37.0,67.4,471.96,3.4
EMP10627,Operations,East,SQL Fundamentals,2025-08-06,Completed,58.0,96.0,531.4,5.0
EMP10628,Marketing,Central,Advanced Excel,2024-09-14,Completed,52.8,79.1,235.76,4.7
EMP10629,Customer Support,East,Project Management,2025-05-08,In Progress,76.5,,206.5,
EMP10630,HR,West,Leadership Essentials,2024-03-19,Completed,61.0,88.3,335.34,4.4
EMP10631,HR,South,Leadership Essentials,2025-09-08,Completed,47.6,65.1,251.37,3.3
EMP10632,Finance,West,Project Management,2024-04-26,Completed,64.3,90.0,329.66,5.0
EMP10633,Finance,Central,Leadership Essentials,2025-02-24,Completed,63.0,76.3,266.73,3.8
EMP10634,HR,South,Agile & Scrum,2025-08-09,Completed,65.2,84.8,163.93,4.0
EMP10635,HR,Central,Cloud Computing Basics,2025-07-31,Completed,50.7,79.8,525.04,4.5
EMP10636,Operations,North,Data Visualization with Power BI,2025-09-13,Dropped,53.6,,143.59,2.6
EMP10637,Finance,West,SQL Fundamentals,2025-08-19,In Progress,63.4,,246.05,
EMP10638,Operations,South,Project Management,2025-09-02,Completed,60.9,78.7,320.83,2.6
EMP10639,Customer Support,South,Advanced Excel,2024-07-26,Completed,49.3,64.4,366.48,4.6
EMP10640,Customer Support,South,SQL Fundamentals,2024-06-30,Completed,67.7,94.6,308.04,4.6
EMP10641,Sales,Central,Agile & Scrum,2024-04-05,Completed,69.5,93.6,263.6,3.8
EMP10642,Sales,West,Agile & Scrum,2025-01-14,In Progress,33.7,,485.43,
EMP10643,Customer Support,South,Customer Service Excellence,2024-12-24,Completed,42.6,53.8,561.76,3.0
EMP10644,IT,West,Leadership Essentials,2025-05-03,Completed,47.4,81.7,122.56,3.7
EMP10645,Customer Support,East,Data Visualization with Power BI,2025-12-27,Completed,41.6,73.5,192.1,4.0
EMP10646,IT,Central,Python for Data Analysis,2025-11-01,Completed,56.9,82.9,371.91,4.9
EMP10647,Marketing,North,Leadership Essentials,2025-10-29,Completed,50.7,62.1,300.62,3.8
EMP10648,Customer Support,Central,Project Management,2024-10-09,Dropped,40.5,,183.75,1.8
EMP10649,Customer Support,Central,Agile & Scrum,2024-07-02,Completed,54.4,76.7,376.18,3.6
EMP10650,Operations,East,SQL Fundamentals,2025-12-23,Completed,43.9,73.0,144.23,4.8
EMP10651,IT,South,Customer Service Excellence,2024-06-14,Completed,43.8,53.8,384.99,3.6
EMP10652,Marketing,Central,SQL Fundamentals,2025-12-01,Completed,37.6,52.2,267.44,3.4
EMP10653,Sales,North,Leadership Essentials,2025-09-06,Completed,55.8,72.0,192.2,4.2
EMP10654,Finance,East,Advanced Excel,2024-02-08,Completed,51.7,87.1,252.03,5.0
EMP10655,Operations,Central,Python for Data Analysis,2025-10-17,Completed,65.0,93.5,274.13,3.3
EMP10656,Operations,South,Python for Data Analysis,2025-06-06,Completed,73.5,86.5,316.06,3.5
EMP10657,HR,North,Project Management,2025-11-01,Completed,58.3,84.7,278.44,4.3
EMP10658,Operations,West,Project Management,2025-02-08,Completed,39.1,69.5,241.24,4.9
EMP10659,Sales,North,Advanced Excel,2024-10-18,Completed,54.5,64.3,424.32,4.5
EMP10660,Marketing,East,Communication Skills,2025-09-12,Dropped,52.2,,156.64,3.5
EMP10661,Sales,East,Leadership Essentials,2025-06-02,Completed,61.8,75.6,214.54,4.1
EMP10662,Operations,East,Advanced Excel,2024-09-20,In Progress,57.7,,341.52,
EMP10663,Operations,West,Cloud Computing Basics,2025-05-10,Completed,53.4,82.0,188.61,3.8
EMP10664,R&D,Central,Python for Data Analysis,2024-04-29,Completed,76.0,100.0,371.38,3.2
EMP10665,Finance,South,Project Management,2024-12-27,Completed,49.0,73.1,210.94,4.3
EMP10666,Operations,South,Communication Skills,2025-02-12,Completed,45.6,62.1,235.09,3.5
EMP10667,HR,West,Project Management,2024-08-11,In Progress,54.2,,219.21,
EMP10668,HR,South,Customer Service Excellence,2024-07-23,Completed,63.2,97.1,269.36,3.7
EMP10669,Finance,South,Data Visualization with Power BI,2025-09-25,Completed,61.0,86.8,269.56,4.2
EMP10670,IT,West,SQL Fundamentals,2025-07-08,Dropped,59.3,,204.77,1.6
EMP10671,Marketing,West,SQL Fundamentals,2025-05-17,Completed,65.6,81.5,431.0,4.1
EMP10672,Customer Support,South,SQL Fundamentals,2024-02-25,Completed,52.5,83.1,282.84,5.0
EMP10673,Sales,Central,Project Management,2025-12-03,Completed,38.4,62.8,316.15,4.6
EMP10674,R&D,East,Python for Data Analysis,2025-11-21,Completed,72.4,83.7,353.65,4.6
EMP10675,Marketing,East,SQL Fundamentals,2024-07-10,Completed,75.6,100.0,222.03,3.6
EMP10676,R&D,Central,Project Management,2024-07-07,Completed,65.3,84.2,256.52,4.1
EMP10677,Marketing,East,Cloud Computing Basics,2025-04-06,Completed,32.0,53.9,225.41,3.6
EMP10678,Finance,North,Communication Skills,2025-07-22,Completed,72.3,84.2,313.26,4.7
EMP10679,HR,South,Customer Service Excellence,2024-06-29,Completed,51.6,79.9,289.24,4.3
EMP10680,Marketing,West,Communication Skills,2025-07-29,In Progress,66.6,,178.43,
EMP10681,Customer Support,North,Leadership Essentials,2024-08-08,In Progress,47.7,,245.74,
EMP10682,IT,West,Project Management,2025-01-04,Completed,45.1,90.7,308.94,5.0
EMP10683,Marketing,North,Cloud Computing Basics,2024-12-25,In Progress,39.1,,384.09,
EMP10684,Finance,Central,SQL Fundamentals,2025-10-26,Completed,61.6,88.0,277.47,3.9
EMP10685,Marketing,Central,Customer Service Excellence,2025-04-02,In Progress,58.9,,304.29,
EMP10686,Operations,West,Leadership Essentials,2025-10-17,In Progress,28.4,,243.51,
EMP10687,Customer Support,Central,SQL Fundamentals,2024-03-14,Completed,44.8,68.2,307.05,5.0
EMP10688,Marketing,East,Communication Skills,2024-09-30,Completed,51.2,80.6,355.21,4.4
EMP10689,R&D,East,SQL Fundamentals,2025-04-06,Completed,62.3,100.0,283.42,3.3
EMP10690,HR,South,Communication Skills,2025-12-18,Completed,43.9,70.3,229.96,3.5
EMP10691,Customer Support,North,Advanced Excel,2025-04-29,Completed,51.5,81.3,150.26,4.7
EMP10692,IT,North,Communication Skills,2024-06-08,Completed,55.7,72.0,316.98,3.2
EMP10693,Finance,South,Communication Skills,2025-10-03,Completed,51.3,92.7,307.34,4.4
EMP10694,Sales,North,Project Management,2025-05-02,Completed,48.2,78.4,294.84,5.0
EMP10695,R&D,South,Agile & Scrum,2025-08-28,Completed,32.4,69.4,442.9,4.4
EMP10696,Customer Support,Central,Agile & Scrum,2024-12-21,Completed,61.4,62.3,274.67,4.1
EMP10697,R&D,East,Project Management,2024-09-23,Completed,66.1,80.0,169.47,4.2
EMP10698,HR,East,Communication Skills,2025-07-01,Completed,58.1,72.9,270.25,3.8
EMP10699,Operations,North,Cloud Computing Basics,2025-09-03,Completed,62.8,91.7,227.29,3.9
EMP10700,Marketing,South,Cloud Computing Basics,2025-03-23,Completed,37.6,57.2,412.25,4.1
EMP10701,Customer Support,West,Data Visualization with Power BI,2024-03-22,Completed,41.7,75.4,271.84,4.8
EMP10702,Operations,East,Agile & Scrum,2025-02-26,Completed,76.1,100.0,221.81,4.4
EMP10703,HR,East,Advanced Excel,2025-04-11,Completed,69.7,100.0,205.85,3.7
EMP10704,R&D,South,Project Management,2024-06-04,Completed,52.6,68.2,464.25,4.1
EMP10705,HR,North,Communication Skills,2024-05-08,Completed,49.5,71.2,545.91,4.1
EMP10706,Finance,North,Leadership Essentials,2025-05-20,Completed,28.0,45.1,402.0,4.2
EMP10707,R&D,East,Customer Service Excellence,2024-02-02,Completed,49.1,56.1,216.88,4.5
EMP10708,Operations,West,Advanced Excel,2025-04-26,Completed,40.7,57.7,248.72,4.0
EMP10709,Sales,North,Data Visualization with Power BI,2025-03-29,Completed,28.5,57.7,264.09,5.0
EMP10710,R&D,North,Agile & Scrum,2024-08-01,Completed,41.3,61.7,530.93,4.1
EMP10711,Marketing,South,Python for Data Analysis,2025-07-16,Completed,63.0,79.1,312.44,4.2
EMP10712,Operations,South,Project Management,2025-11-13,Completed,72.5,100.0,230.03,4.7
EMP10713,Customer Support,East,Python for Data Analysis,2024-10-09,Completed,71.9,97.2,414.2,3.5
EMP10714,Sales,North,SQL Fundamentals,2025-05-01,Completed,63.4,81.9,272.79,3.8
EMP10715,IT,South,Leadership Essentials,2024-04-03,Completed,60.6,84.2,387.0,4.3
EMP10716,Sales,North,Project Management,2024-06-06,Completed,67.9,91.4,163.05,4.8
EMP10717,R&D,South,Project Management,2025-10-22,Completed,59.8,96.3,279.14,3.9
EMP10718,Finance,North,Cloud Computing Basics,2024-05-17,Completed,47.2,60.5,202.77,3.6
EMP10719,R&D,Central,Communication Skills,2025-12-14,Completed,38.1,60.2,335.53,4.7
EMP10720,Marketing,East,Customer Service Excellence,2025-09-05,Dropped,72.8,,243.22,3.0
EMP10721,IT,Central,Leadership Essentials,2024-10-29,In Progress,47.1,,402.73,
EMP10722,Marketing,West,Python for Data Analysis,2025-06-02,Completed,41.9,71.0,288.2,4.2
EMP10723,Marketing,Central,Data Visualization with Power BI,2024-03-05,Completed,40.9,55.7,333.1,4.5
EMP10724,Finance,Central,Customer Service Excellence,2024-06-06,Completed,60.6,71.7,211.05,4.7
EMP10725,Marketing,North,Advanced Excel,2025-11-05,Completed,61.6,88.6,289.92,3.6
EMP10726,Sales,South,Advanced Excel,2024-07-15,Completed,58.1,75.8,272.24,3.4
EMP10727,Customer Support,West,Agile & Scrum,2025-12-19,Completed,59.2,68.7,209.19,4.2
EMP10728,Finance,Central,Advanced Excel,2024-08-01,Completed,63.1,82.7,268.91,3.9
EMP10729,Sales,East,Agile & Scrum,2025-03-01,In Progress,59.0,,480.81,
EMP10730,Sales,Central,Communication Skills,2024-02-11,Completed,60.6,70.3,321.75,4.6
EMP10731,Finance,Central,Advanced Excel,2024-08-24,Completed,42.8,62.8,246.93,4.1
EMP10732,Finance,Central,Leadership Essentials,2025-07-25,Completed,59.0,92.5,146.27,4.9
EMP10733,Marketing,West,Cloud Computing Basics,2024-06-19,In Progress,62.5,,426.45,
EMP10734,Customer Support,Central,Project Management,2024-06-10,Completed,59.6,90.3,451.42,5.0
EMP10735,Marketing,East,Agile & Scrum,2025-01-15,Completed,58.0,88.4,496.43,4.2
EMP10736,Marketing,Central,Data Visualization with Power BI,2025-07-12,Completed,50.8,85.3,481.94,3.5
EMP10737,Operations,East,Customer Service Excellence,2025-02-10,Completed,61.0,71.8,99.0,4.4
EMP10738,Sales,Central,Leadership Essentials,2024-01-07,Completed,62.5,91.6,262.41,3.7
EMP10739,Marketing,North,Communication Skills,2025-06-07,Completed,78.4,96.4,478.9,3.4
EMP10740,IT,North,Customer Service Excellence,2024-06-08,Completed,78.6,100.0,365.49,4.8
EMP10741,Finance,South,Communication Skills,2024-04-04,Completed,46.1,64.2,491.1,5.0
EMP10742,IT,East,Customer Service Excellence,2025-05-14,In Progress,61.8,,421.01,
EMP10743,IT,Central,Communication Skills,2025-08-13,Completed,78.8,96.6,245.54,3.9
EMP10744,Marketing,West,Cloud Computing Basics,2024-08-20,Completed,73.6,100.0,417.8,4.4
EMP10745,Customer Support,North,Communication Skills,2024-02-12,Completed,55.5,82.0,372.2,2.3
EMP10746,Marketing,Central,Data Visualization with Power BI,2024-02-21,Completed,57.9,70.7,317.73,4.4
EMP10747,IT,South,Cloud Computing Basics,2025-02-07,Completed,76.1,100.0,275.95,3.8
EMP10748,R&D,Central,Python for Data Analysis,2025-02-12,Completed,54.1,72.5,284.5,4.2
EMP10749,Customer Support,South,Leadership Essentials,2025-07-26,Completed,41.4,68.4,281.74,4.5
EMP10750,Finance,Central,SQL Fundamentals,2025-06-20,Completed,65.7,82.6,274.22,4.3
EMP10751,Customer Support,East,SQL Fundamentals,2024-04-25,Completed,54.6,80.2,318.21,3.7
EMP10752,Marketing,South,Project Management,2025-08-31,Completed,52.5,68.5,192.08,4.0
EMP10753,Marketing,Central,Customer Service Excellence,2024-05-29,Completed,49.1,68.8,240.51,3.9
EMP10754,Marketing,South,Advanced Excel,2024-02-25,Completed,54.3,80.1,351.01,4.7
EMP10755,Operations,North,Project Management,2024-04-23,Completed,40.6,54.3,308.88,3.8
EMP10756,Marketing,South,Agile & Scrum,2024-07-27,Completed,45.8,57.4,295.89,3.8
EMP10757,R&D,Central,Leadership Essentials,2025-12-16,Completed,62.1,79.6,274.4,3.8
EMP10758,Sales,East,Leadership Essentials,2024-10-17,Completed,54.6,69.8,387.85,4.5
EMP10759,Operations,North,Customer Service Excellence,2024-01-09,Completed,50.7,75.1,656.58,4.2
EMP10760,Marketing,North,Python for Data Analysis,2025-10-26,Completed,59.2,73.2,223.43,4.0
EMP10761,IT,East,Customer Service Excellence,2025-06-28,Completed,54.0,69.3,222.03,4.7
EMP10762,R&D,Central,Python for Data Analysis,2024-09-10,Dropped,51.5,,215.55,2.1
EMP10763,R&D,West,Leadership Essentials,2024-12-21,Completed,51.1,87.8,313.92,4.7
EMP10764,Operations,South,Agile & Scrum,2024-03-04,Completed,59.4,84.6,313.27,2.8
EMP10765,Operations,South,Leadership Essentials,2025-02-06,Completed,65.1,86.7,221.86,3.1
EMP10766,Customer Support,Central,SQL Fundamentals,2025-12-03,Completed,75.4,100.0,312.09,4.1
EMP10767,HR,West,Communication Skills,2024-12-03,Completed,50.6,59.0,348.77,3.5
EMP10768,HR,Central,Agile & Scrum,2024-07-26,In Progress,51.7,,242.83,
EMP10769,HR,West,Leadership Essentials,2025-08-01,Dropped,49.1,,211.04,4.1
EMP10770,IT,South,Project Management,2024-01-31,Completed,81.6,100.0,239.0,4.3
EMP10771,Operations,West,Communication Skills,2024-07-11,Completed,72.7,85.4,189.16,4.3
EMP10772,Operations,Central,SQL Fundamentals,2024-08-24,Completed,47.9,63.2,222.65,3.7
EMP10773,Sales,East,Advanced Excel,2025-05-03,Completed,48.4,77.1,403.23,3.3
EMP10774,Marketing,South,Cloud Computing Basics,2025-04-30,Completed,69.6,87.5,241.17,3.6
EMP10775,Sales,West,Python for Data Analysis,2025-02-26,Completed,69.2,92.8,524.03,3.7
EMP10776,Finance,North,Leadership Essentials,2025-09-23,Completed,41.8,69.3,266.53,4.4
EMP10777,Finance,West,Cloud Computing Basics,2025-09-14,Completed,44.9,59.8,403.74,4.5
EMP10778,Marketing,West,SQL Fundamentals,2025-08-08,Completed,47.4,73.1,354.92,2.6
EMP10779,Sales,Central,Advanced Excel,2025-04-12,In Progress,54.6,,149.52,
EMP10780,Finance,Central,Agile & Scrum,2024-02-10,Completed,43.8,60.5,378.76,4.3
EMP10781,Sales,South,Communication Skills,2025-02-11,In Progress,28.1,,148.96,
EMP10782,R&D,South,Cloud Computing Basics,2025-09-19,Dropped,45.1,,148.1,3.0
EMP10783,HR,West,Customer Service Excellence,2025-05-27,Completed,49.0,66.8,366.9,5.0
EMP10784,HR,West,Cloud Computing Basics,2025-04-06,Completed,59.6,82.7,376.09,2.6
EMP10785,Finance,West,Advanced Excel,2024-11-27,Completed,57.6,83.7,369.95,5.0
EMP10786,IT,North,Advanced Excel,2025-04-05,Completed,75.7,95.4,222.27,4.3
EMP10787,Customer Support,Central,SQL Fundamentals,2025-01-22,Completed,49.9,67.3,133.97,4.3
EMP10788,Marketing,Central,Leadership Essentials,2024-05-28,Completed,64.0,82.7,468.0,3.3
EMP10789,Customer Support,East,Communication Skills,2025-04-01,Completed,70.1,87.8,211.14,4.4
EMP10790,HR,South,Python for Data Analysis,2024-09-16,Completed,64.1,91.6,319.47,5.0
EMP10791,Sales,Central,Customer Service Excellence,2024-08-10,Completed,63.0,85.8,286.87,5.0
EMP10792,Customer Support,West,Advanced Excel,2025-09-06,Completed,63.9,84.3,395.51,4.1
EMP10793,Finance,North,Leadership Essentials,2024-02-26,Completed,58.0,79.1,319.69,4.3
EMP10794,Sales,Central,SQL Fundamentals,2024-12-05,Dropped,65.8,,95.78,3.3
EMP10795,Customer Support,South,Leadership Essentials,2024-10-18,Completed,44.3,73.9,583.36,4.7
EMP10796,HR,West,SQL Fundamentals,2024-02-06,Completed,47.8,68.0,261.45,3.0
EMP10797,Marketing,West,Advanced Excel,2025-07-17,Completed,67.0,85.3,318.57,4.5
EMP10798,IT,East,Project Management,2025-02-27,Completed,58.9,71.7,315.53,4.2
EMP10799,Sales,North,SQL Fundamentals,2025-10-06,Completed,52.8,61.8,271.64,4.9
EMP10800,Operations,West,SQL Fundamentals,2024-09-22,Completed,60.6,94.8,494.84,3.4
EMP10801,HR,Central,SQL Fundamentals,2025-06-16,Completed,66.2,86.3,263.62,4.9
EMP10802,HR,Central,Data Visualization with Power BI,2024-10-24,Dropped,42.3,,92.84,2.1
EMP10803,Sales,West,Advanced Excel,2024-07-31,In Progress,42.3,,361.15,
EMP10804,Customer Support,North,Project Management,2025-07-27,In Progress,51.9,,242.63,
EMP10805,Sales,South,Communication Skills,2024-03-10,Completed,48.2,55.6,275.26,4.3
EMP10806,Marketing,North,Advanced Excel,2024-12-07,Completed,54.2,65.3,549.68,5.0
EMP10807,Sales,South,Data Visualization with Power BI,2024-12-12,Dropped,54.4,,136.15,3.6
EMP10808,Sales,South,Customer Service Excellence,2025-10-04,Completed,61.5,85.1,466.34,4.3
EMP10809,R&D,West,Python for Data Analysis,2024-11-02,Completed,63.8,88.1,437.4,2.9
EMP10810,Sales,South,SQL Fundamentals,2024-12-05,In Progress,53.5,,259.67,
EMP10811,IT,South,Communication Skills,2024-12-13,Dropped,38.3,,318.66,4.5
EMP10812,HR,Central,SQL Fundamentals,2024-07-10,Completed,62.2,84.8,227.88,4.0
EMP10813,Marketing,North,Communication Skills,2024-03-29,Completed,55.9,80.0,275.05,3.2
EMP10814,R&D,East,Data Visualization with Power BI,2024-11-05,Completed,53.1,59.8,260.18,3.5
EMP10815,Finance,North,Customer Service Excellence,2024-01-26,In Progress,77.7,,387.83,
EMP10816,HR,South,Project Management,2025-06-20,Completed,39.0,64.9,349.96,3.0
EMP10817,IT,Central,Leadership Essentials,2024-02-07,Completed,49.3,70.6,417.77,5.0
EMP10818,IT,North,Communication Skills,2025-12-04,In Progress,38.2,,165.82,
EMP10819,Marketing,West,Python for Data Analysis,2025-06-17,Completed,67.5,77.3,467.93,2.1
EMP10820,Sales,Central,Communication Skills,2024-08-02,Completed,61.6,93.2,230.31,3.8
EMP10821,Operations,Central,Project Management,2025-11-18,Completed,68.8,75.8,266.43,3.8
EMP10822,Operations,North,Python for Data Analysis,2025-07-27,Completed,60.4,78.3,105.7,4.1
EMP10823,Marketing,Central,Project Management,2024-05-24,Dropped,44.4,,106.71,3.0
EMP10824,Finance,South,Advanced Excel,2025-09-19,In Progress,55.7,,382.34,
EMP10825,R&D,North,Leadership Essentials,2025-04-27,Dropped,48.5,,75.49,2.7
EMP10826,Customer Support,North,Advanced Excel,2025-02-05,Completed,52.5,79.4,354.81,4.2
EMP10827,R&D,Central,Project Management,2024-12-06,In Progress,57.7,,500.73,
EMP10828,IT,West,SQL Fundamentals,2024-04-05,In Progress,30.4,,522.95,
EMP10829,R&D,North,Customer Service Excellence,2025-12-01,Completed,51.0,76.4,247.7,4.9
EMP10830,Finance,South,Leadership Essentials,2024-09-21,Dropped,43.8,,138.65,2.4
EMP10831,Marketing,East,Customer Service Excellence,2024-01-31,Completed,75.8,90.9,237.26,3.7
EMP10832,R&D,West,Leadership Essentials,2024-12-22,Completed,40.6,59.4,235.03,4.3
EMP10833,IT,West,Advanced Excel,2025-07-23,Completed,53.9,71.7,304.3,3.0
EMP10834,R&D,West,SQL Fundamentals,2024-09-01,Completed,76.1,98.2,431.56,4.3
EMP10835,R&D,West,Advanced Excel,2024-08-01,In Progress,39.8,,445.13,
EMP10836,Customer Support,West,SQL Fundamentals,2025-07-11,Completed,57.4,92.5,364.08,3.6
EMP10837,IT,Central,Customer Service Excellence,2025-08-29,Completed,64.3,90.7,270.09,4.3
EMP10838,IT,West,Leadership Essentials,2025-02-19,Completed,69.4,92.5,157.97,2.7
EMP10839,Customer Support,East,Customer Service Excellence,2025-11-07,Completed,52.8,77.3,328.14,4.1
EMP10840,Sales,South,Leadership Essentials,2025-06-28,Completed,31.6,54.7,435.58,2.8
EMP10841,R&D,South,Data Visualization with Power BI,2024-11-20,Completed,53.9,79.3,571.77,3.5
EMP10842,Customer Support,East,Advanced Excel,2024-01-09,Completed,67.5,94.2,424.79,4.0
EMP10843,HR,East,Python for Data Analysis,2025-07-16,Dropped,43.8,,179.98,3.3
EMP10844,Marketing,North,Communication Skills,2024-08-28,Completed,67.8,84.0,312.41,4.4
EMP10845,Marketing,West,Cloud Computing Basics,2025-03-21,Completed,61.9,87.5,425.29,2.8
EMP10846,R&D,South,Data Visualization with Power BI,2025-01-28,In Progress,51.6,,239.96,
EMP10847,Customer Support,South,Communication Skills,2024-05-08,Completed,40.5,65.6,213.34,4.3
EMP10848,Sales,South,Customer Service Excellence,2025-03-23,Dropped,43.2,,196.22,3.4
EMP10849,HR,West,Customer Service Excellence,2025-09-10,Dropped,46.7,,221.65,2.1
EMP10850,R&D,Central,Cloud Computing Basics,2025-04-05,Completed,50.7,71.6,140.44,4.6
EMP10851,Customer Support,Central,Python for Data Analysis,2025-05-25,In Progress,70.8,,228.63,
EMP10852,Operations,West,Agile & Scrum,2025-01-10,Completed,50.1,71.4,121.13,4.1
EMP10853,R&D,East,Advanced Excel,2025-05-08,Dropped,72.4,,131.72,2.6
EMP10854,Operations,West,Agile & Scrum,2025-06-19,In Progress,66.4,,143.94,
EMP10855,Finance,West,Advanced Excel,2025-10-10,Completed,60.7,80.6,262.37,4.7
EMP10856,Sales,East,Agile & Scrum,2025-04-25,Completed,53.8,71.0,358.2,4.4
EMP10857,Marketing,West,Project Management,2024-10-23,Completed,46.5,62.8,441.2,4.0
EMP10858,Operations,Central,Communication Skills,2025-10-06,Completed,65.1,84.1,232.51,2.1
EMP10859,Sales,East,SQL Fundamentals,2024-10-20,Completed,42.5,51.4,261.56,3.2
EMP10860,IT,East,Communication Skills,2025-09-22,Completed,70.9,95.4,312.35,3.7
EMP10861,IT,Central,Leadership Essentials,2024-06-03,Completed,49.5,65.9,179.89,3.3
EMP10862,Operations,South,Customer Service Excellence,2025-06-24,In Progress,50.3,,262.9,
EMP10863,IT,South,SQL Fundamentals,2025-05-22,Completed,53.8,72.5,366.49,3.4
EMP10864,Finance,West,Leadership Essentials,2025-08-14,Completed,39.2,67.4,239.85,3.4
EMP10865,Operations,North,Python for Data Analysis,2025-04-20,Completed,37.4,55.4,315.94,4.8
EMP10866,Finance,West,Cloud Computing Basics,2024-09-25,Completed,66.7,92.9,310.15,3.3
EMP10867,Operations,West,Cloud Computing Basics,2024-11-19,Dropped,42.9,,210.13,3.7
EMP10868,IT,Central,Project Management,2025-09-17,Dropped,64.6,,219.18,3.3
EMP10869,Operations,East,Advanced Excel,2025-11-01,Completed,50.1,77.8,292.94,5.0
EMP10870,Finance,Central,Data Visualization with Power BI,2024-12-11,Completed,36.6,43.6,142.01,4.6
EMP10871,Sales,North,Advanced Excel,2025-02-25,Completed,50.5,76.0,250.53,4.2
EMP10872,R&D,East,Data Visualization with Power BI,2024-10-17,Completed,57.7,89.9,184.38,3.4
EMP10873,IT,North,SQL Fundamentals,2024-08-10,Dropped,43.0,,294.02,3.3
EMP10874,IT,North,SQL Fundamentals,2025-01-19,Completed,60.4,91.9,595.03,3.3
EMP10875,HR,North,Leadership Essentials,2024-10-28,Completed,73.3,100.0,125.6,5.0
EMP10876,R&D,East,Cloud Computing Basics,2025-11-14,Completed,48.7,64.8,221.99,4.6
EMP10877,HR,North,Communication Skills,2025-01-26,Completed,64.1,97.1,242.03,4.6
EMP10878,Operations,South,Customer Service Excellence,2025-05-18,Dropped,40.2,,179.98,1.9
EMP10879,Customer Support,South,Customer Service Excellence,2024-05-27,Completed,64.4,86.1,208.45,3.8
EMP10880,IT,West,Communication Skills,2024-02-05,Completed,42.1,79.4,401.37,3.2
EMP10881,Operations,West,Python for Data Analysis,2024-06-01,Completed,67.1,79.1,281.27,4.2
EMP10882,Customer Support,East,Leadership Essentials,2024-12-03,Dropped,53.2,,135.26,4.9
EMP10883,R&D,West,Cloud Computing Basics,2024-03-12,Completed,67.7,88.3,251.48,4.6
EMP10884,R&D,North,SQL Fundamentals,2025-01-02,Completed,46.2,70.0,321.19,2.8
EMP10885,Sales,North,Project Management,2024-12-14,Completed,58.6,85.7,352.06,4.8
EMP10886,Finance,South,Agile & Scrum,2025-01-28,Completed,56.8,71.8,356.2,3.6
EMP10887,Customer Support,North,Project Management,2024-03-27,In Progress,72.2,,288.09,
EMP10888,Finance,South,Python for Data Analysis,2024-01-26,Completed,55.6,70.4,429.93,4.9
EMP10889,R&D,West,Advanced Excel,2025-10-20,Completed,78.3,93.3,403.89,3.8
EMP10890,Sales,North,Project Management,2024-12-11,In Progress,62.8,,184.22,
EMP10891,Customer Support,North,Data Visualization with Power BI,2025-11-14,Completed,44.5,73.6,440.02,4.6
EMP10892,HR,Central,Data Visualization with Power BI,2024-02-07,Completed,71.3,100.0,334.78,4.2
EMP10893,Sales,West,SQL Fundamentals,2024-09-05,Completed,61.6,76.7,125.86,4.1
EMP10894,HR,North,Communication Skills,2025-04-12,Completed,65.5,75.0,370.19,5.0
EMP10895,IT,North,Customer Service Excellence,2025-09-22,Completed,52.5,69.5,340.11,3.9
EMP10896,Marketing,West,Project Management,2025-12-01,Completed,25.1,57.3,182.58,4.3
EMP10897,Finance,North,SQL Fundamentals,2024-12-09,Completed,42.1,77.5,215.8,3.4
EMP10898,Customer Support,South,Project Management,2024-06-17,Completed,68.6,93.3,403.0,3.4
EMP10899,HR,North,SQL Fundamentals,2024-06-10,Completed,42.7,73.5,361.92,4.8
EMP10900,Sales,North,Leadership Essentials,2025-12-24,Completed,59.3,95.4,214.09,4.1
EMP10901,R&D,South,Data Visualization with Power BI,2025-10-17,Completed,60.4,99.1,308.31,3.4
EMP10902,Finance,South,SQL Fundamentals,2024-02-08,Completed,60.0,81.6,562.31,3.4
EMP10903,IT,East,Project Management,2024-01-05,Completed,82.8,100.0,162.06,3.5
EMP10904,IT,Central,Project Management,2025-06-03,Completed,58.1,88.9,494.86,4.4
EMP10905,Finance,East,Python for Data Analysis,2024-04-25,In Progress,47.9,,410.39,
EMP10906,R&D,West,Leadership Essentials,2025-11-17,Dropped,63.9,,52.17,3.3
EMP10907,Marketing,East,Data Visualization with Power BI,2024-09-14,Completed,74.1,100.0,249.47,5.0
EMP10908,IT,North,Agile & Scrum,2024-06-10,In Progress,38.6,,292.55,
EMP10909,IT,North,Data Visualization with Power BI,2025-03-31,Completed,61.0,97.4,270.44,4.6
EMP10910,Finance,East,Data Visualization with Power BI,2024-11-29,Completed,42.7,74.5,352.71,3.4
EMP10911,Customer Support,South,Cloud Computing Basics,2024-03-16,Completed,51.6,86.3,321.78,4.6
EMP10912,Customer Support,South,Data Visualization with Power BI,2025-04-10,Completed,48.8,68.1,289.63,4.4
EMP10913,R&D,South,Project Management,2024-07-26,Completed,47.9,68.6,97.28,4.2
EMP10914,Sales,East,Leadership Essentials,2025-04-21,Completed,60.5,74.7,153.76,3.3
EMP10915,Finance,East,SQL Fundamentals,2025-10-15,Dropped,29.7,,101.64,1.5
EMP10916,Finance,North,Cloud Computing Basics,2025-05-15,In Progress,78.4,,198.71,
EMP10917,R&D,West,Communication Skills,2025-03-14,Completed,57.1,82.3,250.35,4.2
EMP10918,Marketing,West,SQL Fundamentals,2025-08-28,Dropped,37.5,,274.29,3.8
EMP10919,Customer Support,North,Python for Data Analysis,2025-05-31,Completed,34.8,48.6,332.13,3.9
EMP10920,R&D,North,Customer Service Excellence,2024-09-03,Completed,61.1,77.3,296.43,5.0
EMP10921,Customer Support,South,Leadership Essentials,2024-10-29,Completed,57.6,87.8,191.16,4.9
EMP10922,R&D,East,Leadership Essentials,2025-04-15,In Progress,45.2,,468.91,
EMP10923,Sales,West,Customer Service Excellence,2025-12-21,Completed,65.3,88.4,236.83,3.0
EMP10924,R&D,North,Advanced Excel,2025-12-08,Completed,54.1,75.5,141.84,5.0
EMP10925,Customer Support,East,SQL Fundamentals,2025-08-12,In Progress,61.1,,539.46,
EMP10926,IT,Central,Project Management,2024-02-26,Completed,82.3,100.0,529.19,4.4
EMP10927,Sales,North,Cloud Computing Basics,2025-04-21,Completed,57.3,78.5,133.07,4.4
EMP10928,HR,Central,Advanced Excel,2025-12-27,Completed,63.2,86.2,377.81,3.9
EMP10929,Finance,Central,Advanced Excel,2025-05-04,Completed,46.9,65.7,340.08,5.0
EMP10930,Finance,South,Project Management,2024-09-30,Completed,48.4,69.2,342.47,4.7
EMP10931,Sales,North,Project Management,2025-04-08,Completed,39.5,57.2,385.37,3.7
EMP10932,R&D,Central,Agile & Scrum,2025-04-07,Completed,60.1,85.4,558.84,2.9
EMP10933,IT,South,Customer Service Excellence,2024-03-23,Completed,58.0,91.1,321.08,4.4
EMP10934,IT,North,Leadership Essentials,2024-04-24,Completed,60.6,93.4,324.13,4.5
EMP10935,Finance,Central,Python for Data Analysis,2025-03-02,Dropped,82.5,,224.95,3.3
EMP10936,R&D,East,Cloud Computing Basics,2025-10-22,Completed,39.7,51.4,263.73,4.3
EMP10937,Sales,South,Agile & Scrum,2024-12-09,Completed,47.6,70.7,326.72,5.0
EMP10938,Marketing,West,SQL Fundamentals,2025-12-14,Completed,41.3,62.4,366.74,3.5
EMP10939,R&D,East,SQL Fundamentals,2024-11-09,Completed,50.0,68.2,277.34,3.2
EMP10940,R&D,East,Communication Skills,2024-05-31,Completed,48.3,46.9,395.33,5.0
EMP10941,HR,Central,Communication Skills,2024-06-28,In Progress,50.5,,465.94,
EMP10942,HR,South,Data Visualization with Power BI,2024-02-12,Dropped,37.8,,277.89,4.0
EMP10943,R&D,East,Project Management,2024-07-29,Completed,56.9,87.1,144.8,4.2
EMP10944,Marketing,East,Leadership Essentials,2025-04-04,Completed,50.1,73.2,241.88,3.8
EMP10945,Operations,North,Python for Data Analysis,2025-05-26,Completed,53.9,75.3,266.36,4.1
EMP10946,HR,North,Agile & Scrum,2024-12-05,Completed,46.4,58.1,158.66,4.8
EMP10947,Operations,Central,Leadership Essentials,2025-03-28,Completed,68.8,100.0,68.81,3.9
EMP10948,R&D,North,Leadership Essentials,2025-07-18,Completed,50.7,72.2,194.09,3.4
EMP10949,Finance,West,Project Management,2024-11-30,Completed,73.4,100.0,399.14,3.5
EMP10950,Finance,East,Data Visualization with Power BI,2024-03-26,Completed,51.1,71.4,297.88,4.4
EMP10951,IT,Central,Cloud Computing Basics,2025-05-17,Completed,61.1,98.6,387.11,4.7
EMP10952,Sales,East,Cloud Computing Basics,2025-03-13,Completed,52.8,71.9,247.36,4.9
EMP10953,Operations,East,Project Management,2025-04-01,In Progress,55.5,,197.56,
EMP10954,Finance,West,Cloud Computing Basics,2024-10-22,Completed,49.0,60.0,491.34,4.3
EMP10955,Customer Support,South,SQL Fundamentals,2024-03-29,Completed,61.0,78.7,232.39,5.0
EMP10956,Marketing,North,SQL Fundamentals,2024-03-31,Completed,75.5,83.5,523.53,4.4
EMP10957,Customer Support,South,Agile & Scrum,2025-12-28,Completed,45.5,70.9,121.99,5.0
EMP10958,HR,West,Communication Skills,2025-05-17,Completed,61.0,63.1,382.75,3.4
EMP10959,Operations,West,Agile & Scrum,2025-04-19,Completed,48.0,60.6,349.07,4.0
EMP10960,Operations,East,Customer Service Excellence,2025-10-31,Completed,33.0,46.6,396.46,5.0
EMP10961,HR,West,Data Visualization with Power BI,2024-05-02,Completed,53.8,65.9,425.67,5.0
EMP10962,Marketing,Central,Customer Service Excellence,2025-03-22,In Progress,63.1,,424.38,
EMP10963,R&D,North,Project Management,2025-08-12,Completed,54.4,75.1,372.06,4.3
EMP10964,Sales,South,Project Management,2025-12-10,Completed,65.6,79.0,273.79,5.0
EMP10965,Operations,East,Cloud Computing Basics,2024-12-30,Completed,63.2,96.9,282.85,3.3
EMP10966,IT,Central,Data Visualization with Power BI,2024-07-06,Completed,48.6,58.1,540.69,4.3
EMP10967,Marketing,East,Communication Skills,2025-12-02,Completed,32.9,54.6,292.38,4.5
EMP10968,Marketing,South,Python for Data Analysis,2025-06-14,Completed,53.6,65.2,284.59,4.3
EMP10969,Marketing,South,Advanced Excel,2024-06-07,Completed,28.7,60.3,258.1,4.8
EMP10970,IT,West,Customer Service Excellence,2024-04-29,In Progress,57.7,,248.72,
EMP10971,R&D,East,Communication Skills,2025-01-06,Completed,57.7,86.9,408.72,3.9
EMP10972,Marketing,South,Communication Skills,2024-05-01,Completed,58.8,82.4,512.22,3.2
EMP10973,Finance,East,Leadership Essentials,2024-05-13,Dropped,42.2,,137.38,2.1
EMP10974,IT,North,Customer Service Excellence,2024-02-13,Completed,42.2,81.2,340.22,5.0
EMP10975,Sales,West,Advanced Excel,2024-02-14,Completed,40.3,62.9,453.26,3.2
EMP10976,IT,North,SQL Fundamentals,2025-08-24,Dropped,41.1,,114.15,3.6
EMP10977,Sales,North,Leadership Essentials,2024-10-11,Dropped,66.9,,238.15,3.1
EMP10978,HR,Central,SQL Fundamentals,2025-06-01,Completed,37.2,69.3,166.6,4.9
EMP10979,Sales,Central,Data Visualization with Power BI,2024-07-15,Dropped,66.1,,120.9,2.9
EMP10980,Sales,North,Data Visualization with Power BI,2025-12-25,Completed,45.1,61.3,495.04,5.0
EMP10981,HR,West,Advanced Excel,2024-12-29,Dropped,63.2,,138.81,2.0
EMP10982,Finance,West,Advanced Excel,2024-05-06,Completed,68.0,79.2,392.04,3.8
EMP10983,R&D,East,Communication Skills,2024-02-11,Completed,56.3,76.9,371.57,4.4
EMP10984,Customer Support,East,Customer Service Excellence,2024-11-15,Completed,63.8,77.9,401.69,3.9
EMP10985,Customer Support,East,Cloud Computing Basics,2024-03-12,In Progress,65.7,,231.36,
EMP10986,Marketing,South,Python for Data Analysis,2025-05-18,Completed,59.2,65.4,443.87,4.1
EMP10987,IT,North,Leadership Essentials,2025-02-14,Completed,43.6,58.9,132.43,4.6
EMP10988,HR,North,Project Management,2024-12-12,Completed,47.4,74.2,315.84,3.7
EMP10989,Finance,West,Customer Service Excellence,2025-12-31,Completed,63.9,89.3,369.65,4.3
EMP10990,Customer Support,East,Customer Service Excellence,2025-09-09,Dropped,57.8,,188.31,2.5
EMP10991,Operations,South,Customer Service Excellence,2024-05-05,Completed,49.0,69.5,327.9,3.4
EMP10992,HR,North,Advanced Excel,2024-02-24,In Progress,45.3,,244.3,
EMP10993,Sales,South,Cloud Computing Basics,2025-11-26,Completed,58.1,81.8,259.13,4.6
EMP10994,IT,North,Agile & Scrum,2025-04-22,Completed,59.9,86.3,445.46,4.4
EMP10995,R&D,Central,Communication Skills,2024-12-17,In Progress,56.8,,378.21,
EMP10996,Sales,North,Cloud Computing Basics,2025-01-27,Completed,55.1,60.4,462.75,4.2
EMP10997,R&D,North,Python for Data Analysis,2025-07-24,Completed,50.7,66.9,303.74,4.4
EMP10998,HR,West,Cloud Computing Basics,2024-11-15,Completed,69.3,81.2,365.43,4.6
EMP10999,R&D,Central,Agile & Scrum,2025-04-26,Completed,53.3,78.0,307.34,4.8
EMP11000,Sales,West,Communication Skills,2025-08-28,Dropped,38.1,,199.41,3.3
EMP11001,Marketing,East,Project Management,2024-01-29,Completed,55.9,78.5,326.5,4.0
EMP11002,Marketing,Central,Python for Data Analysis,2024-12-15,Completed,54.0,67.0,340.72,3.8
EMP11003,Marketing,West,Project Management,2025-11-08,Completed,69.8,96.6,404.11,3.5
EMP11004,Operations,Central,Advanced Excel,2024-03-08,In Progress,58.2,,258.77,
EMP11005,Marketing,South,Python for Data Analysis,2024-11-29,Completed,53.2,79.5,568.09,4.7
EMP11006,Customer Support,East,Python for Data Analysis,2025-04-25,Completed,67.7,96.7,250.7,3.9
EMP11007,Customer Support,East,SQL Fundamentals,2025-05-15,Completed,59.0,88.5,558.91,3.9
EMP11008,Marketing,West,Agile & Scrum,2024-12-13,Completed,72.4,87.1,276.58,3.5
EMP11009,Customer Support,South,Customer Service Excellence,2024-03-18,In Progress,58.7,,333.77,
EMP11010,Finance,East,Communication Skills,2024-10-31,Dropped,70.6,,171.58,2.9
EMP11011,IT,Central,Advanced Excel,2024-12-10,Completed,37.8,49.3,262.04,4.3
EMP11012,R&D,West,Data Visualization with Power BI,2024-03-19,Completed,67.2,87.9,423.47,5.0
EMP11013,Operations,West,Agile & Scrum,2024-07-23,Completed,52.8,73.9,387.19,4.8
EMP11014,R&D,Central,Leadership Essentials,2025-10-04,Completed,35.3,43.0,289.96,3.7
EMP11015,R&D,South,Customer Service Excellence,2025-10-15,Completed,61.0,91.6,251.03,3.3
EMP11016,Sales,Central,Data Visualization with Power BI,2025-04-18,Completed,65.3,80.7,263.7,2.7
EMP11017,Operations,West,Cloud Computing Basics,2024-03-06,Completed,64.5,85.5,320.44,3.8
EMP11018,Operations,South,Communication Skills,2025-09-07,Completed,50.6,61.8,286.28,3.6
EMP11019,HR,South,Python for Data Analysis,2024-11-13,Completed,58.9,82.2,379.11,3.4
EMP11020,Customer Support,North,Data Visualization with Power BI,2024-10-06,Completed,28.9,52.3,196.55,5.0
EMP11021,HR,North,Customer Service Excellence,2024-02-26,In Progress,48.0,,211.46,
EMP11022,Marketing,Central,Communication Skills,2025-02-20,In Progress,70.0,,442.59,
EMP11023,IT,West,Leadership Essentials,2024-04-24,Completed,46.7,52.9,512.52,4.2
EMP11024,Operations,West,Advanced Excel,2025-09-06,Completed,58.3,80.1,284.33,4.3
EMP11025,Customer Support,South,Cloud Computing Basics,2024-05-27,Completed,45.2,73.8,256.06,4.3
EMP11026,R&D,West,Communication Skills,2024-02-27,Completed,43.3,75.7,251.82,4.6
EMP11027,IT,East,Agile & Scrum,2025-05-01,Completed,67.0,85.0,239.42,3.6
EMP11028,Marketing,West,Project Management,2024-01-22,Completed,33.7,59.5,316.29,2.8
EMP11029,Sales,South,Communication Skills,2025-01-28,Completed,30.1,51.4,475.4,4.0
EMP11030,IT,Central,Data Visualization with Power BI,2025-02-01,Completed,42.5,55.1,296.97,4.4
EMP11031,Operations,North,Data Visualization with Power BI,2024-08-03,In Progress,58.8,,180.74,
EMP11032,R&D,East,Cloud Computing Basics,2024-10-07,In Progress,57.2,,365.16,
EMP11033,R&D,West,Project Management,2025-03-08,In Progress,62.0,,174.38,
EMP11034,HR,East,Agile & Scrum,2024-12-26,Completed,58.1,78.2,475.46,4.1
EMP11035,Marketing,West,Python for Data Analysis,2025-10-18,Completed,53.0,76.7,434.05,3.4
EMP11036,HR,North,Cloud Computing Basics,2025-10-05,Completed,38.3,47.5,399.57,3.2
EMP11037,IT,South,Data Visualization with Power BI,2025-12-31,Dropped,41.4,,259.39,3.0
EMP11038,Customer Support,East,Customer Service Excellence,2024-05-16,Completed,31.4,58.6,435.37,4.7
EMP11039,Marketing,East,Data Visualization with Power BI,2025-02-28,Completed,60.0,75.1,254.13,4.2
EMP11040,Finance,North,Python for Data Analysis,2025-10-24,Completed,33.5,52.4,231.14,4.0
EMP11041,R&D,South,Communication Skills,2024-06-21,Completed,40.8,59.6,387.31,4.3
EMP11042,Operations,South,Advanced Excel,2024-06-23,Dropped,55.4,,160.87,2.1
EMP11043,Customer Support,West,Customer Service Excellence,2024-08-17,Completed,40.9,66.8,283.85,4.9
EMP11044,Operations,West,Cloud Computing Basics,2025-03-17,In Progress,52.6,,333.59,
EMP11045,Finance,East,Data Visualization with Power BI,2024-07-03,Completed,67.4,78.0,231.15,3.4
EMP11046,Operations,East,Data Visualization with Power BI,2025-04-06,Dropped,69.1,,107.28,2.9
EMP11047,R&D,North,Python for Data Analysis,2024-05-16,In Progress,51.3,,434.28,
EMP11048,Customer Support,South,Cloud Computing Basics,2025-03-09,Completed,46.5,76.3,381.53,3.1
EMP11049,IT,Central,Python for Data Analysis,2024-12-06,Dropped,63.8,,151.48,3.5
EMP11050,Sales,North,Communication Skills,2025-09-26,Completed,53.2,63.7,359.62,3.7
EMP11051,Marketing,South,Agile & Scrum,2025-08-17,Completed,70.6,83.7,245.92,3.8
EMP11052,R&D,East,Customer Service Excellence,2024-04-01,Completed,38.3,65.0,378.28,3.6
EMP11053,HR,East,Advanced Excel,2024-02-15,Dropped,47.1,,169.72,2.0
EMP11054,Marketing,West,Communication Skills,2025-09-19,In Progress,52.4,,236.41,
EMP11055,Marketing,West,Leadership Essentials,2025-05-18,Completed,46.3,70.9,263.39,5.0
EMP11056,R&D,North,Data Visualization with Power BI,2024-02-25,Completed,67.0,77.9,159.16,4.2
EMP11057,Operations,South,Customer Service Excellence,2024-04-28,Dropped,33.8,,217.68,2.0
EMP11058,R&D,East,Agile & Scrum,2025-04-13,Completed,66.4,90.3,483.22,3.0
EMP11059,IT,East,Advanced Excel,2024-10-17,Completed,58.6,82.0,201.58,2.8
EMP11060,Operations,Central,SQL Fundamentals,2025-08-20,Dropped,52.2,,26.15,3.0
EMP11061,HR,West,Advanced Excel,2025-05-25,Completed,53.1,76.2,326.57,4.7
EMP11062,Operations,North,Cloud Computing Basics,2025-08-27,Dropped,60.6,,37.68,2.0
EMP11063,HR,North,Advanced Excel,2025-12-25,Completed,50.3,80.3,372.63,5.0
EMP11064,Operations,Central,Python for Data Analysis,2024-02-14,Completed,60.2,85.2,322.2,3.7
EMP11065,HR,South,Python for Data Analysis,2024-10-16,Completed,75.0,89.5,205.68,5.0
EMP11066,IT,Central,SQL Fundamentals,2024-04-04,Completed,70.9,81.6,210.79,4.5
EMP11067,Customer Support,North,Python for Data Analysis,2024-06-15,Completed,38.0,61.7,279.3,4.8
EMP11068,HR,North,Communication Skills,2025-03-18,Completed,37.0,58.3,317.9,4.0
EMP11069,HR,East,Advanced Excel,2025-06-08,Completed,66.4,87.9,343.45,5.0
EMP11070,R&D,East,SQL Fundamentals,2025-03-09,Completed,50.8,59.9,309.82,3.9
EMP11071,HR,West,Cloud Computing Basics,2024-02-11,Completed,66.5,92.2,340.34,3.3
EMP11072,Finance,South,Customer Service Excellence,2025-10-06,Completed,63.1,97.3,270.65,4.7
EMP11073,R&D,West,Advanced Excel,2024-11-03,Completed,55.7,80.8,175.03,5.0
EMP11074,Operations,South,Agile & Scrum,2024-10-29,Completed,50.8,66.6,463.81,4.4
EMP11075,Sales,Central,Advanced Excel,2025-03-11,Completed,47.8,50.7,384.81,3.8
EMP11076,Operations,East,Communication Skills,2024-03-24,Completed,61.5,86.9,148.26,3.9
EMP11077,R&D,South,Leadership Essentials,2024-02-16,Completed,61.2,76.5,529.23,5.0
EMP11078,Marketing,Central,Customer Service Excellence,2025-04-05,Completed,48.0,65.1,270.63,4.0
EMP11079,HR,South,Leadership Essentials,2025-09-10,Completed,68.4,91.9,608.43,3.6
EMP11080,Customer Support,Central,Python for Data Analysis,2025-02-08,Completed,55.6,83.8,276.79,3.7
EMP11081,R&D,West,Cloud Computing Basics,2025-09-08,Completed,58.7,65.6,362.44,5.0
EMP11082,Marketing,West,Communication Skills,2024-05-08,Completed,50.2,63.4,260.2,4.3
EMP11083,Sales,South,Python for Data Analysis,2025-05-07,Completed,59.3,82.8,581.84,4.5
EMP11084,Customer Support,Central,Data Visualization with Power BI,2024-11-04,Completed,61.8,75.4,353.44,5.0
EMP11085,Customer Support,North,Advanced Excel,2024-06-05,Completed,92.8,100.0,205.07,4.3
EMP11086,R&D,North,Customer Service Excellence,2024-09-05,Completed,61.6,79.2,343.52,5.0
EMP11087,Sales,East,Python for Data Analysis,2025-10-07,In Progress,34.7,,276.44,
EMP11088,Customer Support,West,SQL Fundamentals,2025-07-21,Dropped,27.3,,31.4,3.2
EMP11089,Customer Support,West,Agile & Scrum,2025-09-18,Dropped,53.4,,157.19,1.0
EMP11090,Sales,Central,Python for Data Analysis,2025-08-13,Completed,74.7,99.6,223.13,3.5
EMP11091,Customer Support,West,Advanced Excel,2025-09-29,Dropped,53.2,,91.33,3.0
EMP11092,Customer Support,North,Leadership Essentials,2024-07-15,Completed,62.1,62.5,300.7,3.7
EMP11093,Finance,Central,Project Management,2025-11-03,Completed,62.6,84.8,225.9,3.1
EMP11094,Customer Support,West,Project Management,2024-06-14,Completed,57.4,78.8,256.15,3.7
EMP11095,IT,West,Leadership Essentials,2024-07-23,Completed,63.4,81.3,460.2,4.0
EMP11096,Customer Support,West,Communication Skills,2024-08-02,Completed,37.9,45.1,184.28,4.6
EMP11097,Operations,East,Leadership Essentials,2025-05-30,Completed,51.2,67.0,320.91,3.9
EMP11098,Customer Support,North,SQL Fundamentals,2024-05-03,Completed,64.6,93.5,260.93,3.1
EMP11099,Marketing,East,Python for Data Analysis,2024-09-30,In Progress,20.9,,424.53,
EMP11100,IT,North,Customer Service Excellence,2024-04-23,Dropped,65.4,,193.14,3.0
EMP11101,IT,Central,Python for Data Analysis,2024-04-17,Completed,54.7,71.2,270.95,4.2
EMP11102,Marketing,South,Communication Skills,2025-03-28,Completed,35.6,60.0,305.09,4.8
EMP11103,IT,South,Project Management,2024-05-21,Completed,63.4,100.0,278.6,4.0
EMP11104,Customer Support,North,Data Visualization with Power BI,2024-12-15,Completed,46.1,69.6,266.69,4.4
EMP11105,Operations,East,Cloud Computing Basics,2025-10-06,Completed,42.8,66.5,281.92,5.0
EMP11106,Customer Support,South,Leadership Essentials,2025-02-27,Dropped,65.5,,200.0,2.4
EMP11107,Marketing,North,Customer Service Excellence,2024-01-11,Completed,58.4,72.8,330.5,4.3
EMP11108,IT,East,Project Management,2024-06-17,Completed,47.4,70.9,258.65,4.3
EMP11109,HR,Central,Python for Data Analysis,2025-12-31,In Progress,67.6,,388.6,
EMP11110,Operations,West,Cloud Computing Basics,2025-12-18,Completed,46.5,56.2,258.24,4.0
EMP11111,Marketing,East,Python for Data Analysis,2025-06-24,Completed,56.4,75.5,231.7,2.7
EMP11112,Customer Support,West,Data Visualization with Power BI,2025-10-01,In Progress,51.3,,496.68,
EMP11113,R&D,East,Cloud Computing Basics,2024-11-04,Completed,46.6,82.0,468.67,2.8
EMP11114,Customer Support,South,Agile & Scrum,2024-10-17,Completed,52.3,81.2,458.37,4.2
EMP11115,Operations,Central,Project Management,2024-06-12,Completed,50.4,63.6,383.19,5.0
EMP11116,Operations,South,Communication Skills,2025-03-08,Dropped,55.9,,72.72,3.6
EMP11117,Sales,East,Communication Skills,2025-06-03,Completed,62.1,79.4,229.34,4.0
EMP11118,IT,West,Communication Skills,2024-01-06,Completed,37.0,52.8,308.17,5.0
EMP11119,Finance,East,Communication Skills,2025-11-13,In Progress,54.2,,477.16,
EMP11120,HR,West,Agile & Scrum,2024-09-10,Completed,51.5,84.4,403.91,4.0
EMP11121,Finance,East,Customer Service Excellence,2024-05-30,Completed,68.8,84.6,238.17,5.0
EMP11122,IT,North,Cloud Computing Basics,2025-05-02,Completed,74.6,93.6,111.6,3.9
EMP11123,Customer Support,Central,Agile & Scrum,2025-02-08,In Progress,49.5,,308.01,
EMP11124,R&D,West,Customer Service Excellence,2025-05-16,Completed,47.7,68.6,342.46,4.8
EMP11125,HR,Central,Leadership Essentials,2025-12-29,Completed,58.7,71.9,602.92,3.5
EMP11126,IT,South,Customer Service Excellence,2024-02-03,Completed,46.2,81.4,390.14,3.9
EMP11127,IT,Central,Cloud Computing Basics,2024-05-03,Completed,67.8,100.0,261.71,4.0
EMP11128,HR,North,Project Management,2025-01-18,Completed,54.3,79.0,330.25,4.7
EMP11129,HR,South,SQL Fundamentals,2024-02-19,Dropped,61.0,,161.25,3.9
EMP11130,Finance,South,Customer Service Excellence,2024-05-05,Completed,58.7,68.5,248.3,2.3
EMP11131,Customer Support,West,SQL Fundamentals,2025-08-02,Completed,53.9,71.8,281.38,4.3
EMP11132,R&D,Central,Leadership Essentials,2025-05-31,Completed,68.5,91.2,389.41,3.6
EMP11133,R&D,South,Project Management,2025-10-01,Completed,52.4,78.6,291.01,3.8
EMP11134,Finance,West,Project Management,2024-02-16,Dropped,54.1,,189.19,2.6
EMP11135,IT,South,Python for Data Analysis,2025-10-07,In Progress,51.8,,373.18,
EMP11136,Operations,Central,Advanced Excel,2025-07-26,Completed,49.8,78.2,375.22,3.9
EMP11137,Sales,Central,Agile & Scrum,2025-05-02,Completed,66.8,83.1,215.36,3.0
EMP11138,HR,North,Communication Skills,2024-09-08,In Progress,49.2,,311.69,
EMP11139,R&D,North,Agile & Scrum,2024-11-24,Completed,52.9,78.8,243.42,4.1
EMP11140,Sales,East,Cloud Computing Basics,2025-02-28,Completed,76.8,96.1,359.45,4.3
EMP11141,Customer Support,East,Advanced Excel,2024-04-11,Completed,44.8,62.1,306.57,3.8
EMP11142,HR,East,Advanced Excel,2024-11-10,Dropped,83.5,,241.33,2.0
EMP11143,Sales,Central,Project Management,2024-01-28,Completed,54.2,79.4,362.05,4.3
EMP11144,IT,East,Leadership Essentials,2024-11-27,Completed,25.9,28.8,290.84,3.8
EMP11145,Finance,South,SQL Fundamentals,2024-08-30,Completed,36.2,34.1,404.62,4.5
EMP11146,IT,East,Python for Data Analysis,2025-04-20,Completed,41.9,56.0,231.63,3.4
EMP11147,Sales,West,Data Visualization with Power BI,2024-10-02,Completed,47.5,73.5,338.59,2.1
EMP11148,IT,South,Agile & Scrum,2024-05-08,Completed,41.5,61.4,377.87,3.7
EMP11149,IT,Central,Data Visualization with Power BI,2025-01-17,Completed,32.7,55.1,366.4,4.5
EMP11150,Customer Support,Central,Customer Service Excellence,2024-01-02,In Progress,49.2,,376.22,
EMP11151,Operations,South,Python for Data Analysis,2025-05-08,Completed,33.4,36.3,284.67,4.7
EMP11152,Customer Support,East,Data Visualization with Power BI,2025-06-06,Completed,69.1,80.1,367.13,4.5
EMP11153,IT,East,Advanced Excel,2025-12-16,Completed,60.0,84.2,160.75,4.1
EMP11154,Operations,West,Data Visualization with Power BI,2025-05-31,Dropped,70.6,,166.18,2.1
EMP11155,Marketing,East,Customer Service Excellence,2024-09-08,Completed,36.2,48.8,264.16,5.0
EMP11156,Finance,West,SQL Fundamentals,2024-01-17,Dropped,71.9,,56.32,2.5
EMP11157,R&D,North,Python for Data Analysis,2024-06-26,Completed,65.7,83.0,496.51,4.6
EMP11158,R&D,West,Agile & Scrum,2025-10-26,Completed,36.5,59.8,419.58,5.0
EMP11159,R&D,North,Project Management,2025-09-07,Completed,54.3,84.9,267.57,4.2
EMP11160,Sales,North,Customer Service Excellence,2024-07-16,Completed,41.9,65.8,204.84,4.8
EMP11161,Sales,East,Project Management,2024-04-02,In Progress,72.1,,460.41,
EMP11162,Operations,South,Data Visualization with Power BI,2025-01-06,Completed,44.3,74.3,375.57,3.9
EMP11163,Finance,North,Data Visualization with Power BI,2025-02-09,Completed,51.5,73.0,302.45,4.4
EMP11164,R&D,South,Agile & Scrum,2025-11-06,Completed,31.1,44.1,487.07,4.8
EMP11165,HR,North,SQL Fundamentals,2024-03-07,Completed,48.7,59.8,268.69,3.3
EMP11166,Operations,South,Python for Data Analysis,2025-11-25,Completed,53.8,71.0,280.91,3.4
EMP11167,R&D,North,Cloud Computing Basics,2025-11-20,Dropped,57.7,,53.52,4.3
EMP11168,Customer Support,West,Communication Skills,2025-11-27,Completed,68.9,98.7,342.19,3.6
EMP11169,Sales,South,Python for Data Analysis,2025-03-06,Completed,49.5,73.0,321.34,5.0
EMP11170,Customer Support,South,Project Management,2025-08-08,In Progress,61.1,,443.48,
EMP11171,Finance,West,Advanced Excel,2024-07-20,Completed,37.2,57.5,193.37,4.9
EMP11172,IT,North,Customer Service Excellence,2024-01-25,Completed,42.3,65.3,447.45,3.4
EMP11173,Operations,South,Advanced Excel,2024-09-01,Dropped,47.5,,75.04,1.5
EMP11174,Finance,North,SQL Fundamentals,2025-03-25,Completed,63.4,74.9,457.2,3.0
EMP11175,IT,North,Python for Data Analysis,2025-01-21,Completed,63.8,84.2,497.66,3.8
EMP11176,HR,North,Customer Service Excellence,2024-11-04,Completed,34.1,60.1,305.44,4.4
EMP11177,IT,North,Agile & Scrum,2024-10-28,In Progress,67.1,,243.63,
EMP11178,IT,Central,Cloud Computing Basics,2025-09-05,In Progress,68.5,,367.72,
EMP11179,Sales,West,Cloud Computing Basics,2025-03-14,In Progress,51.0,,359.01,
EMP11180,IT,East,Python for Data Analysis,2025-06-13,Completed,53.7,85.5,209.25,3.3
EMP11181,IT,North,SQL Fundamentals,2024-03-10,Completed,67.4,84.6,356.97,4.7
EMP11182,HR,Central,Communication Skills,2025-03-07,Completed,50.2,77.7,435.28,3.3
EMP11183,HR,South,Leadership Essentials,2024-03-02,Completed,57.4,83.2,290.33,3.6
EMP11184,Marketing,East,SQL Fundamentals,2024-05-29,Completed,61.0,66.5,341.47,3.9
EMP11185,Marketing,East,Project Management,2025-06-14,Completed,57.3,94.9,455.77,4.8
EMP11186,Sales,South,Agile & Scrum,2024-02-25,Completed,55.3,76.9,198.58,3.0
EMP11187,Finance,North,Project Management,2025-11-14,Completed,48.3,54.0,480.06,4.1
EMP11188,Marketing,Central,SQL Fundamentals,2025-09-22,Completed,34.9,60.1,298.62,4.6
EMP11189,IT,West,Python for Data Analysis,2024-08-12,Dropped,48.8,,285.21,3.1
EMP11190,Finance,West,SQL Fundamentals,2024-09-01,Completed,58.7,74.1,356.73,4.3
EMP11191,Customer Support,South,Cloud Computing Basics,2024-01-07,Completed,47.8,86.6,226.94,3.7
EMP11192,Sales,Central,Advanced Excel,2024-10-24,Completed,46.9,70.7,462.24,2.9
EMP11193,Marketing,North,Python for Data Analysis,2024-07-21,Completed,41.9,65.0,293.76,4.8
EMP11194,HR,East,Agile & Scrum,2024-07-01,Completed,26.5,64.8,208.41,4.3
EMP11195,IT,North,Leadership Essentials,2025-11-01,In Progress,56.9,,203.81,
EMP11196,Marketing,South,Communication Skills,2024-09-02,Completed,47.0,70.6,260.74,3.7
EMP11197,HR,Central,SQL Fundamentals,2025-12-29,Completed,46.8,57.3,290.12,4.2
EMP11198,Finance,South,Agile & Scrum,2025-12-12,Completed,61.2,89.8,358.04,4.3
EMP11199,Finance,North,SQL Fundamentals,2024-07-12,In Progress,65.1,,187.12,
EMP11200,HR,East,Data Visualization with Power BI,2025-10-06,In Progress,44.2,,176.79,
EMP11201,R&D,South,Advanced Excel,2025-11-10,Completed,68.0,97.5,319.32,4.4
EMP11202,Customer Support,Central,Project Management,2025-06-15,Completed,44.4,69.2,335.81,4.0
EMP11203,Marketing,Central,Customer Service Excellence,2025-05-21,Completed,53.6,72.5,442.57,4.5
EMP11204,Sales,South,Data Visualization with Power BI,2025-04-07,In Progress,47.0,,296.95,
EMP11205,Finance,East,Cloud Computing Basics,2025-08-08,Completed,42.3,44.3,321.53,4.2
EMP11206,IT,South,Advanced Excel,2025-03-31,Completed,58.1,64.5,121.9,3.9
EMP11207,Sales,West,Agile & Scrum,2024-12-10,Completed,71.4,84.7,386.75,5.0
EMP11208,Customer Support,East,Customer Service Excellence,2024-10-06,Completed,44.2,57.1,204.34,4.3
EMP11209,Finance,East,Advanced Excel,2024-03-25,Completed,56.2,74.3,256.17,2.9
EMP11210,IT,East,Data Visualization with Power BI,2024-05-01,Completed,57.7,75.2,266.75,3.7
EMP11211,Finance,East,Data Visualization with Power BI,2024-12-03,Completed,69.1,88.9,525.01,3.9
EMP11212,Operations,South,SQL Fundamentals,2025-07-10,Dropped,35.4,,136.08,2.8
EMP11213,Operations,East,Cloud Computing Basics,2025-08-16,Completed,63.2,69.7,172.3,3.6
EMP11214,HR,West,Data Visualization with Power BI,2024-08-02,Completed,56.2,82.0,360.3,5.0
EMP11215,R&D,West,Project Management,2024-11-16,In Progress,49.0,,357.48,
EMP11216,Customer Support,South,Customer Service Excellence,2025-07-25,Completed,58.6,90.7,185.57,4.3
EMP11217,HR,East,Python for Data Analysis,2025-11-05,In Progress,39.0,,177.42,
EMP11218,Finance,West,Cloud Computing Basics,2025-02-17,Completed,62.9,94.4,545.59,5.0
EMP11219,Operations,East,SQL Fundamentals,2025-08-04,In Progress,69.0,,196.0,
EMP11220,HR,East,SQL Fundamentals,2025-09-09,Dropped,38.0,,218.71,3.3
EMP11221,Customer Support,West,Data Visualization with Power BI,2024-03-06,Completed,56.3,81.4,332.03,4.3
EMP11222,IT,East,SQL Fundamentals,2025-10-16,In Progress,70.5,,222.21,
EMP11223,HR,North,Agile & Scrum,2024-02-02,In Progress,65.1,,385.7,
EMP11224,R&D,North,Leadership Essentials,2024-03-12,Dropped,47.0,,114.22,3.2
EMP11225,Finance,South,Communication Skills,2025-06-20,Completed,67.6,80.0,174.29,4.3
EMP11226,Sales,South,Project Management,2025-02-04,Completed,61.6,83.3,250.24,3.0
EMP11227,Customer Support,West,Advanced Excel,2024-07-30,Completed,48.1,77.1,278.73,4.1
EMP11228,Customer Support,West,Leadership Essentials,2025-08-11,Dropped,40.6,,183.65,2.1
EMP11229,R&D,East,Data Visualization with Power BI,2024-05-26,Completed,65.3,100.0,394.61,3.5
EMP11230,Finance,Central,Project Management,2025-05-17,Completed,29.0,41.4,308.85,3.4
EMP11231,IT,East,Customer Service Excellence,2025-12-18,In Progress,36.0,,275.65,
EMP11232,Customer Support,Central,Leadership Essentials,2024-09-12,Completed,52.4,77.4,405.94,4.6
EMP11233,Customer Support,West,Cloud Computing Basics,2024-07-06,Completed,62.9,84.3,288.47,3.3
EMP11234,Sales,South,Leadership Essentials,2025-10-05,Completed,47.9,62.4,440.23,4.0
EMP11235,Finance,West,Cloud Computing Basics,2024-05-04,Dropped,47.6,,127.93,2.9
EMP11236,Marketing,West,Customer Service Excellence,2024-09-15,Completed,44.2,62.3,254.78,4.9
EMP11237,Sales,North,Customer Service Excellence,2024-12-17,Completed,79.9,100.0,171.73,4.9
EMP11238,Sales,North,Communication Skills,2025-12-27,Dropped,62.9,,123.96,2.6
EMP11239,R&D,West,Customer Service Excellence,2024-03-25,Completed,57.0,86.6,202.29,4.5
EMP11240,R&D,South,Customer Service Excellence,2024-06-14,Completed,63.9,80.8,206.8,4.3
EMP11241,IT,South,Communication Skills,2025-07-01,Completed,52.4,80.5,371.71,3.4
EMP11242,Sales,East,Leadership Essentials,2025-01-01,Completed,33.1,50.3,530.06,4.4
EMP11243,Finance,West,Python for Data Analysis,2025-06-19,Completed,53.8,75.3,481.14,4.4
EMP11244,IT,West,Communication Skills,2024-02-23,Completed,71.7,100.0,167.03,4.7
EMP11245,Finance,South,Project Management,2024-07-23,Completed,54.0,73.6,351.61,3.4
EMP11246,Sales,East,Data Visualization with Power BI,2025-11-16,Completed,48.5,75.7,328.14,3.4
EMP11247,HR,South,Python for Data Analysis,2025-06-08,Completed,44.2,68.0,250.76,4.7
EMP11248,Finance,Central,Data Visualization with Power BI,2025-02-08,Dropped,64.1,,172.08,1.6
EMP11249,Finance,North,Project Management,2024-06-26,Completed,55.2,72.4,543.54,3.9
EMP11250,Sales,West,Data Visualization with Power BI,2024-08-13,Completed,48.0,64.0,214.38,3.9
EMP11251,Marketing,North,Advanced Excel,2025-02-24,Completed,76.8,94.3,402.57,4.7
EMP11252,IT,Central,SQL Fundamentals,2024-09-14,Dropped,40.2,,233.36,2.6
EMP11253,Customer Support,South,Project Management,2025-10-12,Completed,52.7,84.2,550.13,4.8
EMP11254,R&D,North,Project Management,2025-09-15,Dropped,47.0,,145.46,1.7
EMP11255,Finance,Central,SQL Fundamentals,2024-01-14,Completed,57.4,83.8,389.51,2.6
EMP11256,Operations,South,Cloud Computing Basics,2025-09-26,Completed,56.9,76.7,280.31,5.0
EMP11257,R&D,East,Data Visualization with Power BI,2025-01-19,Completed,70.7,91.0,323.1,4.8
EMP11258,R&D,East,Leadership Essentials,2024-11-21,Completed,70.7,84.0,204.29,3.9
EMP11259,Customer Support,East,Python for Data Analysis,2024-12-05,Completed,60.9,88.4,259.07,3.5
EMP11260,Sales,South,Data Visualization with Power BI,2025-01-25,Completed,30.8,64.3,258.35,3.7
EMP11261,Sales,North,Customer Service Excellence,2024-07-16,Completed,51.3,82.5,254.0,2.1
EMP11262,HR,North,Leadership Essentials,2025-07-16,In Progress,53.7,,202.32,
EMP11263,Finance,Central,Advanced Excel,2025-04-23,Completed,75.7,90.6,516.38,4.6
EMP11264,Finance,West,Leadership Essentials,2024-09-11,Completed,70.1,86.8,455.76,3.6
EMP11265,Finance,East,Customer Service Excellence,2025-01-03,Completed,60.1,69.7,278.18,3.7
EMP11266,R&D,West,Agile & Scrum,2025-03-19,Completed,65.1,81.7,361.39,2.1
EMP11267,Customer Support,West,Advanced Excel,2025-09-01,Completed,40.4,46.3,438.84,2.1
EMP11268,HR,East,Cloud Computing Basics,2024-11-09,Completed,56.5,76.7,368.24,5.0
EMP11269,R&D,North,Project Management,2025-04-25,Completed,74.4,85.3,158.0,4.1
EMP11270,Sales,Central,Project Management,2025-02-18,Dropped,50.0,,195.06,2.4
EMP11271,Customer Support,West,Communication Skills,2025-08-25,Completed,55.5,82.5,354.3,4.6
EMP11272,Customer Support,Central,Leadership Essentials,2025-03-22,Dropped,48.9,,267.84,1.8
EMP11273,R&D,East,Python for Data Analysis,2025-01-29,Dropped,42.6,,246.67,3.8
EMP11274,Finance,West,Python for Data Analysis,2025-10-08,Completed,48.2,66.4,215.54,4.6
EMP11275,HR,East,SQL Fundamentals,2025-11-28,Completed,47.3,82.6,257.13,3.5
EMP11276,HR,North,Advanced Excel,2025-10-21,Completed,62.8,71.7,266.69,4.4
EMP11277,IT,Central,Data Visualization with Power BI,2024-06-18,In Progress,64.9,,206.87,
EMP11278,Operations,Central,Agile & Scrum,2025-01-26,Completed,63.3,94.1,510.08,4.7
EMP11279,IT,North,SQL Fundamentals,2024-05-26,Completed,52.2,69.6,213.03,5.0
EMP11280,Customer Support,East,Python for Data Analysis,2025-05-18,Completed,42.6,69.9,168.0,3.5
EMP11281,Customer Support,Central,Cloud Computing Basics,2024-10-22,Completed,37.7,55.8,269.59,4.0
EMP11282,Marketing,South,Leadership Essentials,2025-05-13,Completed,66.4,92.6,213.11,4.0
EMP11283,Finance,South,Data Visualization with Power BI,2024-07-06,In Progress,61.1,,288.63,
EMP11284,Operations,West,Customer Service Excellence,2025-10-01,Completed,56.5,74.7,408.29,3.4
EMP11285,IT,East,Advanced Excel,2024-05-07,Completed,63.0,89.6,277.28,4.5
EMP11286,Finance,West,Customer Service Excellence,2024-04-13,Completed,71.9,90.0,282.68,4.8
EMP11287,Sales,North,Data Visualization with Power BI,2024-01-08,Completed,47.7,74.4,411.42,4.4
EMP11288,R&D,West,Project Management,2025-03-15,Completed,56.0,77.7,566.06,5.0
EMP11289,Marketing,South,Project Management,2025-02-12,Completed,63.7,86.6,256.08,4.8
EMP11290,Marketing,North,Python for Data Analysis,2025-12-16,Completed,55.3,74.9,64.77,4.0
EMP11291,IT,Central,Communication Skills,2024-09-11,Completed,57.5,75.6,391.16,5.0
EMP11292,R&D,Central,Cloud Computing Basics,2024-07-11,Completed,40.7,62.3,523.4,3.4
EMP11293,Sales,East,Python for Data Analysis,2024-11-29,Completed,58.5,88.2,257.04,3.5
EMP11294,R&D,West,SQL Fundamentals,2024-12-22,Completed,38.6,66.2,359.75,4.5
EMP11295,IT,West,Communication Skills,2024-07-18,Completed,55.0,80.3,372.89,5.0
EMP11296,Sales,South,Customer Service Excellence,2024-11-04,In Progress,56.7,,305.69,
EMP11297,R&D,South,Customer Service Excellence,2025-05-08,Completed,44.6,67.4,239.62,4.9
EMP11298,Finance,South,Advanced Excel,2025-03-21,Dropped,49.9,,92.61,2.3
EMP11299,Marketing,West,Communication Skills,2024-09-20,Completed,58.5,68.5,455.07,5.0
EMP11300,HR,Central,Customer Service Excellence,2025-12-09,Completed,63.7,75.5,295.32,4.6
EMP11301,IT,East,Cloud Computing Basics,2025-01-25,Completed,59.6,73.6,319.02,4.3
EMP11302,Finance,South,Communication Skills,2024-10-24,Completed,52.0,82.2,225.91,4.7
EMP11303,Finance,North,SQL Fundamentals,2024-05-10,In Progress,43.3,,332.28,
EMP11304,Sales,East,Python for Data Analysis,2025-07-02,Completed,55.2,58.6,328.55,4.6
EMP11305,Marketing,East,Leadership Essentials,2025-11-10,Completed,69.4,82.6,271.75,1.9
EMP11306,Customer Support,North,Agile & Scrum,2024-11-19,Completed,58.5,67.0,450.31,3.4
EMP11307,R&D,West,Leadership Essentials,2024-10-17,Completed,51.3,79.1,369.58,3.6
EMP11308,Sales,Central,Project Management,2025-05-29,Dropped,50.8,,98.0,2.4
EMP11309,R&D,South,Customer Service Excellence,2025-12-22,Dropped,51.5,,108.0,2.8
EMP11310,HR,South,Data Visualization with Power BI,2024-02-23,Dropped,36.6,,52.03,3.0
EMP11311,Customer Support,East,Leadership Essentials,2025-07-15,Completed,30.4,58.3,326.56,4.5
EMP11312,R&D,East,Cloud Computing Basics,2024-03-14,Completed,38.3,54.6,189.25,3.9
EMP11313,Finance,Central,Cloud Computing Basics,2024-05-14,Completed,46.1,73.3,364.83,5.0
EMP11314,Operations,West,Leadership Essentials,2024-05-20,Completed,64.1,70.8,281.76,4.6
EMP11315,HR,South,Data Visualization with Power BI,2024-07-19,Completed,58.7,78.7,172.53,5.0
EMP11316,IT,South,Cloud Computing Basics,2025-11-26,In Progress,62.5,,181.02,
EMP11317,IT,East,Customer Service Excellence,2024-02-23,Completed,53.1,73.6,389.15,3.5
EMP11318,Marketing,Central,Cloud Computing Basics,2025-10-04,Completed,54.2,78.1,302.88,4.2
EMP11319,IT,South,Cloud Computing Basics,2024-11-05,Completed,66.1,79.7,183.82,4.7
EMP11320,Customer Support,North,Customer Service Excellence,2025-01-26,Completed,62.1,89.1,500.58,2.8
EMP11321,Marketing,North,Advanced Excel,2024-03-25,Completed,49.4,65.3,455.78,5.0
EMP11322,Finance,North,SQL Fundamentals,2025-08-09,Completed,45.3,67.9,486.5,4.6
EMP11323,IT,Central,Leadership Essentials,2025-05-10,Dropped,68.2,,170.87,3.0
EMP11324,Operations,Central,Leadership Essentials,2024-11-29,Completed,48.6,66.1,232.51,4.4
EMP11325,Customer Support,North,Cloud Computing Basics,2025-07-03,In Progress,85.6,,386.55,
EMP11326,R&D,North,Agile & Scrum,2025-07-05,Completed,56.8,88.3,547.24,5.0
EMP11327,Finance,North,Leadership Essentials,2025-12-12,Completed,66.4,89.4,361.45,4.0
EMP11328,Marketing,North,Python for Data Analysis,2025-08-11,Completed,45.1,61.6,250.45,3.2
EMP11329,Operations,North,Advanced Excel,2025-06-02,Completed,34.8,58.3,398.82,4.1
EMP11330,Customer Support,North,Data Visualization with Power BI,2024-02-17,Dropped,46.2,,256.4,5.0
EMP11331,Operations,Central,Customer Service Excellence,2025-08-13,Completed,40.1,64.0,224.13,3.7
EMP11332,Marketing,Central,Agile & Scrum,2024-08-02,Completed,38.9,64.4,553.07,3.6
EMP11333,Finance,North,Data Visualization with Power BI,2024-11-02,In Progress,66.9,,293.7,
EMP11334,HR,Central,Agile & Scrum,2025-08-28,Completed,44.8,70.6,226.55,4.5
EMP11335,Customer Support,North,Agile & Scrum,2024-09-23,Completed,45.7,80.6,293.16,4.3
EMP11336,R&D,North,Communication Skills,2025-03-11,Dropped,42.3,,107.22,1.6
EMP11337,Finance,North,Communication Skills,2025-12-14,Completed,53.5,67.0,393.69,4.1
EMP11338,HR,West,Leadership Essentials,2025-03-20,Completed,41.6,69.0,366.49,4.5
EMP11339,IT,East,Advanced Excel,2024-04-22,Completed,42.8,56.6,368.67,3.8
EMP11340,Marketing,North,Project Management,2024-10-06,Completed,66.1,84.1,271.07,3.3
EMP11341,Sales,North,Cloud Computing Basics,2025-01-22,Dropped,42.3,,167.01,2.2
EMP11342,Operations,Central,Customer Service Excellence,2025-06-25,Completed,64.9,88.2,402.68,3.2
EMP11343,Operations,Central,Advanced Excel,2024-06-23,Completed,67.8,86.8,407.56,5.0
EMP11344,Marketing,Central,Agile & Scrum,2025-02-16,Completed,75.0,99.4,339.85,4.5
EMP11345,Sales,Central,Leadership Essentials,2024-05-09,Completed,60.4,78.4,404.31,3.8
EMP11346,Operations,North,Project Management,2024-09-12,Completed,39.5,60.4,198.52,4.9
EMP11347,R&D,South,Customer Service Excellence,2025-04-24,Completed,73.4,100.0,317.6,3.8
EMP11348,Finance,East,Advanced Excel,2025-02-20,Completed,55.0,86.8,141.0,4.8
EMP11349,IT,North,Data Visualization with Power BI,2024-06-18,Completed,62.0,82.4,181.31,4.2
EMP11350,Operations,Central,Customer Service Excellence,2025-03-10,Completed,76.0,100.0,414.92,3.6
EMP11351,R&D,West,Agile & Scrum,2025-11-24,In Progress,50.4,,486.73,
EMP11352,IT,West,Python for Data Analysis,2024-07-13,Dropped,56.1,,289.6,3.6
EMP11353,Customer Support,Central,Project Management,2025-11-08,Dropped,65.6,,146.43,2.9
EMP11354,Sales,Central,Customer Service Excellence,2025-11-21,Dropped,50.5,,199.94,3.4
EMP11355,HR,North,Project Management,2025-06-10,Completed,61.0,80.5,217.6,3.4
EMP11356,R&D,West,Leadership Essentials,2024-04-25,Completed,58.7,75.5,438.63,3.9
EMP11357,IT,East,Communication Skills,2024-10-27,Completed,68.4,88.0,316.72,5.0
EMP11358,Customer Support,South,Communication Skills,2025-06-11,In Progress,54.0,,144.58,
EMP11359,R&D,Central,Customer Service Excellence,2024-12-30,Completed,30.0,40.2,412.71,3.1
EMP11360,Operations,East,Advanced Excel,2024-12-24,In Progress,56.4,,244.48,
EMP11361,Customer Support,East,Python for Data Analysis,2025-03-17,Completed,28.4,40.8,242.21,4.7
EMP11362,HR,West,Advanced Excel,2024-01-08,Completed,53.2,79.7,481.74,5.0
EMP11363,Finance,West,Cloud Computing Basics,2024-11-02,Completed,55.8,79.3,129.04,5.0
EMP11364,Operations,North,Customer Service Excellence,2025-03-25,Completed,63.2,84.3,245.56,4.5
EMP11365,Customer Support,North,Project Management,2024-07-22,Completed,54.4,82.1,333.48,5.0
EMP11366,HR,West,Cloud Computing Basics,2024-12-05,Dropped,42.0,,111.86,2.3
EMP11367,R&D,East,Advanced Excel,2025-05-15,Completed,33.5,52.9,418.55,4.6
EMP11368,HR,East,Cloud Computing Basics,2025-02-02,Completed,67.6,93.5,216.51,3.6
EMP11369,HR,South,Project Management,2024-01-14,Completed,74.2,100.0,240.74,4.1
EMP11370,Marketing,West,SQL Fundamentals,2024-01-09,Completed,55.9,73.8,407.53,2.6
EMP11371,R&D,North,Cloud Computing Basics,2025-09-24,Completed,56.9,82.1,345.89,4.1
EMP11372,Finance,East,Advanced Excel,2025-12-18,Completed,52.8,62.0,255.93,5.0
EMP11373,R&D,North,Agile & Scrum,2024-07-04,Completed,42.6,61.1,390.87,5.0
EMP11374,HR,South,Advanced Excel,2025-02-14,Completed,40.2,72.2,287.31,4.6
EMP11375,Customer Support,North,SQL Fundamentals,2024-04-03,In Progress,63.6,,419.72,
EMP11376,Customer Support,Central,Communication Skills,2025-10-10,Dropped,81.4,,194.96,2.1
EMP11377,Customer Support,West,Python for Data Analysis,2025-03-13,Completed,59.6,85.6,274.78,2.9
EMP11378,Operations,East,Communication Skills,2025-12-29,Completed,45.2,73.8,160.53,4.8
EMP11379,HR,North,Python for Data Analysis,2025-11-07,Completed,54.7,85.7,298.74,4.0
EMP11380,R&D,East,SQL Fundamentals,2025-03-17,Completed,59.2,83.9,257.01,3.9
EMP11381,Marketing,East,Advanced Excel,2025-11-16,Completed,41.5,69.2,381.69,4.1
EMP11382,Marketing,East,Project Management,2025-08-26,Completed,49.9,69.5,264.89,4.8
EMP11383,Operations,South,SQL Fundamentals,2024-03-30,In Progress,38.9,,262.18,
EMP11384,IT,North,SQL Fundamentals,2024-07-14,Completed,52.5,74.8,328.77,5.0
EMP11385,IT,Central,SQL Fundamentals,2024-11-04,Completed,58.5,71.1,291.57,3.9
EMP11386,HR,North,Leadership Essentials,2025-03-04,Completed,36.3,59.9,287.48,4.2
EMP11387,Marketing,East,Customer Service Excellence,2024-04-30,Dropped,66.5,,173.12,2.9
EMP11388,Customer Support,Central,Agile & Scrum,2024-06-19,Completed,43.1,66.2,430.84,4.2
EMP11389,Operations,North,SQL Fundamentals,2025-12-11,Completed,66.5,100.0,360.3,4.1
EMP11390,IT,South,Customer Service Excellence,2025-01-28,Completed,56.0,72.3,287.65,2.8
EMP11391,Operations,South,Leadership Essentials,2024-06-12,Completed,38.3,73.9,369.24,4.0
EMP11392,Sales,Central,Customer Service Excellence,2025-12-25,Completed,65.7,78.7,289.08,3.6
EMP11393,Finance,East,Communication Skills,2024-05-01,Completed,67.3,93.3,229.69,4.3
EMP11394,Finance,East,Python for Data Analysis,2024-05-31,Dropped,58.2,,104.8,2.8
EMP11395,Operations,North,Data Visualization with Power BI,2025-07-01,Completed,55.6,69.0,466.16,4.2
EMP11396,Marketing,East,Advanced Excel,2025-07-16,Completed,85.5,100.0,246.95,3.1
EMP11397,Operations,East,Python for Data Analysis,2024-01-11,In Progress,61.2,,308.67,
EMP11398,Operations,South,Communication Skills,2025-07-04,Completed,47.9,57.2,307.16,4.7
EMP11399,Customer Support,East,SQL Fundamentals,2024-07-30,In Progress,49.8,,212.12,
EMP11400,Marketing,East,Data Visualization with Power BI,2025-10-06,In Progress,54.2,,334.46,
EMP11401,HR,West,Data Visualization with Power BI,2025-03-20,Completed,46.8,66.6,338.98,4.1
EMP11402,R&D,South,Customer Service Excellence,2024-06-29,Completed,56.2,81.7,353.56,4.7
EMP11403,HR,East,Python for Data Analysis,2024-06-15,In Progress,60.4,,220.89,
EMP11404,Finance,North,Leadership Essentials,2025-03-12,Completed,55.6,81.4,453.46,4.6
EMP11405,IT,Central,Leadership Essentials,2024-01-13,Completed,47.1,64.5,392.03,4.5
EMP11406,Sales,North,Python for Data Analysis,2024-02-14,Completed,50.1,79.4,217.54,4.2
EMP11407,HR,Central,Python for Data Analysis,2024-04-18,Completed,52.5,80.5,421.55,4.3
EMP11408,IT,South,Leadership Essentials,2025-07-30,In Progress,44.8,,250.91,
EMP11409,Operations,East,Customer Service Excellence,2024-09-06,Completed,48.6,63.6,503.24,4.1
EMP11410,IT,North,Python for Data Analysis,2025-07-11,Completed,90.0,100.0,406.38,3.3
EMP11411,HR,North,Data Visualization with Power BI,2024-08-20,Completed,30.1,51.4,302.68,4.1
EMP11412,Operations,South,Cloud Computing Basics,2024-04-25,Completed,66.7,84.7,179.03,4.0
EMP11413,IT,East,Project Management,2025-09-22,Completed,41.5,66.0,260.12,3.2
EMP11414,Sales,Central,Leadership Essentials,2025-03-14,Completed,43.1,69.5,311.9,5.0
EMP11415,Customer Support,South,Communication Skills,2024-10-20,Completed,32.8,53.8,238.12,4.1
EMP11416,R&D,East,Communication Skills,2024-03-19,In Progress,49.6,,214.97,
EMP11417,HR,East,Leadership Essentials,2025-04-02,Completed,59.4,89.7,307.86,2.7
EMP11418,IT,Central,Cloud Computing Basics,2024-10-12,Completed,57.6,72.3,246.88,5.0
EMP11419,HR,West,Project Management,2025-05-21,Completed,54.5,80.9,384.21,3.7
EMP11420,Marketing,South,Data Visualization with Power BI,2025-03-04,Completed,49.9,80.1,339.21,3.9
EMP11421,R&D,Central,Agile & Scrum,2025-01-28,Completed,66.1,85.5,503.97,3.7
EMP11422,Finance,North,Data Visualization with Power BI,2024-01-03,Completed,64.2,100.0,294.59,4.7
EMP11423,R&D,South,Advanced Excel,2024-12-23,Completed,48.9,62.7,261.43,4.1
EMP11424,R&D,South,Agile & Scrum,2024-09-05,Completed,42.1,62.7,276.62,4.4
EMP11425,HR,North,Leadership Essentials,2024-01-27,Completed,61.1,85.4,299.17,3.7
EMP11426,Sales,North,SQL Fundamentals,2025-05-03,In Progress,40.6,,314.24,
EMP11427,Sales,South,Project Management,2024-03-21,Completed,55.2,75.4,401.14,3.4
EMP11428,Customer Support,South,Leadership Essentials,2024-05-23,Completed,42.1,60.7,531.01,4.4
EMP11429,R&D,West,Project Management,2025-10-22,Completed,66.5,100.0,221.64,4.5
EMP11430,HR,North,Python for Data Analysis,2024-06-26,Completed,51.9,76.4,141.13,5.0
EMP11431,Customer Support,West,Agile & Scrum,2024-09-21,Dropped,68.6,,235.51,2.7
EMP11432,Finance,West,Leadership Essentials,2024-04-04,Completed,53.8,69.1,294.27,4.6
EMP11433,Finance,West,SQL Fundamentals,2024-08-12,Completed,66.7,88.6,401.47,3.7
EMP11434,IT,West,Customer Service Excellence,2025-10-30,Completed,64.8,90.2,297.69,3.4
EMP11435,Sales,East,Cloud Computing Basics,2024-10-03,Completed,49.4,59.5,156.97,3.5
EMP11436,Marketing,North,Data Visualization with Power BI,2024-06-15,Completed,50.1,66.2,346.36,3.0
EMP11437,Sales,East,Data Visualization with Power BI,2024-07-25,Completed,70.0,85.8,250.05,4.3
EMP11438,Operations,North,SQL Fundamentals,2024-02-15,Completed,69.3,84.8,297.13,4.9
EMP11439,Sales,East,Advanced Excel,2024-01-09,Dropped,35.6,,197.63,3.2
EMP11440,Finance,East,Cloud Computing Basics,2024-12-30,Dropped,86.6,,285.96,1.6
EMP11441,Marketing,West,Agile & Scrum,2025-05-29,In Progress,50.1,,264.17,
EMP11442,Sales,Central,Cloud Computing Basics,2025-08-23,In Progress,37.4,,131.86,
EMP11443,Operations,South,Leadership Essentials,2025-04-19,Completed,45.7,68.3,534.54,3.7
EMP11444,Finance,South,Leadership Essentials,2024-06-13,Dropped,66.3,,266.75,3.1
EMP11445,Marketing,West,Leadership Essentials,2024-10-24,Completed,60.0,72.3,293.69,5.0
EMP11446,Customer Support,South,Data Visualization with Power BI,2025-09-13,Completed,65.9,100.0,165.23,4.4
EMP11447,R&D,North,Python for Data Analysis,2024-11-12,Completed,44.0,76.6,229.77,4.0
EMP11448,IT,West,Project Management,2024-10-29,Completed,64.1,91.7,272.48,4.3
EMP11449,Marketing,East,Advanced Excel,2024-07-02,Completed,51.2,80.1,314.56,4.5
EMP11450,R&D,East,Customer Service Excellence,2024-05-23,Dropped,67.1,,167.93,2.5
EMP11451,Sales,East,Communication Skills,2025-02-22,In Progress,45.9,,416.06,
EMP11452,HR,West,Project Management,2025-10-01,Dropped,49.5,,113.8,3.6
EMP11453,Customer Support,Central,Customer Service Excellence,2025-11-29,Completed,57.3,74.0,404.4,3.9
EMP11454,Finance,Central,Python for Data Analysis,2024-04-17,Completed,52.4,72.9,268.4,4.5
EMP11455,Customer Support,North,Data Visualization with Power BI,2025-04-18,Completed,40.6,71.3,296.9,4.2
EMP11456,R&D,Central,Customer Service Excellence,2024-03-28,Completed,54.9,72.8,253.54,4.3
EMP11457,Customer Support,South,Cloud Computing Basics,2024-03-07,Completed,34.0,51.7,405.37,3.9
EMP11458,Finance,West,Advanced Excel,2025-04-10,Completed,69.3,85.1,224.25,3.8
EMP11459,HR,South,Project Management,2024-02-02,Dropped,42.6,,200.83,2.3
EMP11460,Marketing,West,Customer Service Excellence,2024-02-25,Completed,42.4,67.8,191.32,2.9
EMP11461,Customer Support,East,Communication Skills,2024-06-29,Completed,51.0,86.4,92.93,3.9
EMP11462,Customer Support,North,Communication Skills,2025-04-07,In Progress,31.0,,361.7,
EMP11463,Finance,East,Leadership Essentials,2024-04-04,In Progress,62.4,,318.77,
EMP11464,Marketing,East,Leadership Essentials,2024-12-23,Dropped,55.2,,148.42,3.5
EMP11465,HR,West,Project Management,2025-08-07,Completed,65.7,74.6,116.58,3.5
EMP11466,Finance,North,SQL Fundamentals,2024-05-28,Completed,51.7,73.3,498.71,4.2
EMP11467,Marketing,North,Leadership Essentials,2024-05-31,Completed,43.9,64.4,366.79,3.1
EMP11468,Customer Support,East,Agile & Scrum,2024-01-04,Dropped,49.1,,193.56,2.2
EMP11469,IT,North,Data Visualization with Power BI,2024-07-11,Completed,40.1,53.1,385.93,3.3
EMP11470,Customer Support,South,Project Management,2024-07-14,Dropped,58.6,,304.88,3.2
EMP11471,Marketing,East,Python for Data Analysis,2024-11-10,Completed,28.0,54.9,189.82,3.7
EMP11472,R&D,West,Cloud Computing Basics,2024-12-26,Completed,47.6,62.3,440.54,5.0
EMP11473,Marketing,North,Leadership Essentials,2025-03-14,Completed,55.3,88.1,310.16,3.0
EMP11474,HR,Central,Cloud Computing Basics,2024-10-18,In Progress,28.9,,430.03,
EMP11475,Customer Support,East,SQL Fundamentals,2024-03-30,In Progress,56.9,,200.14,
EMP11476,IT,North,SQL Fundamentals,2024-04-16,Completed,56.8,67.5,404.38,4.7
EMP11477,IT,West,Agile & Scrum,2024-02-03,Completed,63.8,70.7,258.73,4.3
EMP11478,Finance,West,Agile & Scrum,2024-04-27,Completed,50.2,76.5,278.91,4.2
EMP11479,Marketing,West,Cloud Computing Basics,2025-12-21,In Progress,55.1,,223.42,
EMP11480,Sales,East,Data Visualization with Power BI,2024-10-17,Completed,68.8,89.2,463.41,4.9
EMP11481,Operations,West,Data Visualization with Power BI,2025-02-28,Completed,48.7,64.6,182.43,4.7
EMP11482,Marketing,Central,SQL Fundamentals,2024-12-09,Completed,62.7,81.6,355.78,2.7
EMP11483,Finance,Central,Cloud Computing Basics,2025-09-23,Completed,40.9,63.2,280.56,3.3
EMP11484,Customer Support,South,Cloud Computing Basics,2024-06-26,Completed,53.9,74.5,342.83,4.6
EMP11485,HR,West,Data Visualization with Power BI,2025-12-28,In Progress,54.8,,321.44,
EMP11486,IT,Central,Cloud Computing Basics,2024-09-23,In Progress,33.7,,190.7,
EMP11487,Marketing,South,Advanced Excel,2024-01-27,Completed,47.6,70.5,536.28,3.9
EMP11488,HR,North,SQL Fundamentals,2025-07-10,Dropped,45.0,,161.36,2.6
EMP11489,Customer Support,North,Leadership Essentials,2025-10-11,Completed,59.1,80.6,247.01,3.7
EMP11490,Finance,South,Communication Skills,2025-07-02,In Progress,44.8,,437.95,
EMP11491,Customer Support,East,Python for Data Analysis,2024-03-25,Dropped,62.8,,204.01,2.4
EMP11492,IT,North,Customer Service Excellence,2024-05-05,Completed,76.2,100.0,258.49,3.1
EMP11493,HR,North,Advanced Excel,2025-01-05,Dropped,54.4,,85.68,4.0
EMP11494,IT,West,Python for Data Analysis,2024-03-16,Completed,66.7,99.9,478.35,3.7
EMP11495,Finance,West,Cloud Computing Basics,2025-10-10,Dropped,39.5,,128.54,2.4
EMP11496,Operations,North,Leadership Essentials,2025-08-03,Completed,62.9,93.6,106.96,3.6
EMP11497,Marketing,East,Customer Service Excellence,2025-09-06,Completed,54.7,79.0,235.4,4.3
EMP11498,Operations,North,Data Visualization with Power BI,2024-01-31,Completed,56.5,90.6,367.6,4.4
EMP11499,HR,South,Project Management,2024-08-10,Completed,49.0,69.6,244.0,5.0
EMP11500,IT,South,Communication Skills,2025-05-08,Completed,54.8,72.9,342.59,4.9
EMP11501,Operations,West,Customer Service Excellence,2025-06-08,Dropped,58.9,,131.47,2.7
EMP11502,HR,South,Communication Skills,2024-04-15,Completed,26.4,54.4,415.7,4.2
EMP11503,HR,South,Customer Service Excellence,2025-04-01,Completed,46.5,65.4,556.3,3.8
EMP11504,Marketing,Central,Advanced Excel,2025-01-27,Completed,50.5,89.2,313.46,4.4
EMP11505,Marketing,North,Customer Service Excellence,2024-02-04,Dropped,51.3,,58.22,2.1
EMP11506,Customer Support,East,SQL Fundamentals,2025-06-27,Completed,74.2,100.0,234.92,4.5
EMP11507,HR,East,Cloud Computing Basics,2025-01-01,Completed,38.4,56.5,191.93,4.7
EMP11508,Marketing,East,Leadership Essentials,2024-05-05,Completed,24.6,44.8,503.13,4.0
EMP11509,Marketing,South,Customer Service Excellence,2024-11-25,In Progress,63.7,,391.88,
EMP11510,IT,West,Communication Skills,2024-08-05,Completed,58.1,89.7,255.27,3.0
EMP11511,Operations,Central,Advanced Excel,2025-10-23,Completed,62.5,74.6,285.24,3.0
EMP11512,Marketing,South,Data Visualization with Power BI,2025-05-20,Completed,47.1,75.1,233.62,3.7
EMP11513,IT,North,Customer Service Excellence,2025-09-07,Completed,47.7,78.6,319.24,4.1
EMP11514,Sales,East,Python for Data Analysis,2025-08-12,Dropped,51.6,,140.03,3.6
EMP11515,HR,West,Python for Data Analysis,2025-06-24,Completed,70.8,94.5,645.05,4.0
EMP11516,IT,West,Advanced Excel,2024-11-04,Completed,42.3,61.5,342.15,3.2
EMP11517,IT,Central,Project Management,2025-09-19,Completed,75.3,100.0,273.14,5.0
EMP11518,R&D,West,Advanced Excel,2025-09-24,Completed,50.6,59.2,283.14,5.0
EMP11519,Sales,South,Advanced Excel,2025-12-05,Completed,49.1,81.7,279.4,3.4
EMP11520,IT,South,Project Management,2024-01-06,Dropped,50.8,,111.46,3.1
EMP11521,Sales,North,Python for Data Analysis,2024-03-17,Completed,37.6,60.2,493.25,4.8
EMP11522,Customer Support,East,Leadership Essentials,2025-08-20,Completed,64.3,77.9,217.53,4.1
EMP11523,HR,Central,Cloud Computing Basics,2025-04-02,Completed,64.0,86.3,455.26,4.6
EMP11524,Finance,Central,Customer Service Excellence,2025-05-16,Dropped,62.0,,106.07,2.8
EMP11525,R&D,South,Advanced Excel,2024-10-30,Completed,55.0,72.7,262.53,3.9
EMP11526,Finance,South,Advanced Excel,2025-05-21,Completed,43.2,49.5,236.6,3.6
EMP11527,Finance,West,Cloud Computing Basics,2025-05-14,Completed,38.8,60.9,316.38,5.0
EMP11528,Marketing,East,Customer Service Excellence,2024-06-06,In Progress,74.7,,214.56,
EMP11529,HR,South,Project Management,2025-04-08,In Progress,69.0,,323.8,
EMP11530,Finance,West,Data Visualization with Power BI,2024-10-11,Completed,47.3,47.4,587.42,4.9
EMP11531,IT,South,Customer Service Excellence,2024-04-22,Completed,48.4,68.4,352.96,3.6
EMP11532,Operations,North,Customer Service Excellence,2025-06-27,Completed,68.5,76.6,268.4,4.4
EMP11533,IT,East,Cloud Computing Basics,2024-06-03,Completed,56.4,82.1,323.78,4.0
EMP11534,Marketing,North,Customer Service Excellence,2025-01-13,Completed,52.4,82.2,508.24,4.4
EMP11535,Customer Support,South,Communication Skills,2025-02-16,Completed,39.7,58.7,287.26,4.7
EMP11536,R&D,Central,Cloud Computing Basics,2025-11-28,Completed,62.9,99.0,260.59,4.8
EMP11537,Finance,North,Python for Data Analysis,2025-08-12,Completed,48.9,50.5,205.44,4.0
EMP11538,IT,East,Data Visualization with Power BI,2025-12-17,Completed,59.7,80.5,223.24,3.9
EMP11539,IT,South,Communication Skills,2024-07-29,Completed,43.7,69.5,249.15,5.0
EMP11540,Operations,Central,Communication Skills,2024-01-04,Completed,58.9,88.5,412.01,3.5
EMP11541,R&D,East,Data Visualization with Power BI,2024-11-18,Completed,46.1,75.0,272.91,4.2
EMP11542,Marketing,West,Leadership Essentials,2025-11-13,Completed,45.6,73.3,224.53,5.0
EMP11543,HR,East,Advanced Excel,2025-11-26,Completed,50.9,74.8,191.43,4.7
EMP11544,Marketing,West,SQL Fundamentals,2025-05-15,In Progress,21.0,,367.96,
EMP11545,IT,North,Python for Data Analysis,2025-11-27,Dropped,62.9,,105.7,1.2
EMP11546,HR,South,Advanced Excel,2024-11-07,In Progress,73.8,,327.39,
EMP11547,R&D,West,Project Management,2024-09-20,Completed,66.3,86.9,277.14,4.2
EMP11548,R&D,North,Project Management,2025-12-28,Completed,68.5,83.5,450.62,3.5
EMP11549,R&D,North,Communication Skills,2025-06-15,Completed,54.5,87.5,221.71,3.6
EMP11550,Customer Support,South,Leadership Essentials,2025-05-24,Completed,43.9,66.0,360.74,3.1
EMP11551,Customer Support,East,Data Visualization with Power BI,2024-04-01,Completed,37.8,65.4,226.18,4.6
EMP11552,IT,East,Agile & Scrum,2025-06-23,Completed,71.0,100.0,456.53,4.1
EMP11553,Marketing,West,SQL Fundamentals,2024-10-09,Completed,88.9,100.0,235.78,4.1
EMP11554,Marketing,Central,Advanced Excel,2025-04-10,Completed,71.1,96.0,227.93,3.8
EMP11555,IT,North,Customer Service Excellence,2024-05-30,Completed,50.9,64.8,221.15,4.1
EMP11556,Operations,Central,Agile & Scrum,2024-06-15,Completed,37.1,69.1,208.91,3.8
EMP11557,Operations,North,Customer Service Excellence,2024-08-10,Completed,53.0,75.5,409.9,2.9
EMP11558,Sales,West,Communication Skills,2025-03-16,Completed,42.4,78.1,201.01,4.5
EMP11559,Operations,South,Project Management,2025-05-29,Completed,46.1,67.3,388.47,4.5
EMP11560,IT,East,Leadership Essentials,2024-07-20,Completed,52.4,74.9,204.41,3.7
EMP11561,Finance,North,Customer Service Excellence,2024-09-11,In Progress,30.0,,513.69,
EMP11562,Customer Support,West,Cloud Computing Basics,2024-09-24,Dropped,56.9,,277.95,2.0
EMP11563,HR,Central,Cloud Computing Basics,2024-11-26,In Progress,56.0,,173.19,
EMP11564,Finance,East,Leadership Essentials,2025-07-21,Completed,65.3,90.5,259.45,4.4
EMP11565,Operations,Central,Customer Service Excellence,2024-07-06,Completed,60.4,80.3,215.7,4.5
EMP11566,HR,Central,Customer Service Excellence,2024-11-16,Completed,49.8,85.6,458.77,3.6
EMP11567,Marketing,West,Project Management,2025-04-22,Completed,49.6,61.9,316.16,2.6
EMP11568,Sales,Central,Python for Data Analysis,2024-03-31,Completed,56.6,78.2,392.58,4.0
EMP11569,Finance,Central,Agile & Scrum,2024-05-10,Completed,67.3,87.8,373.13,3.7
EMP11570,Sales,West,Leadership Essentials,2025-11-17,Completed,62.0,95.3,395.94,3.7
EMP11571,Sales,North,Python for Data Analysis,2025-10-27,Completed,59.1,73.2,302.06,4.1
EMP11572,Operations,Central,Customer Service Excellence,2024-12-05,In Progress,33.8,,213.34,
EMP11573,Sales,South,Agile & Scrum,2025-07-29,Completed,50.4,74.0,271.42,4.1
EMP11574,Finance,South,Communication Skills,2024-11-14,Completed,54.5,66.6,143.64,5.0
EMP11575,Finance,North,Advanced Excel,2024-06-05,Completed,52.7,66.4,205.11,4.5
EMP11576,IT,South,Data Visualization with Power BI,2025-04-30,Completed,48.8,77.6,421.0,4.1
EMP11577,Customer Support,North,Advanced Excel,2025-02-18,Completed,43.2,54.0,235.87,4.2
EMP11578,Operations,Central,Customer Service Excellence,2025-09-23,Completed,62.5,83.9,157.6,4.2
EMP11579,Sales,South,Leadership Essentials,2025-11-04,Completed,77.7,98.4,339.83,4.6
EMP11580,Finance,West,Customer Service Excellence,2024-10-23,Completed,58.7,70.3,368.64,4.4
EMP11581,Marketing,East,Cloud Computing Basics,2025-12-15,In Progress,55.4,,334.9,
EMP11582,Customer Support,West,Leadership Essentials,2024-10-17,Completed,40.2,56.7,515.89,4.4
EMP11583,Sales,Central,Communication Skills,2025-10-22,Completed,53.3,80.0,611.53,4.0
EMP11584,R&D,North,Project Management,2025-04-24,In Progress,34.0,,304.73,
EMP11585,Operations,North,Leadership Essentials,2025-05-27,In Progress,35.5,,234.67,
EMP11586,Finance,East,Agile & Scrum,2025-06-09,Completed,58.6,81.7,488.63,3.9
EMP11587,Marketing,Central,Project Management,2024-05-23,Completed,92.2,100.0,456.04,4.5
EMP11588,Customer Support,North,Customer Service Excellence,2025-04-28,Completed,58.5,78.6,364.13,3.8
EMP11589,Operations,South,Project Management,2025-08-17,Completed,69.1,92.2,368.34,2.5
EMP11590,IT,North,Python for Data Analysis,2024-06-11,Completed,87.4,100.0,581.52,4.9
EMP11591,R&D,West,Project Management,2024-08-30,Completed,57.6,72.9,296.05,2.4
EMP11592,Customer Support,West,Advanced Excel,2025-09-18,Completed,45.2,68.6,209.09,3.2
EMP11593,IT,West,Project Management,2025-10-08,In Progress,55.4,,238.43,
EMP11594,Marketing,North,Customer Service Excellence,2024-05-16,Dropped,38.5,,178.12,3.6
EMP11595,Finance,South,Communication Skills,2025-03-24,Completed,34.9,56.0,264.64,4.1
EMP11596,HR,West,Agile & Scrum,2024-03-29,Completed,71.3,91.4,428.81,4.0
EMP11597,IT,South,Python for Data Analysis,2024-01-06,Completed,64.8,88.3,215.72,3.8
EMP11598,IT,East,Leadership Essentials,2025-10-19,Completed,72.3,84.5,276.5,3.7
EMP11599,R&D,Central,Project Management,2025-09-25,In Progress,40.6,,150.32,
EMP11600,IT,West,Cloud Computing Basics,2025-01-20,In Progress,29.5,,396.05,
EMP11601,IT,South,Agile & Scrum,2024-04-13,Completed,48.5,93.9,199.71,3.4
EMP11602,Marketing,North,Data Visualization with Power BI,2024-09-14,Completed,48.2,72.1,321.74,3.8
EMP11603,HR,East,Advanced Excel,2025-08-12,Completed,43.3,54.2,256.59,2.8
EMP11604,Operations,West,SQL Fundamentals,2025-07-13,Completed,48.8,68.4,299.6,3.7
EMP11605,R&D,East,Python for Data Analysis,2024-12-12,Completed,69.7,89.0,221.0,2.8
EMP11606,Sales,South,Data Visualization with Power BI,2024-12-03,Dropped,45.2,,230.09,2.1
EMP11607,Finance,West,Advanced Excel,2025-09-16,Completed,47.2,66.1,237.5,3.7
EMP11608,IT,West,SQL Fundamentals,2025-09-19,Dropped,57.7,,252.84,1.9
EMP11609,HR,East,Python for Data Analysis,2024-02-06,Completed,43.2,52.3,205.96,4.4
EMP11610,Marketing,West,Customer Service Excellence,2024-08-21,Completed,58.9,61.7,265.34,5.0
EMP11611,Finance,Central,SQL Fundamentals,2025-11-29,Completed,37.0,47.2,180.76,5.0
EMP11612,R&D,North,Cloud Computing Basics,2025-12-13,Completed,45.0,48.9,481.34,3.9
EMP11613,HR,North,Customer Service Excellence,2025-09-22,Dropped,62.3,,85.19,1.5
EMP11614,Finance,East,Cloud Computing Basics,2024-08-31,Completed,60.4,90.5,454.89,3.0
EMP11615,Finance,West,Agile & Scrum,2024-02-16,Dropped,53.5,,111.19,3.5
EMP11616,Finance,North,Advanced Excel,2024-05-09,Completed,24.7,45.5,231.38,4.8
EMP11617,Marketing,East,SQL Fundamentals,2024-09-07,Dropped,48.0,,20.0,2.5
EMP11618,Customer Support,West,Advanced Excel,2024-03-19,Completed,75.1,89.9,384.8,4.5
EMP11619,R&D,East,Data Visualization with Power BI,2025-12-31,Completed,70.1,95.3,231.39,3.9
EMP11620,Operations,South,Agile & Scrum,2024-11-22,Completed,64.6,71.6,324.06,4.6
EMP11621,Sales,East,Cloud Computing Basics,2025-09-28,Completed,70.0,93.3,229.92,4.6
EMP11622,HR,Central,Data Visualization with Power BI,2025-07-20,Completed,34.0,49.1,295.0,4.6
EMP11623,HR,North,Data Visualization with Power BI,2025-03-26,Completed,69.2,94.4,282.24,3.4
EMP11624,Sales,West,Python for Data Analysis,2024-10-11,Completed,56.2,59.7,311.5,5.0
EMP11625,Sales,East,SQL Fundamentals,2025-05-22,Completed,69.7,79.1,463.89,5.0
EMP11626,R&D,North,Data Visualization with Power BI,2025-01-23,Completed,39.1,67.3,237.33,4.1
EMP11627,Sales,East,Python for Data Analysis,2024-12-22,Dropped,59.4,,177.95,3.3
EMP11628,Marketing,East,SQL Fundamentals,2024-01-29,Completed,69.0,77.7,398.2,3.1
EMP11629,Customer Support,North,Advanced Excel,2025-02-01,Dropped,53.3,,290.38,2.0
EMP11630,R&D,West,SQL Fundamentals,2025-08-04,Completed,61.4,90.3,321.15,4.0
EMP11631,Customer Support,West,Data Visualization with Power BI,2024-01-16,Completed,49.7,88.1,621.32,3.5
EMP11632,IT,South,Agile & Scrum,2024-12-11,Completed,55.4,66.4,232.55,5.0
EMP11633,Operations,East,Communication Skills,2024-09-13,In Progress,65.2,,421.19,
EMP11634,Sales,North,Communication Skills,2025-11-07,Completed,59.1,76.4,285.05,4.8
EMP11635,R&D,West,Python for Data Analysis,2024-01-10,Completed,63.2,68.0,246.68,4.4
EMP11636,Finance,West,Python for Data Analysis,2024-03-22,Completed,74.8,100.0,419.18,4.3
EMP11637,Marketing,North,Customer Service Excellence,2024-09-21,Completed,43.0,78.0,308.57,5.0
EMP11638,R&D,South,Data Visualization with Power BI,2024-06-27,Completed,74.1,91.5,392.46,3.5
EMP11639,Sales,South,Advanced Excel,2024-02-09,Completed,60.2,79.0,408.38,4.5
EMP11640,Marketing,North,Agile & Scrum,2024-08-21,Completed,43.0,69.2,505.29,4.7
EMP11641,Operations,North,Project Management,2024-02-15,Completed,68.8,81.1,214.78,4.4
EMP11642,IT,Central,Customer Service Excellence,2025-06-07,Completed,41.6,58.6,222.12,3.4
EMP11643,Marketing,West,Advanced Excel,2025-03-12,In Progress,52.4,,266.86,
EMP11644,Sales,East,SQL Fundamentals,2024-12-09,Dropped,48.8,,303.6,1.3
EMP11645,R&D,East,SQL Fundamentals,2024-06-13,Completed,45.0,66.5,296.98,4.4
EMP11646,Sales,North,SQL Fundamentals,2024-11-16,Completed,68.1,93.9,625.71,3.5
EMP11647,Marketing,South,Cloud Computing Basics,2024-02-03,Completed,57.3,78.1,269.97,4.8
EMP11648,IT,North,Data Visualization with Power BI,2025-05-30,Dropped,58.2,,247.0,4.6
EMP11649,Customer Support,Central,Advanced Excel,2024-02-22,Completed,51.2,74.1,404.61,4.9
EMP11650,R&D,East,Communication Skills,2025-08-12,Completed,31.4,48.7,229.51,3.0
EMP11651,Finance,East,Data Visualization with Power BI,2024-11-18,Completed,61.0,75.9,229.16,3.1
EMP11652,Finance,West,Cloud Computing Basics,2024-03-22,Completed,65.4,73.8,439.04,4.7
EMP11653,Marketing,West,SQL Fundamentals,2025-04-04,In Progress,66.4,,285.92,
EMP11654,HR,Central,Data Visualization with Power BI,2025-11-21,Completed,81.4,100.0,230.01,4.2
EMP11655,Operations,East,Project Management,2024-04-30,Completed,55.0,89.3,278.34,3.2
EMP11656,HR,Central,Customer Service Excellence,2024-07-21,In Progress,71.5,,351.0,
EMP11657,Sales,South,Advanced Excel,2024-09-26,Completed,50.6,79.4,585.02,4.3
EMP11658,IT,South,Python for Data Analysis,2024-01-25,Completed,55.9,86.1,260.89,5.0
EMP11659,Customer Support,West,Project Management,2025-02-15,Completed,55.6,83.4,398.28,3.8
EMP11660,Operations,North,Project Management,2025-08-28,Completed,57.2,77.0,290.83,3.5
EMP11661,Sales,North,Project Management,2025-02-22,Completed,65.4,83.4,404.49,4.5
EMP11662,Operations,West,Leadership Essentials,2024-07-06,Completed,57.2,82.8,343.75,5.0
EMP11663,IT,South,Python for Data Analysis,2025-08-30,Completed,39.7,54.5,575.2,3.2
EMP11664,Customer Support,East,Customer Service Excellence,2025-06-04,Completed,73.6,98.2,293.04,5.0
EMP11665,Finance,East,Customer Service Excellence,2024-02-19,Completed,53.9,73.2,297.13,3.9
EMP11666,Customer Support,East,Project Management,2024-11-22,Completed,58.2,79.9,260.61,4.6
EMP11667,Finance,West,Agile & Scrum,2025-08-11,In Progress,53.0,,211.44,
EMP11668,IT,East,Communication Skills,2024-05-01,Completed,55.9,83.8,335.25,3.3
EMP11669,Finance,South,Communication Skills,2025-09-12,Completed,57.8,74.1,268.84,3.7
EMP11670,Operations,South,Advanced Excel,2025-07-19,In Progress,41.4,,242.5,
EMP11671,Sales,Central,Python for Data Analysis,2025-07-04,In Progress,44.3,,248.14,
EMP11672,R&D,North,Project Management,2024-10-15,Dropped,83.4,,223.37,1.9
EMP11673,R&D,Central,Leadership Essentials,2024-10-29,Dropped,43.6,,207.39,3.4
EMP11674,R&D,West,Customer Service Excellence,2024-03-29,In Progress,60.8,,211.35,
EMP11675,IT,East,Advanced Excel,2024-08-15,Completed,52.5,66.3,234.78,4.7
EMP11676,Marketing,East,Customer Service Excellence,2025-06-09,Completed,61.6,80.8,233.87,4.0
EMP11677,Marketing,North,Cloud Computing Basics,2025-12-23,In Progress,45.9,,265.52,
EMP11678,Finance,Central,Python for Data Analysis,2025-10-04,Completed,73.4,89.2,344.89,4.9
EMP11679,Customer Support,South,Data Visualization with Power BI,2025-04-26,Completed,45.2,55.6,222.16,4.3
EMP11680,R&D,East,Leadership Essentials,2025-10-12,In Progress,77.4,,361.74,
EMP11681,Finance,North,Cloud Computing Basics,2025-05-17,Completed,45.4,58.2,220.73,4.9
EMP11682,HR,North,Cloud Computing Basics,2024-09-26,Completed,55.5,85.1,492.24,3.8
EMP11683,Finance,East,Customer Service Excellence,2025-11-03,Dropped,52.8,,169.63,3.1
EMP11684,Finance,East,Customer Service Excellence,2025-10-07,Completed,52.4,74.9,196.34,3.8
EMP11685,R&D,East,Advanced Excel,2024-04-25,Dropped,56.3,,110.65,4.1
EMP11686,R&D,East,Data Visualization with Power BI,2025-03-11,Completed,45.7,60.7,356.91,4.6
EMP11687,IT,East,Cloud Computing Basics,2024-05-11,Completed,53.1,67.8,236.12,4.2
EMP11688,Customer Support,South,Python for Data Analysis,2024-10-01,Completed,56.7,85.7,238.05,3.2
EMP11689,Marketing,East,Project Management,2025-02-04,In Progress,74.0,,269.41,
EMP11690,Customer Support,East,Python for Data Analysis,2025-05-12,Completed,68.6,89.4,311.3,4.0
EMP11691,Sales,East,Customer Service Excellence,2024-08-14,Completed,44.4,67.5,175.77,3.8
EMP11692,Finance,North,SQL Fundamentals,2024-12-03,Completed,59.0,78.9,317.39,4.0
EMP11693,Sales,West,Advanced Excel,2024-12-07,Dropped,73.7,,240.57,3.3
EMP11694,Sales,Central,Data Visualization with Power BI,2025-07-02,Completed,51.3,59.5,251.33,5.0
EMP11695,Customer Support,South,Communication Skills,2025-01-17,Completed,46.0,71.3,253.62,4.9
EMP11696,Finance,North,Python for Data Analysis,2025-06-23,Completed,70.3,100.0,289.57,3.3
EMP11697,Sales,South,Communication Skills,2024-01-25,Completed,66.5,66.8,409.15,4.0
EMP11698,Sales,East,Advanced Excel,2025-11-02,Completed,49.3,68.9,461.86,3.8
EMP11699,IT,North,Advanced Excel,2025-12-21,Completed,41.8,82.1,260.28,5.0
EMP11700,Sales,Central,SQL Fundamentals,2024-04-07,Completed,74.0,92.8,326.2,4.2
EMP11701,Operations,East,Cloud Computing Basics,2024-01-24,Completed,47.1,77.0,301.41,4.2
EMP11702,IT,East,SQL Fundamentals,2025-01-20,Completed,39.3,54.2,225.73,3.0
EMP11703,Customer Support,Central,Communication Skills,2024-10-18,Dropped,37.4,,256.8,2.4
EMP11704,Finance,West,Python for Data Analysis,2025-02-07,Dropped,68.6,,198.52,2.6
EMP11705,IT,West,Data Visualization with Power BI,2024-01-26,Completed,77.6,100.0,169.44,3.9
EMP11706,Marketing,West,SQL Fundamentals,2025-10-20,Completed,59.7,88.3,272.47,3.7
EMP11707,IT,North,Agile & Scrum,2024-07-31,In Progress,50.6,,290.8,
EMP11708,Finance,North,Leadership Essentials,2025-09-23,In Progress,25.1,,348.91,
EMP11709,Finance,North,Customer Service Excellence,2025-02-25,Completed,66.6,83.5,239.64,4.1
EMP11710,Sales,East,SQL Fundamentals,2025-02-20,In Progress,59.3,,244.17,
EMP11711,Finance,Central,Customer Service Excellence,2025-05-26,Completed,43.7,76.4,458.71,4.8
EMP11712,Marketing,West,Customer Service Excellence,2025-07-22,In Progress,61.0,,491.87,
EMP11713,IT,North,Cloud Computing Basics,2024-03-20,Completed,62.7,71.1,190.82,4.8
EMP11714,IT,South,Data Visualization with Power BI,2024-04-26,Completed,50.7,93.8,306.82,4.3
EMP11715,HR,Central,Customer Service Excellence,2025-07-14,Completed,28.5,61.6,164.79,3.2
EMP11716,IT,West,Communication Skills,2025-11-23,Completed,51.0,84.3,275.53,4.6
EMP11717,Marketing,Central,Leadership Essentials,2024-10-24,Completed,58.7,75.9,259.4,4.2
EMP11718,Marketing,Central,SQL Fundamentals,2025-04-28,Completed,66.6,96.3,263.26,4.4
EMP11719,HR,South,Agile & Scrum,2025-04-30,Completed,63.9,85.2,305.8,3.3
EMP11720,HR,West,Advanced Excel,2024-11-15,Completed,56.0,85.3,182.45,4.0
EMP11721,IT,Central,Customer Service Excellence,2024-04-06,Completed,55.7,78.6,385.19,4.2
EMP11722,HR,North,Project Management,2025-07-26,In Progress,67.2,,225.29,
EMP11723,Sales,South,Communication Skills,2025-03-12,Completed,47.6,61.3,371.93,4.6
EMP11724,Customer Support,East,Agile & Scrum,2025-10-18,Completed,51.2,71.3,255.33,5.0
EMP11725,HR,North,Data Visualization with Power BI,2024-07-01,Completed,60.2,72.7,169.25,4.6
EMP11726,Customer Support,East,SQL Fundamentals,2025-09-11,Completed,41.4,60.6,481.7,3.7
EMP11727,R&D,South,Leadership Essentials,2024-08-25,Dropped,34.3,,159.11,3.4
EMP11728,HR,South,Leadership Essentials,2024-01-01,Completed,31.6,61.4,276.42,3.5
EMP11729,R&D,West,Customer Service Excellence,2024-11-05,Completed,54.2,76.4,297.73,4.0
EMP11730,Customer Support,West,Cloud Computing Basics,2025-04-30,Completed,40.1,67.0,432.98,4.9
EMP11731,IT,Central,Data Visualization with Power BI,2025-10-10,In Progress,82.9,,438.55,
EMP11732,HR,West,Agile & Scrum,2025-05-16,Completed,66.5,87.7,284.54,5.0
EMP11733,IT,Central,Cloud Computing Basics,2024-12-22,Completed,50.3,82.7,200.24,3.8
EMP11734,Marketing,West,Data Visualization with Power BI,2025-07-27,In Progress,48.8,,255.95,
EMP11735,Customer Support,East,Leadership Essentials,2024-01-11,Completed,71.7,94.6,203.51,5.0
EMP11736,Finance,North,SQL Fundamentals,2024-12-02,Completed,49.7,69.4,290.05,4.0
EMP11737,Sales,Central,Communication Skills,2025-10-24,Completed,63.3,81.7,327.29,4.2
EMP11738,Sales,East,Communication Skills,2024-02-28,Dropped,41.0,,108.25,2.5
EMP11739,R&D,Central,Customer Service Excellence,2024-06-26,Completed,53.0,75.3,469.06,4.2
EMP11740,IT,North,Project Management,2025-09-19,In Progress,70.3,,166.53,
EMP11741,HR,South,Advanced Excel,2024-05-02,Completed,46.3,90.5,413.77,3.4
EMP11742,Sales,East,Advanced Excel,2024-10-11,Dropped,62.5,,120.59,1.0
EMP11743,Sales,East,Project Management,2024-06-22,Dropped,80.9,,122.72,1.4
EMP11744,Marketing,Central,Python for Data Analysis,2025-02-16,Completed,37.0,66.2,464.24,4.9
EMP11745,Sales,North,Data Visualization with Power BI,2024-05-31,Completed,63.2,96.3,210.22,5.0
EMP11746,R&D,North,Communication Skills,2024-07-22,Completed,27.4,42.8,314.46,3.8
EMP11747,Sales,East,Communication Skills,2024-12-25,Completed,52.7,83.7,319.7,5.0
EMP11748,IT,Central,Customer Service Excellence,2024-04-29,Dropped,67.3,,132.58,2.9
EMP11749,HR,East,SQL Fundamentals,2024-01-21,Completed,65.9,88.5,138.7,5.0
EMP11750,Marketing,West,Advanced Excel,2024-09-09,Completed,48.8,69.8,571.08,4.4
EMP11751,Finance,South,Communication Skills,2025-01-23,Completed,54.7,65.3,300.3,4.7
EMP11752,HR,Central,Project Management,2024-08-19,In Progress,31.7,,254.81,
EMP11753,Finance,South,Communication Skills,2025-12-15,Completed,35.9,52.6,273.56,3.5
EMP11754,Marketing,Central,Project Management,2025-10-19,Completed,56.4,68.1,408.97,4.7
EMP11755,HR,North,SQL Fundamentals,2024-06-08,Completed,59.0,74.5,285.26,3.8
EMP11756,Customer Support,East,Communication Skills,2024-12-16,Completed,61.3,94.0,408.39,4.0
EMP11757,Operations,North,Agile & Scrum,2024-09-21,Completed,49.7,73.2,279.1,4.4
EMP11758,IT,Central,Leadership Essentials,2024-05-23,Completed,33.4,58.1,244.19,4.4
EMP11759,Customer Support,Central,Python for Data Analysis,2025-12-19,Completed,39.6,73.4,271.26,4.4
EMP11760,HR,West,Customer Service Excellence,2024-12-10,Completed,41.4,56.8,233.26,5.0
EMP11761,Marketing,East,Leadership Essentials,2025-07-13,Completed,48.4,74.5,315.05,3.5
EMP11762,R&D,Central,SQL Fundamentals,2025-03-21,Completed,71.2,89.5,172.91,3.7
EMP11763,Operations,East,SQL Fundamentals,2025-05-09,Completed,37.2,48.5,265.43,4.2
EMP11764,Finance,Central,Advanced Excel,2025-03-12,Completed,38.9,58.7,421.67,4.5
EMP11765,Sales,South,Agile & Scrum,2024-11-03,In Progress,32.2,,458.59,
EMP11766,Finance,Central,Leadership Essentials,2025-11-10,Completed,38.4,67.6,171.12,4.6
EMP11767,Operations,South,Project Management,2025-02-09,Completed,45.8,64.1,245.16,2.5
EMP11768,HR,South,Leadership Essentials,2024-11-10,Completed,51.7,81.5,217.85,3.3
EMP11769,Customer Support,North,Data Visualization with Power BI,2025-12-02,Completed,36.9,50.9,344.76,3.3
EMP11770,R&D,South,Project Management,2025-04-27,Completed,46.6,69.6,253.83,3.8
EMP11771,Finance,West,Cloud Computing Basics,2025-12-24,Completed,53.0,79.8,273.55,3.3
EMP11772,HR,East,Leadership Essentials,2024-11-30,In Progress,44.8,,440.85,
EMP11773,Customer Support,Central,Cloud Computing Basics,2024-03-14,Completed,61.4,78.1,476.12,4.1
EMP11774,Sales,South,SQL Fundamentals,2024-08-28,Completed,56.6,59.6,321.96,2.8
EMP11775,Sales,Central,SQL Fundamentals,2024-03-20,Completed,67.4,82.1,272.68,3.9
EMP11776,Finance,North,Data Visualization with Power BI,2025-03-21,Completed,63.3,69.1,310.05,3.5
EMP11777,HR,West,Leadership Essentials,2024-11-14,Completed,63.4,100.0,245.58,3.9
EMP11778,Operations,West,Leadership Essentials,2025-02-11,Completed,59.8,92.4,170.6,4.2
EMP11779,IT,East,Advanced Excel,2025-02-18,In Progress,66.5,,228.18,
EMP11780,HR,East,Leadership Essentials,2025-06-03,Completed,42.7,67.8,400.91,4.8
EMP11781,R&D,West,Cloud Computing Basics,2024-11-06,Completed,54.2,73.3,422.39,5.0
EMP11782,IT,Central,Customer Service Excellence,2025-01-16,In Progress,60.3,,396.5,
EMP11783,Marketing,Central,Project Management,2024-07-02,Dropped,66.8,,252.74,2.4
EMP11784,Customer Support,North,Leadership Essentials,2024-12-11,Dropped,59.4,,314.99,1.6
EMP11785,Operations,South,Agile & Scrum,2025-04-10,Completed,73.6,100.0,311.64,3.6
EMP11786,Sales,North,Customer Service Excellence,2025-01-10,Completed,56.7,73.1,398.66,5.0
EMP11787,Marketing,East,Cloud Computing Basics,2025-11-22,Completed,22.6,47.3,220.5,3.9
EMP11788,Operations,South,Communication Skills,2025-03-03,Completed,50.6,79.1,301.98,4.9
EMP11789,Sales,Central,Advanced Excel,2024-02-07,Completed,50.9,72.6,281.85,4.1
EMP11790,HR,North,Agile & Scrum,2024-05-09,Completed,61.9,87.6,570.32,5.0
EMP11791,Customer Support,East,Project Management,2025-12-06,Completed,46.8,75.4,536.76,3.4
EMP11792,R&D,North,Advanced Excel,2025-01-16,Completed,48.8,62.6,229.53,4.3
EMP11793,IT,West,Agile & Scrum,2024-03-21,Completed,34.0,54.6,472.84,4.2
EMP11794,Operations,West,Cloud Computing Basics,2024-07-07,Dropped,32.5,,161.65,1.9
EMP11795,IT,West,Advanced Excel,2025-08-07,Completed,62.0,83.9,308.84,4.9
EMP11796,Finance,North,Project Management,2025-04-29,Completed,46.0,65.8,323.51,3.1
EMP11797,HR,East,Agile & Scrum,2024-02-16,Completed,68.3,95.8,236.83,5.0
EMP11798,Operations,East,Python for Data Analysis,2024-07-31,Completed,71.2,91.7,328.69,5.0
EMP11799,HR,East,Communication Skills,2025-09-05,In Progress,63.5,,538.76,
EMP11800,Marketing,North,Data Visualization with Power BI,2024-01-19,Completed,52.7,76.4,247.02,5.0
EMP11801,Operations,Central,Customer Service Excellence,2025-03-06,Completed,39.1,78.2,294.53,3.8
EMP11802,Customer Support,West,Agile & Scrum,2024-12-17,Completed,68.9,86.0,300.22,3.4
EMP11803,HR,West,Customer Service Excellence,2025-06-29,Completed,33.5,53.2,478.8,4.3
EMP11804,Operations,West,Python for Data Analysis,2025-08-08,Dropped,32.9,,262.14,3.9
EMP11805,Marketing,North,Data Visualization with Power BI,2025-06-26,Completed,72.2,92.1,301.15,3.5
EMP11806,R&D,West,Python for Data Analysis,2025-10-01,Completed,52.4,65.0,352.66,5.0
EMP11807,Customer Support,West,Python for Data Analysis,2025-07-23,Completed,32.9,65.5,218.53,3.7
EMP11808,HR,West,SQL Fundamentals,2024-04-09,Completed,33.8,69.7,258.51,3.2
EMP11809,Operations,South,Leadership Essentials,2025-02-14,Completed,66.0,91.4,182.9,4.1
EMP11810,Customer Support,Central,Communication Skills,2025-01-06,Completed,45.3,68.8,507.2,3.5
EMP11811,Marketing,Central,Agile & Scrum,2025-02-05,Completed,63.2,92.9,461.8,3.2
EMP11812,R&D,East,Customer Service Excellence,2024-06-30,Completed,64.2,86.2,366.92,4.9
EMP11813,Marketing,West,Leadership Essentials,2024-04-10,Completed,37.7,57.9,506.56,2.4
EMP11814,Customer Support,West,Data Visualization with Power BI,2024-01-30,Completed,59.4,81.1,132.03,3.6
EMP11815,IT,Central,SQL Fundamentals,2025-02-22,Dropped,57.9,,122.36,3.8
EMP11816,Finance,South,SQL Fundamentals,2025-04-28,Completed,60.3,69.8,261.4,4.4
EMP11817,Customer Support,Central,Agile & Scrum,2024-06-14,Completed,45.9,61.8,517.95,3.8
EMP11818,HR,West,Data Visualization with Power BI,2024-05-15,Completed,39.3,58.1,159.06,4.1
EMP11819,R&D,West,Data Visualization with Power BI,2025-09-09,Completed,76.6,91.8,196.3,3.6
EMP11820,R&D,Central,Advanced Excel,2024-12-05,In Progress,76.6,,252.65,
EMP11821,Finance,West,Advanced Excel,2024-02-03,Completed,43.8,74.6,345.44,4.2
EMP11822,R&D,West,Advanced Excel,2024-09-23,In Progress,50.9,,322.53,
EMP11823,IT,Central,Agile & Scrum,2024-01-25,Completed,59.1,76.7,418.84,5.0
EMP11824,Operations,West,Python for Data Analysis,2025-02-13,Completed,73.4,94.5,439.99,4.3
EMP11825,R&D,West,Advanced Excel,2024-05-29,In Progress,47.4,,403.21,
EMP11826,IT,South,Project Management,2025-11-03,Completed,22.5,38.7,179.79,3.5
EMP11827,Finance,East,Advanced Excel,2025-10-19,Completed,52.4,77.5,344.45,4.6
EMP11828,R&D,South,Communication Skills,2024-10-29,Completed,47.0,72.0,341.16,4.2
EMP11829,Operations,Central,Communication Skills,2024-02-06,Completed,64.3,86.5,215.82,3.5
EMP11830,Operations,North,Data Visualization with Power BI,2025-07-31,Completed,48.4,67.9,327.91,4.3
EMP11831,HR,Central,Communication Skills,2025-12-31,Completed,54.4,76.5,254.05,4.2
EMP11832,HR,South,SQL Fundamentals,2025-01-28,Completed,43.9,51.9,283.39,3.6
EMP11833,Finance,Central,Communication Skills,2025-08-21,Completed,46.6,66.7,316.24,4.4
EMP11834,Customer Support,West,SQL Fundamentals,2024-12-18,Completed,42.0,72.0,322.21,4.9
EMP11835,Marketing,Central,Project Management,2025-05-11,Completed,45.1,76.6,256.81,4.0
EMP11836,HR,West,Cloud Computing Basics,2025-11-15,Dropped,34.8,,99.48,2.4
EMP11837,Operations,South,Data Visualization with Power BI,2024-10-11,Completed,50.0,72.3,477.57,5.0
EMP11838,Finance,East,Customer Service Excellence,2025-08-06,Dropped,66.9,,171.37,3.7
EMP11839,Finance,South,Project Management,2024-02-03,Completed,58.4,64.7,287.9,4.4
EMP11840,IT,East,Agile & Scrum,2025-07-04,In Progress,54.0,,282.23,
EMP11841,R&D,Central,Agile & Scrum,2024-09-07,Completed,65.3,91.8,515.0,4.9
EMP11842,Finance,South,Customer Service Excellence,2024-02-11,Dropped,20.6,,193.89,2.2
EMP11843,Operations,North,Data Visualization with Power BI,2024-03-06,Dropped,42.5,,88.21,2.4
EMP11844,Operations,North,Data Visualization with Power BI,2024-09-06,Completed,76.4,100.0,398.84,3.5
EMP11845,R&D,North,Agile & Scrum,2024-11-22,In Progress,46.8,,225.75,
EMP11846,Finance,West,Advanced Excel,2024-03-26,Completed,61.1,89.6,401.12,4.3
EMP11847,Finance,Central,Customer Service Excellence,2025-08-05,Completed,42.7,51.0,235.92,3.8
EMP11848,R&D,South,SQL Fundamentals,2025-09-21,Completed,37.1,51.1,167.72,3.5
EMP11849,Customer Support,Central,Communication Skills,2025-10-08,Completed,61.2,79.2,443.65,4.0
EMP11850,Operations,East,Communication Skills,2024-09-11,Completed,45.8,65.7,378.51,4.4
EMP11851,Operations,West,Advanced Excel,2025-05-14,Completed,26.4,51.2,513.85,4.4
EMP11852,R&D,South,Leadership Essentials,2025-03-18,Completed,56.9,85.5,242.83,4.0
EMP11853,Marketing,Central,Leadership Essentials,2024-04-21,Completed,75.0,80.0,383.14,4.4
EMP11854,Operations,East,Agile & Scrum,2024-04-15,Completed,58.4,93.6,388.08,3.7
EMP11855,HR,East,Leadership Essentials,2025-02-09,In Progress,55.4,,114.12,
EMP11856,HR,East,Agile & Scrum,2025-10-31,Completed,41.0,54.2,382.33,4.7
EMP11857,Operations,South,Communication Skills,2024-11-06,Completed,58.9,87.5,357.12,4.0
EMP11858,Marketing,East,Customer Service Excellence,2025-03-11,Completed,55.1,77.6,371.07,3.9
EMP11859,Customer Support,North,Cloud Computing Basics,2025-10-23,In Progress,49.9,,348.82,
EMP11860,Operations,North,Data Visualization with Power BI,2025-11-08,Completed,41.4,54.6,279.69,4.6
EMP11861,Sales,East,Cloud Computing Basics,2024-11-29,Completed,49.6,78.7,482.99,3.7
EMP11862,Finance,Central,Agile & Scrum,2024-10-07,Completed,71.8,100.0,238.07,5.0
EMP11863,Marketing,West,SQL Fundamentals,2024-02-17,In Progress,69.8,,252.55,
EMP11864,R&D,South,Communication Skills,2025-08-23,Completed,44.1,47.3,173.16,5.0
EMP11865,Marketing,East,Agile & Scrum,2025-03-24,Dropped,51.4,,141.81,1.9
EMP11866,HR,North,Project Management,2025-02-27,In Progress,50.5,,159.76,
EMP11867,Operations,Central,Data Visualization with Power BI,2024-03-31,Completed,60.3,70.8,158.59,3.5
EMP11868,Operations,Central,Agile & Scrum,2025-12-07,Completed,37.9,61.3,136.13,2.7
EMP11869,Marketing,East,Customer Service Excellence,2024-08-07,Completed,55.0,72.7,440.03,5.0
EMP11870,R&D,East,Project Management,2025-11-24,Dropped,41.7,,175.97,3.0
EMP11871,Sales,South,Advanced Excel,2025-02-24,Completed,47.8,57.8,319.63,4.1
EMP11872,Sales,Central,Project Management,2025-08-02,Completed,49.8,75.3,155.88,3.6
EMP11873,Marketing,Central,Customer Service Excellence,2025-08-11,Completed,56.3,81.4,280.69,3.3
EMP11874,IT,Central,Advanced Excel,2024-04-25,Completed,33.8,51.2,351.83,3.9
EMP11875,R&D,Central,Data Visualization with Power BI,2025-12-01,Completed,48.2,85.2,431.47,3.5
EMP11876,R&D,South,Project Management,2024-07-05,Completed,60.2,82.9,436.8,4.4
EMP11877,Customer Support,North,Cloud Computing Basics,2024-10-27,Completed,43.1,56.1,331.93,3.6
EMP11878,Sales,South,Project Management,2024-06-03,Completed,34.3,56.5,264.08,5.0
EMP11879,Marketing,Central,Customer Service Excellence,2025-11-12,Completed,51.5,68.6,340.45,4.7
EMP11880,HR,South,Leadership Essentials,2024-11-11,Completed,77.2,100.0,224.31,4.3
EMP11881,Sales,South,Agile & Scrum,2024-03-11,Completed,67.4,98.2,253.41,3.5
EMP11882,Finance,South,Communication Skills,2025-03-10,Dropped,35.8,,156.67,2.9
EMP11883,Marketing,North,Leadership Essentials,2024-05-06,In Progress,38.8,,277.24,
EMP11884,Sales,West,Data Visualization with Power BI,2024-02-20,Completed,38.8,53.6,285.99,4.5
EMP11885,Finance,West,SQL Fundamentals,2024-04-05,Dropped,49.1,,209.48,1.3
EMP11886,IT,South,Data Visualization with Power BI,2025-05-15,Completed,54.5,70.7,295.82,4.0
EMP11887,Marketing,West,Data Visualization with Power BI,2024-04-02,In Progress,45.2,,181.19,
EMP11888,R&D,East,Agile & Scrum,2025-04-12,Completed,76.7,93.6,390.65,4.0
EMP11889,Customer Support,North,Project Management,2024-11-13,In Progress,97.3,,237.78,
EMP11890,Operations,South,Advanced Excel,2025-10-21,In Progress,60.4,,264.62,
EMP11891,Sales,East,Project Management,2024-05-24,In Progress,48.5,,188.99,
EMP11892,Sales,South,Agile & Scrum,2024-05-23,Completed,41.5,63.2,281.81,3.1
EMP11893,Finance,East,Project Management,2025-02-28,In Progress,55.7,,321.12,
EMP11894,HR,South,Agile & Scrum,2025-11-15,Completed,49.4,68.5,155.16,4.3
EMP11895,Sales,West,Data Visualization with Power BI,2025-02-17,Completed,50.7,65.8,158.41,3.5
EMP11896,Marketing,North,Python for Data Analysis,2024-01-30,In Progress,71.1,,160.67,
EMP11897,HR,West,Python for Data Analysis,2025-01-21,Completed,69.0,99.6,429.7,3.2
EMP11898,HR,South,Advanced Excel,2024-12-23,In Progress,85.7,,282.55,
EMP11899,Customer Support,North,Advanced Excel,2025-04-20,Dropped,52.6,,176.77,2.8
EMP11900,HR,Central,Python for Data Analysis,2025-05-02,Completed,60.2,76.5,205.71,2.7
EMP11901,Marketing,Central,Project Management,2025-11-15,Completed,55.3,68.3,265.52,4.1
EMP11902,Finance,South,Data Visualization with Power BI,2024-05-12,In Progress,45.6,,267.66,
EMP11903,Finance,North,Advanced Excel,2025-02-17,Completed,58.0,79.9,418.84,4.7
EMP11904,Finance,South,Communication Skills,2025-11-06,Completed,72.4,90.7,416.93,3.8
EMP11905,Operations,South,Project Management,2025-01-18,Completed,49.9,79.6,447.62,5.0
EMP11906,Sales,West,Python for Data Analysis,2024-07-05,Completed,33.5,64.2,548.89,2.8
EMP11907,Finance,South,Cloud Computing Basics,2024-01-12,Completed,50.6,78.2,400.27,3.2
EMP11908,Finance,Central,Cloud Computing Basics,2024-08-07,Completed,37.4,54.1,179.74,3.4
EMP11909,R&D,North,Communication Skills,2025-06-10,Dropped,54.2,,252.68,4.0
EMP11910,Operations,East,Customer Service Excellence,2025-04-12,Completed,56.2,87.1,524.93,4.3
EMP11911,Operations,North,Project Management,2025-10-19,Completed,50.9,74.5,355.29,4.5
EMP11912,IT,South,Customer Service Excellence,2024-05-03,Completed,54.1,75.6,221.04,4.7
EMP11913,Marketing,East,Customer Service Excellence,2025-07-20,Dropped,52.3,,160.56,4.1
EMP11914,HR,West,Agile & Scrum,2024-05-25,In Progress,71.2,,226.22,
EMP11915,Sales,South,Project Management,2025-09-07,Completed,58.9,88.9,272.9,5.0
EMP11916,Sales,Central,Project Management,2024-08-23,Completed,39.2,71.7,349.7,3.9
EMP11917,Marketing,South,Advanced Excel,2024-06-18,Completed,40.0,57.6,515.47,3.1
EMP11918,HR,Central,SQL Fundamentals,2024-07-26,Completed,54.7,76.2,387.74,4.5
EMP11919,Customer Support,Central,Cloud Computing Basics,2025-04-24,Completed,66.4,97.0,477.13,3.7
EMP11920,Sales,North,Communication Skills,2025-07-23,Completed,64.2,82.0,278.93,4.1
EMP11921,IT,North,Cloud Computing Basics,2024-05-27,Completed,64.4,72.2,240.98,4.6
EMP11922,Customer Support,South,Cloud Computing Basics,2025-08-28,Completed,63.5,91.7,366.21,5.0
EMP11923,Finance,East,Leadership Essentials,2024-05-06,Completed,71.2,100.0,391.93,4.3
EMP11924,HR,South,Customer Service Excellence,2025-11-19,Completed,65.5,93.4,309.29,3.9
EMP11925,IT,Central,Communication Skills,2024-04-15,Completed,54.6,69.8,393.31,5.0
EMP11926,Finance,West,Communication Skills,2025-07-08,Completed,79.6,88.6,331.96,3.7
EMP11927,IT,East,Communication Skills,2025-01-25,In Progress,68.6,,274.97,
EMP11928,IT,West,Cloud Computing Basics,2024-06-21,In Progress,58.7,,408.64,
EMP11929,R&D,East,Data Visualization with Power BI,2024-04-15,Completed,41.1,65.7,463.09,3.1
EMP11930,Marketing,South,Customer Service Excellence,2025-03-18,Completed,61.0,75.1,568.44,5.0
EMP11931,Operations,East,Communication Skills,2025-06-04,Completed,36.1,50.6,448.04,2.5
EMP11932,Marketing,North,Python for Data Analysis,2025-12-31,In Progress,64.2,,204.31,
EMP11933,R&D,South,SQL Fundamentals,2025-11-12,Completed,60.5,70.3,461.69,4.7
EMP11934,Customer Support,Central,Agile & Scrum,2025-01-26,Completed,55.1,76.4,155.81,3.2
EMP11935,IT,Central,Advanced Excel,2024-09-01,Completed,66.6,91.8,514.48,4.8
EMP11936,Customer Support,West,Python for Data Analysis,2025-10-24,In Progress,56.7,,213.7,
EMP11937,Sales,West,Cloud Computing Basics,2024-01-27,Completed,51.8,73.6,296.22,5.0
EMP11938,Marketing,North,Communication Skills,2024-01-30,Completed,73.4,100.0,292.03,3.6
EMP11939,Marketing,East,Data Visualization with Power BI,2025-04-01,In Progress,57.8,,208.04,
EMP11940,R&D,East,Leadership Essentials,2025-07-25,Completed,50.4,70.8,265.16,5.0
EMP11941,Marketing,West,Project Management,2025-05-26,In Progress,69.5,,208.16,
EMP11942,Marketing,Central,Agile & Scrum,2024-08-21,Completed,38.5,69.9,360.27,4.6
EMP11943,IT,West,Project Management,2025-05-24,Completed,64.6,100.0,320.61,4.5
EMP11944,Operations,West,Project Management,2025-03-24,In Progress,59.1,,287.17,
EMP11945,HR,East,Python for Data Analysis,2024-07-13,Completed,45.6,62.4,263.73,3.9
EMP11946,Operations,Central,Agile & Scrum,2025-02-11,Completed,56.7,63.6,276.92,4.1
EMP11947,IT,North,SQL Fundamentals,2025-02-18,In Progress,49.3,,308.86,
EMP11948,Marketing,Central,Project Management,2024-05-16,Dropped,34.0,,141.01,3.6
EMP11949,Operations,Central,SQL Fundamentals,2024-11-27,Dropped,30.7,,167.45,4.8
EMP11950,Finance,Central,Leadership Essentials,2024-10-07,Completed,44.5,55.2,247.36,3.9
EMP11951,Finance,South,Data Visualization with Power BI,2025-10-25,In Progress,56.2,,210.11,
EMP11952,Sales,East,Data Visualization with Power BI,2025-09-18,Completed,62.6,81.5,321.04,2.7
EMP11953,Finance,West,Leadership Essentials,2025-08-17,Completed,26.6,51.4,399.8,3.4
EMP11954,Operations,East,Communication Skills,2025-01-14,Completed,70.8,85.2,229.0,4.8
EMP11955,Marketing,North,Leadership Essentials,2025-12-20,Completed,76.0,95.1,431.23,3.5
EMP11956,HR,North,Agile & Scrum,2025-05-02,Completed,49.8,65.1,222.32,3.8
EMP11957,Finance,East,Agile & Scrum,2025-04-21,Completed,71.1,77.6,262.49,4.1
EMP11958,R&D,West,SQL Fundamentals,2024-03-07,Dropped,55.5,,127.03,3.6
EMP11959,R&D,Central,Python for Data Analysis,2025-05-03,In Progress,52.8,,254.62,
EMP11960,IT,East,Advanced Excel,2024-10-09,Completed,56.2,75.1,455.85,4.5
EMP11961,R&D,West,Leadership Essentials,2024-08-08,Completed,47.7,65.5,91.74,5.0
EMP11962,Operations,East,Data Visualization with Power BI,2025-06-04,Dropped,58.1,,62.77,2.6
EMP11963,Marketing,North,SQL Fundamentals,2025-12-30,Completed,58.7,84.5,230.89,4.5
EMP11964,IT,Central,Advanced Excel,2025-02-27,Completed,71.4,87.5,539.46,4.6
EMP11965,Finance,Central,Leadership Essentials,2024-01-31,Completed,44.5,71.8,205.72,3.8
EMP11966,IT,East,Advanced Excel,2025-02-17,Completed,69.0,84.8,470.82,3.5
EMP11967,Customer Support,West,Customer Service Excellence,2024-12-17,Completed,58.3,79.8,204.63,4.5
EMP11968,HR,West,Communication Skills,2024-04-02,Completed,46.1,67.2,323.17,5.0
EMP11969,Finance,East,Advanced Excel,2025-04-07,Completed,68.0,90.3,375.2,3.8
EMP11970,Sales,Central,Python for Data Analysis,2024-03-01,Completed,53.0,79.8,246.58,5.0
EMP11971,Sales,Central,Python for Data Analysis,2024-11-30,Completed,69.2,83.5,181.54,3.8
EMP11972,Marketing,North,Leadership Essentials,2025-10-13,Completed,58.8,77.9,199.14,4.6
EMP11973,Finance,East,Advanced Excel,2024-06-07,Completed,55.5,83.0,517.3,2.7
EMP11974,R&D,South,Agile & Scrum,2025-03-31,Completed,51.6,57.4,227.01,4.2
EMP11975,IT,East,Communication Skills,2024-12-23,Completed,54.0,83.9,407.87,4.6
EMP11976,HR,North,Customer Service Excellence,2025-09-09,Completed,60.4,81.6,301.25,5.0
EMP11977,R&D,Central,Cloud Computing Basics,2024-04-29,Completed,56.7,79.2,174.37,4.7
EMP11978,Finance,East,Leadership Essentials,2025-05-17,Completed,34.1,57.4,419.38,4.3
EMP11979,Marketing,North,Customer Service Excellence,2025-12-25,Completed,39.8,71.0,367.33,5.0
EMP11980,IT,East,Agile & Scrum,2025-08-11,Completed,39.5,58.2,423.83,4.1
EMP11981,Finance,East,Project Management,2025-04-03,Completed,47.9,82.3,180.65,3.3
EMP11982,Customer Support,West,Cloud Computing Basics,2024-03-25,Completed,68.3,72.1,517.06,4.0
EMP11983,Marketing,Central,Customer Service Excellence,2025-02-02,Completed,54.9,67.9,281.95,4.1
EMP11984,Sales,Central,Python for Data Analysis,2024-04-01,Completed,56.9,84.2,491.25,3.4
EMP11985,HR,East,Python for Data Analysis,2024-01-29,Completed,57.9,85.7,362.18,3.7
EMP11986,Finance,East,Agile & Scrum,2025-12-01,In Progress,51.9,,478.88,
EMP11987,HR,Central,Project Management,2025-12-16,Completed,43.8,57.8,228.38,4.6
EMP11988,R&D,South,Data Visualization with Power BI,2024-11-23,Completed,44.8,61.7,217.26,4.6
EMP11989,Finance,Central,SQL Fundamentals,2024-02-16,Dropped,51.5,,53.31,2.6
EMP11990,Operations,North,Data Visualization with Power BI,2024-12-04,Dropped,33.9,,140.52,2.9
EMP11991,Marketing,West,Python for Data Analysis,2024-05-25,Completed,67.7,97.4,499.19,4.6
EMP11992,Operations,West,SQL Fundamentals,2025-10-03,Completed,54.0,81.2,642.14,3.7
EMP11993,Operations,West,Python for Data Analysis,2025-02-27,Completed,78.8,100.0,336.56,4.4
EMP11994,Operations,Central,Python for Data Analysis,2025-12-10,Completed,53.2,69.9,499.71,4.7
EMP11995,HR,South,Advanced Excel,2024-04-27,Completed,57.2,72.5,344.17,2.9
EMP11996,HR,Central,Project Management,2024-09-19,Dropped,64.8,,315.46,2.4
EMP11997,Operations,Central,Communication Skills,2025-08-06,Completed,46.6,60.2,220.04,4.1
EMP11998,Finance,North,Agile & Scrum,2024-07-24,Completed,64.2,80.0,343.02,5.0
EMP11999,R&D,North,Advanced Excel,2024-02-08,In Progress,54.5,,287.49,
EMP12000,IT,North,Data Visualization with Power BI,2025-09-22,Completed,42.3,72.9,546.81,4.8
EMP12001,R&D,Central,Python for Data Analysis,2025-05-30,Completed,54.8,53.2,217.45,3.7
EMP12002,Marketing,North,SQL Fundamentals,2024-06-05,Completed,43.3,66.3,235.52,3.8
EMP12003,Marketing,West,Data Visualization with Power BI,2024-02-27,Completed,42.3,58.6,215.34,4.9
EMP12004,IT,South,Leadership Essentials,2024-07-18,Completed,48.8,67.1,522.37,4.3
EMP12005,Sales,West,Advanced Excel,2025-09-08,Completed,18.5,48.7,326.99,5.0
EMP12006,HR,Central,Project Management,2024-04-24,Completed,43.3,61.7,343.44,3.6
EMP12007,Sales,Central,Leadership Essentials,2024-11-25,Completed,31.6,44.7,199.31,5.0
EMP12008,Finance,North,Cloud Computing Basics,2025-07-30,Completed,69.9,94.7,368.12,2.8
EMP12009,IT,South,Python for Data Analysis,2025-07-12,Completed,53.6,72.0,523.48,4.3
EMP12010,Customer Support,East,SQL Fundamentals,2025-04-05,Dropped,62.2,,146.33,3.5
EMP12011,Operations,East,Customer Service Excellence,2024-06-05,Completed,38.5,56.7,328.47,5.0
EMP12012,HR,East,Leadership Essentials,2024-09-20,In Progress,83.4,,324.77,
EMP12013,Sales,West,Communication Skills,2024-02-13,Completed,57.9,82.3,390.73,4.1
EMP12014,Finance,West,Leadership Essentials,2024-12-27,Completed,55.2,86.9,354.72,3.7
EMP12015,Customer Support,West,Customer Service Excellence,2025-02-01,Completed,65.2,79.9,223.93,3.8
EMP12016,Customer Support,South,Agile & Scrum,2024-09-08,Completed,45.1,56.8,340.17,3.5
EMP12017,Finance,Central,Project Management,2025-07-15,In Progress,44.0,,306.32,
EMP12018,Marketing,East,Data Visualization with Power BI,2024-05-24,Completed,49.0,80.4,441.84,5.0
EMP12019,R&D,East,SQL Fundamentals,2024-02-22,Completed,58.7,78.9,401.61,3.3
EMP12020,HR,West,Agile & Scrum,2024-07-03,Dropped,43.1,,156.38,3.1
EMP12021,Finance,West,SQL Fundamentals,2024-06-25,Completed,48.3,78.6,598.68,4.6
EMP12022,HR,West,SQL Fundamentals,2024-06-03,Completed,49.4,61.1,342.53,3.7
EMP12023,HR,West,Project Management,2025-09-19,Completed,55.7,74.6,523.23,2.8
EMP12024,IT,North,Advanced Excel,2024-01-09,Dropped,78.6,,138.37,3.0
EMP12025,IT,East,Project Management,2024-06-03,Dropped,60.4,,183.27,2.9
EMP12026,IT,East,SQL Fundamentals,2025-08-20,Dropped,58.1,,138.16,2.3
EMP12027,Marketing,South,Communication Skills,2024-04-13,In Progress,52.0,,240.71,
EMP12028,HR,South,Cloud Computing Basics,2025-06-29,Dropped,48.9,,187.57,2.9
EMP12029,R&D,East,Data Visualization with Power BI,2025-11-10,Dropped,63.8,,173.12,3.6
EMP12030,Sales,South,Cloud Computing Basics,2025-01-23,Completed,39.3,58.5,114.85,4.1
EMP12031,Marketing,West,SQL Fundamentals,2024-07-05,Completed,71.7,94.8,306.93,4.4
EMP12032,Marketing,East,Advanced Excel,2024-03-11,Completed,47.4,74.0,378.95,4.0
EMP12033,Customer Support,South,Advanced Excel,2024-07-20,Dropped,43.0,,130.98,3.9
EMP12034,IT,East,SQL Fundamentals,2024-01-17,Completed,63.4,70.4,453.13,4.9
EMP12035,HR,East,Communication Skills,2025-06-09,Completed,56.2,76.4,527.33,4.4
EMP12036,R&D,East,Leadership Essentials,2025-10-26,Completed,33.8,62.1,283.8,3.5
EMP12037,R&D,West,Project Management,2024-10-06,Completed,52.0,70.6,426.95,4.1
EMP12038,IT,East,Agile & Scrum,2024-05-13,In Progress,67.4,,270.29,
EMP12039,Sales,Central,Python for Data Analysis,2025-01-24,Completed,61.5,80.9,342.14,3.3
EMP12040,Customer Support,North,Communication Skills,2025-01-19,Completed,36.3,58.6,417.68,3.1
EMP12041,Customer Support,East,Leadership Essentials,2024-09-24,Completed,43.9,62.3,283.65,4.3
EMP12042,Operations,North,Customer Service Excellence,2024-03-27,In Progress,54.3,,179.31,
EMP12043,IT,North,Leadership Essentials,2024-09-05,Completed,62.6,98.7,290.47,5.0
EMP12044,HR,Central,Data Visualization with Power BI,2024-03-18,Completed,64.5,72.3,271.57,5.0
EMP12045,Marketing,Central,Advanced Excel,2025-08-19,Completed,49.2,81.1,302.52,3.9
EMP12046,Marketing,North,SQL Fundamentals,2024-02-27,Completed,60.7,74.2,191.64,4.8
EMP12047,IT,South,Advanced Excel,2024-04-03,Completed,42.4,57.1,457.99,4.6
EMP12048,Finance,North,Advanced Excel,2024-11-24,Completed,38.8,56.0,184.14,4.1
EMP12049,Finance,West,SQL Fundamentals,2024-07-09,Completed,41.2,80.1,475.62,3.5
EMP12050,Sales,West,Leadership Essentials,2024-01-07,Completed,50.6,69.2,311.89,4.5
EMP12051,HR,Central,SQL Fundamentals,2025-12-17,Completed,51.3,63.4,219.28,5.0
EMP12052,HR,East,Data Visualization with Power BI,2025-02-08,Completed,75.8,79.8,505.12,4.2
EMP12053,Customer Support,Central,Communication Skills,2025-03-12,Completed,50.8,71.0,251.47,4.3
EMP12054,Finance,Central,Python for Data Analysis,2025-11-30,Completed,51.3,70.6,328.73,3.7
EMP12055,Sales,North,Customer Service Excellence,2024-03-02,Completed,60.5,84.5,314.14,4.7
EMP12056,R&D,North,Advanced Excel,2025-08-25,Completed,45.7,62.9,221.45,4.1
EMP12057,IT,Central,Communication Skills,2024-11-22,Completed,49.0,66.9,328.57,5.0
EMP12058,Marketing,West,Communication Skills,2024-11-16,Completed,52.8,88.6,540.21,4.2
EMP12059,Finance,Central,Leadership Essentials,2025-12-08,Completed,56.2,72.9,342.33,2.5
EMP12060,Marketing,West,Customer Service Excellence,2025-04-08,Completed,45.7,61.3,599.69,3.8
EMP12061,Customer Support,North,Leadership Essentials,2025-01-25,Dropped,84.3,,239.41,2.8
EMP12062,Customer Support,East,Python for Data Analysis,2025-11-08,Dropped,37.7,,201.32,3.0
EMP12063,HR,South,Advanced Excel,2025-02-04,Completed,52.0,55.0,344.12,4.6
EMP12064,Finance,North,Customer Service Excellence,2024-06-11,Completed,36.0,59.4,385.61,4.4
EMP12065,Finance,South,Customer Service Excellence,2025-05-26,Completed,45.5,75.6,165.89,3.8
EMP12066,Sales,East,Advanced Excel,2024-11-27,Completed,30.4,62.5,395.28,4.5
EMP12067,HR,South,Agile & Scrum,2024-08-09,Completed,49.7,67.5,199.11,3.3
EMP12068,HR,East,Communication Skills,2025-09-25,Completed,29.6,45.7,261.59,3.9
EMP12069,HR,Central,Communication Skills,2025-01-17,In Progress,54.5,,264.75,
EMP12070,Marketing,Central,Customer Service Excellence,2024-01-19,Completed,71.2,100.0,330.71,4.4
EMP12071,Finance,East,Data Visualization with Power BI,2025-10-11,Dropped,40.2,,237.19,3.2
EMP12072,Marketing,Central,Project Management,2024-07-18,Dropped,57.4,,84.98,4.1
EMP12073,Finance,Central,SQL Fundamentals,2024-09-12,Completed,41.2,70.0,408.83,4.3
EMP12074,Marketing,Central,Advanced Excel,2024-05-31,Completed,54.8,69.9,133.04,4.0
EMP12075,R&D,West,SQL Fundamentals,2024-09-29,Completed,41.5,71.3,351.78,4.7
EMP12076,Operations,South,Project Management,2025-04-30,Completed,34.3,53.4,565.59,3.2
EMP12077,Marketing,East,SQL Fundamentals,2025-07-29,Completed,48.0,61.3,246.59,4.1
EMP12078,R&D,East,SQL Fundamentals,2024-07-23,In Progress,72.8,,428.26,
EMP12079,Finance,Central,SQL Fundamentals,2024-10-29,Completed,38.2,43.0,461.28,4.1
EMP12080,Operations,South,Cloud Computing Basics,2025-12-18,In Progress,37.9,,254.46,
EMP12081,Operations,East,Data Visualization with Power BI,2024-10-30,Completed,63.0,84.8,534.75,5.0
EMP12082,Customer Support,North,Project Management,2024-05-31,Completed,45.1,58.8,353.78,4.7
EMP12083,HR,Central,Customer Service Excellence,2024-04-20,Dropped,55.2,,194.32,1.9
EMP12084,Finance,Central,Customer Service Excellence,2024-06-15,Completed,45.9,67.1,245.35,5.0
EMP12085,IT,North,Project Management,2025-05-03,Completed,36.1,49.7,300.28,4.8
EMP12086,Customer Support,Central,Python for Data Analysis,2025-03-20,Completed,53.5,71.4,279.05,4.4
EMP12087,Marketing,Central,Python for Data Analysis,2024-10-16,Completed,58.7,74.8,351.75,3.5
EMP12088,Sales,South,Customer Service Excellence,2024-03-10,Completed,50.5,72.1,20.0,4.3
EMP12089,HR,South,Advanced Excel,2024-12-31,Completed,45.3,64.2,265.2,5.0
EMP12090,IT,West,Cloud Computing Basics,2024-03-04,Completed,57.0,91.0,518.64,3.2
EMP12091,HR,Central,Advanced Excel,2025-04-04,Completed,45.4,63.4,241.09,3.5
EMP12092,Finance,North,Agile & Scrum,2024-02-23,Completed,87.7,100.0,524.52,4.9
EMP12093,R&D,North,Python for Data Analysis,2024-08-26,Dropped,32.1,,172.92,2.9
EMP12094,Marketing,East,Cloud Computing Basics,2025-11-17,Completed,44.8,74.5,501.12,4.6
EMP12095,R&D,North,Cloud Computing Basics,2024-03-10,Completed,50.0,63.2,476.13,3.8
EMP12096,Finance,South,SQL Fundamentals,2024-01-08,Completed,33.1,38.6,198.44,4.2
EMP12097,Marketing,Central,Leadership Essentials,2024-08-05,Completed,55.1,84.7,112.62,3.7
EMP12098,Operations,East,Agile & Scrum,2025-06-07,Completed,79.5,93.5,321.22,3.4
EMP12099,Operations,East,Data Visualization with Power BI,2024-09-23,Completed,50.4,71.9,560.01,4.4
EMP12100,R&D,North,Customer Service Excellence,2025-10-29,Completed,51.0,85.2,375.59,2.6
EMP12101,HR,North,Python for Data Analysis,2024-04-19,Completed,44.9,77.9,214.63,4.2
EMP12102,Operations,South,SQL Fundamentals,2025-01-04,Completed,63.0,92.1,433.22,4.5
EMP12103,Finance,Central,Communication Skills,2025-06-07,Completed,49.2,71.2,269.98,4.1
EMP12104,HR,East,Data Visualization with Power BI,2025-02-01,Completed,30.8,55.5,279.69,3.9
EMP12105,HR,West,Customer Service Excellence,2025-09-03,Completed,46.1,66.4,452.92,1.6
EMP12106,IT,Central,Advanced Excel,2024-02-01,Completed,44.5,70.8,212.09,3.5
EMP12107,Sales,East,Customer Service Excellence,2025-08-04,Dropped,73.0,,150.09,3.4
EMP12108,Marketing,South,Data Visualization with Power BI,2025-01-16,Completed,49.0,75.3,318.23,3.9
EMP12109,Sales,East,Python for Data Analysis,2024-11-05,Completed,59.9,77.1,320.39,5.0
EMP12110,IT,North,Customer Service Excellence,2024-01-15,Completed,62.4,96.0,410.46,4.8
EMP12111,R&D,Central,Agile & Scrum,2024-10-03,Completed,60.3,89.1,323.2,4.7
EMP12112,IT,South,Data Visualization with Power BI,2025-02-11,Completed,47.1,77.1,207.02,3.6
EMP12113,R&D,West,Customer Service Excellence,2024-06-28,Dropped,73.5,,172.93,2.6
EMP12114,IT,East,Communication Skills,2025-05-05,Completed,44.5,69.2,270.16,3.2
EMP12115,Operations,South,Data Visualization with Power BI,2025-04-03,In Progress,59.0,,529.96,
EMP12116,Sales,Central,Cloud Computing Basics,2025-12-20,Completed,63.0,79.3,237.03,4.9
EMP12117,Sales,East,Project Management,2025-09-04,Completed,40.2,60.8,339.91,5.0
EMP12118,HR,East,Project Management,2025-07-18,Completed,55.2,90.3,207.86,3.1
EMP12119,Marketing,West,Leadership Essentials,2025-02-15,Completed,35.6,60.6,377.56,4.2
EMP12120,HR,West,Agile & Scrum,2025-01-03,Dropped,56.2,,114.07,2.3
EMP12121,Operations,South,Project Management,2025-10-22,Completed,56.4,65.0,421.19,5.0
EMP12122,HR,North,Project Management,2025-10-02,Completed,57.5,84.4,276.57,4.6
EMP12123,HR,Central,Leadership Essentials,2025-12-10,Completed,47.4,74.2,281.41,4.4
EMP12124,Sales,Central,Advanced Excel,2024-01-05,Completed,72.0,96.3,473.52,4.6
EMP12125,HR,South,Project Management,2024-04-29,Completed,55.3,79.8,241.51,4.7
EMP12126,Customer Support,Central,Cloud Computing Basics,2025-08-13,Completed,55.6,78.6,469.06,3.4
EMP12127,IT,South,Customer Service Excellence,2025-12-11,In Progress,38.1,,160.09,
EMP12128,Sales,Central,Advanced Excel,2024-05-27,Dropped,70.1,,216.96,3.2
EMP12129,Finance,West,Communication Skills,2025-07-08,Completed,62.3,96.0,410.93,4.1
EMP12130,Sales,North,Communication Skills,2024-07-31,Completed,34.3,61.9,548.48,4.9
EMP12131,IT,East,Customer Service Excellence,2025-03-08,Dropped,50.3,,275.77,2.4
EMP12132,Sales,Central,Communication Skills,2025-02-01,Completed,64.8,91.6,223.87,4.8
EMP12133,R&D,Central,SQL Fundamentals,2025-11-26,Completed,52.3,66.8,285.91,3.8
EMP12134,Marketing,East,Python for Data Analysis,2025-12-18,Completed,56.3,99.2,333.58,4.2
EMP12135,IT,West,SQL Fundamentals,2024-12-25,Dropped,54.4,,255.69,2.1
EMP12136,Sales,West,Python for Data Analysis,2024-03-29,Completed,68.5,91.4,334.49,3.5
EMP12137,IT,South,Advanced Excel,2025-01-23,Completed,49.6,72.2,174.57,4.9
EMP12138,R&D,North,Project Management,2025-07-19,Completed,51.2,74.4,279.98,2.8
EMP12139,Customer Support,North,Python for Data Analysis,2024-05-11,Completed,46.8,62.4,485.37,4.2
EMP12140,R&D,North,Agile & Scrum,2025-04-19,Completed,48.3,73.7,488.36,5.0
EMP12141,Sales,East,SQL Fundamentals,2025-12-15,Completed,31.9,58.5,264.31,4.0
EMP12142,Operations,South,Python for Data Analysis,2025-09-07,Completed,50.2,73.1,190.26,4.2
EMP12143,HR,North,Data Visualization with Power BI,2025-05-12,Completed,44.2,62.6,365.94,4.3
EMP12144,HR,West,Python for Data Analysis,2024-07-06,Completed,65.2,83.2,552.75,4.3
EMP12145,R&D,South,Customer Service Excellence,2024-04-28,Completed,69.0,90.5,266.47,3.9
EMP12146,Sales,West,Customer Service Excellence,2025-12-16,Completed,41.2,61.7,533.52,4.6
EMP12147,Marketing,Central,Advanced Excel,2025-04-30,Completed,51.8,75.5,372.21,3.5
EMP12148,Customer Support,North,Advanced Excel,2024-09-26,In Progress,54.1,,451.2,
EMP12149,Marketing,West,Cloud Computing Basics,2024-09-06,Dropped,48.3,,112.08,2.5
EMP12150,Sales,South,Advanced Excel,2024-07-10,Completed,62.9,81.7,417.91,5.0
EMP12151,Marketing,Central,Communication Skills,2024-03-09,Dropped,41.4,,231.97,2.7
EMP12152,Customer Support,North,Agile & Scrum,2024-08-25,Completed,51.1,89.1,306.61,3.9
EMP12153,Customer Support,North,Project Management,2025-06-06,In Progress,61.5,,144.97,
EMP12154,Operations,Central,Agile & Scrum,2024-11-06,In Progress,44.7,,164.7,
EMP12155,Marketing,South,Customer Service Excellence,2024-07-12,Completed,44.4,43.6,453.25,4.5
EMP12156,Finance,North,Leadership Essentials,2025-07-20,Completed,56.8,67.5,362.47,3.7
EMP12157,HR,South,Agile & Scrum,2024-03-10,Completed,42.8,71.7,155.67,4.7
EMP12158,HR,South,Cloud Computing Basics,2025-01-05,Dropped,62.4,,222.1,3.8
EMP12159,Sales,West,Python for Data Analysis,2025-02-08,Completed,89.4,100.0,473.75,5.0
EMP12160,Marketing,West,Customer Service Excellence,2024-08-18,Completed,47.9,72.5,278.94,3.7
EMP12161,Customer Support,South,Data Visualization with Power BI,2025-06-17,Completed,39.2,59.3,221.58,5.0
EMP12162,Sales,West,Advanced Excel,2024-03-27,Completed,56.7,82.5,155.69,4.9
EMP12163,Sales,East,Communication Skills,2024-10-14,Completed,62.0,81.9,348.6,4.2
EMP12164,Marketing,East,Customer Service Excellence,2025-05-14,Completed,40.7,54.6,462.05,2.7
EMP12165,HR,West,Project Management,2025-12-09,Completed,71.0,92.0,255.86,3.2
EMP12166,IT,East,Communication Skills,2024-10-22,Completed,37.1,50.1,184.57,4.4
EMP12167,Marketing,South,SQL Fundamentals,2024-12-22,Dropped,67.5,,133.42,2.5
EMP12168,Customer Support,East,Communication Skills,2025-03-10,Completed,51.7,79.9,275.1,4.6
EMP12169,HR,East,Data Visualization with Power BI,2025-12-03,Completed,61.8,82.1,369.73,4.5
EMP12170,Marketing,South,Customer Service Excellence,2025-06-16,Completed,55.0,74.8,453.65,3.8
EMP12171,Operations,South,Data Visualization with Power BI,2025-10-10,In Progress,60.6,,290.53,
EMP12172,R&D,East,Data Visualization with Power BI,2025-05-10,Completed,69.1,81.0,370.91,5.0
EMP12173,Marketing,South,Communication Skills,2024-03-14,Completed,62.2,77.0,348.82,4.2
EMP12174,Customer Support,North,Advanced Excel,2024-09-17,Dropped,33.7,,223.84,3.1
EMP12175,Operations,Central,SQL Fundamentals,2024-07-22,Completed,52.9,85.8,380.98,4.0
EMP12176,R&D,Central,Advanced Excel,2025-03-23,Completed,28.4,69.8,207.92,5.0
EMP12177,HR,North,Project Management,2024-02-12,In Progress,31.3,,269.4,
EMP12178,IT,Central,Agile & Scrum,2024-05-10,In Progress,37.7,,487.24,
EMP12179,Customer Support,South,Python for Data Analysis,2025-08-03,Completed,59.9,74.4,273.33,4.9
EMP12180,Operations,East,Cloud Computing Basics,2024-08-24,Completed,66.7,88.8,448.67,3.1
EMP12181,Operations,Central,Project Management,2024-06-04,Completed,51.8,62.7,515.96,5.0
EMP12182,Finance,South,Cloud Computing Basics,2025-07-08,Completed,54.5,93.8,232.17,4.2
EMP12183,Operations,West,Advanced Excel,2024-09-09,In Progress,47.4,,306.85,
EMP12184,Finance,West,SQL Fundamentals,2024-06-26,Dropped,42.9,,123.63,3.2
EMP12185,Sales,South,Communication Skills,2025-08-16,In Progress,49.5,,351.51,
EMP12186,R&D,South,Data Visualization with Power BI,2024-03-24,Completed,50.4,69.2,425.84,4.9
EMP12187,HR,West,SQL Fundamentals,2024-01-24,Completed,62.7,79.5,289.79,3.7
EMP12188,R&D,West,Agile & Scrum,2024-11-25,Completed,58.9,73.0,395.13,4.6
EMP12189,Customer Support,West,SQL Fundamentals,2025-01-16,Completed,34.4,49.0,220.63,3.7
EMP12190,Customer Support,South,Cloud Computing Basics,2024-08-11,Completed,77.7,100.0,343.24,3.5
EMP12191,Finance,East,Data Visualization with Power BI,2025-09-06,In Progress,50.8,,211.24,
EMP12192,Finance,North,Customer Service Excellence,2024-01-23,Completed,62.0,93.7,383.34,4.1
EMP12193,Customer Support,North,Customer Service Excellence,2025-04-01,Dropped,64.8,,202.39,2.0
EMP12194,Operations,East,Data Visualization with Power BI,2025-01-10,Dropped,57.3,,212.12,1.9
EMP12195,HR,South,Data Visualization with Power BI,2025-10-22,Completed,79.9,100.0,379.66,3.7
EMP12196,Sales,West,Project Management,2024-08-22,Completed,63.6,95.8,261.1,4.5
EMP12197,Sales,East,Advanced Excel,2024-09-18,Completed,73.0,92.5,267.72,4.8
EMP12198,Customer Support,East,Leadership Essentials,2025-02-23,Completed,60.2,81.3,367.36,4.1
EMP12199,Finance,North,SQL Fundamentals,2025-08-09,Completed,71.1,87.2,622.26,3.6
EMP12200,Operations,Central,Customer Service Excellence,2024-06-20,Completed,66.7,69.6,146.28,3.7
EMP12201,IT,North,Advanced Excel,2024-07-02,Completed,43.6,40.5,261.48,4.0
EMP12202,Marketing,South,Leadership Essentials,2024-07-10,Completed,55.7,64.7,200.11,4.2
EMP12203,HR,East,Agile & Scrum,2025-05-27,Completed,73.0,100.0,205.4,4.6
EMP12204,HR,South,Python for Data Analysis,2024-06-08,In Progress,78.8,,147.35,
EMP12205,Marketing,Central,Communication Skills,2024-09-08,Completed,38.2,59.5,482.86,5.0
EMP12206,Finance,South,SQL Fundamentals,2024-03-09,Dropped,50.6,,167.84,1.4
EMP12207,Operations,West,Agile & Scrum,2025-11-24,Completed,66.4,94.7,347.6,3.7
EMP12208,Customer Support,Central,Customer Service Excellence,2025-06-16,Completed,39.5,62.2,319.36,3.3
EMP12209,Customer Support,East,Agile & Scrum,2024-06-19,Completed,49.9,68.0,357.99,3.7
EMP12210,Sales,South,Advanced Excel,2025-01-11,In Progress,55.9,,180.59,
EMP12211,Customer Support,West,Cloud Computing Basics,2025-01-17,Completed,57.2,71.3,339.04,4.2
EMP12212,Sales,South,Cloud Computing Basics,2024-05-30,Completed,37.0,67.0,395.42,3.5
EMP12213,HR,East,Cloud Computing Basics,2024-05-25,Completed,69.0,98.4,233.25,4.1
EMP12214,Operations,West,Cloud Computing Basics,2025-12-30,Completed,66.4,93.8,207.31,3.7
EMP12215,HR,West,Python for Data Analysis,2024-05-29,In Progress,30.1,,202.7,
EMP12216,Operations,East,Python for Data Analysis,2025-04-21,Dropped,51.9,,272.36,3.5
EMP12217,IT,Central,Communication Skills,2025-06-08,Completed,71.0,87.4,193.27,4.9
EMP12218,IT,East,Project Management,2024-11-13,Dropped,63.1,,139.41,1.4
EMP12219,IT,South,Agile & Scrum,2024-03-02,Completed,31.2,51.1,223.74,4.4
EMP12220,Marketing,North,Customer Service Excellence,2024-12-08,In Progress,42.4,,342.31,
EMP12221,Marketing,Central,Project Management,2025-01-11,Completed,53.8,71.9,548.2,4.1
EMP12222,IT,West,Customer Service Excellence,2025-06-10,Completed,68.8,100.0,399.99,4.4
EMP12223,IT,South,Cloud Computing Basics,2025-11-07,Completed,26.2,42.8,382.51,3.8
EMP12224,Operations,South,Leadership Essentials,2024-04-05,Completed,41.1,47.3,334.13,4.1
EMP12225,Finance,North,Python for Data Analysis,2024-01-13,Dropped,67.4,,91.46,2.9
EMP12226,Finance,West,Leadership Essentials,2025-07-14,Completed,31.8,39.7,201.67,3.2
EMP12227,IT,South,Python for Data Analysis,2025-05-09,In Progress,53.1,,174.29,
EMP12228,R&D,South,Customer Service Excellence,2024-03-22,Completed,59.1,79.2,353.42,4.1
EMP12229,Marketing,West,Communication Skills,2025-07-25,Completed,40.8,66.1,474.99,4.1
EMP12230,Marketing,Central,Leadership Essentials,2025-11-29,In Progress,65.6,,403.95,
EMP12231,Operations,Central,Data Visualization with Power BI,2024-01-23,Completed,43.6,64.1,268.62,4.3
EMP12232,Operations,West,Cloud Computing Basics,2025-08-28,Completed,62.0,86.2,193.18,5.0
EMP12233,HR,Central,Data Visualization with Power BI,2024-09-11,Completed,53.5,68.2,157.97,4.5
EMP12234,Marketing,West,Cloud Computing Basics,2025-08-03,Completed,59.2,76.2,138.21,3.6
EMP12235,HR,Central,Customer Service Excellence,2024-03-08,Completed,49.4,80.1,262.66,4.1
EMP12236,Customer Support,West,Leadership Essentials,2025-04-29,Dropped,74.6,,123.65,2.8
EMP12237,IT,East,Data Visualization with Power BI,2025-05-18,Dropped,59.1,,149.82,2.2
EMP12238,Finance,West,Cloud Computing Basics,2024-10-20,Completed,36.8,66.2,265.93,3.8
EMP12239,HR,Central,Project Management,2025-01-20,In Progress,42.6,,216.8,
EMP12240,IT,North,Python for Data Analysis,2025-07-07,Completed,45.9,66.8,272.45,4.7
EMP12241,HR,North,Python for Data Analysis,2024-06-30,Completed,54.7,62.6,389.75,5.0
EMP12242,Marketing,Central,Advanced Excel,2024-06-18,In Progress,63.7,,217.34,
EMP12243,IT,North,SQL Fundamentals,2024-02-10,Completed,53.6,71.3,270.75,5.0
EMP12244,Customer Support,West,Advanced Excel,2025-08-30,Completed,45.6,63.8,486.01,4.9
EMP12245,Operations,South,Advanced Excel,2025-09-12,In Progress,73.3,,262.85,
EMP12246,IT,West,SQL Fundamentals,2025-12-06,Completed,52.0,48.1,329.89,4.3
EMP12247,HR,West,Customer Service Excellence,2025-06-05,Completed,56.7,79.1,528.44,3.2
EMP12248,Customer Support,West,Data Visualization with Power BI,2025-11-13,Completed,62.6,90.1,291.24,4.8
EMP12249,HR,South,Python for Data Analysis,2024-03-01,Completed,50.1,71.5,231.46,4.2
EMP12250,IT,West,Leadership Essentials,2024-03-16,Completed,67.0,94.1,417.39,5.0
EMP12251,Marketing,Central,Data Visualization with Power BI,2025-05-08,Completed,56.0,47.3,192.58,5.0
EMP12252,Operations,South,Customer Service Excellence,2024-02-04,Completed,45.4,64.2,366.74,3.8
EMP12253,Marketing,North,Python for Data Analysis,2024-09-15,Completed,36.3,49.7,367.38,4.3
EMP12254,Customer Support,East,Customer Service Excellence,2024-11-30,Completed,62.7,78.4,464.6,3.4
EMP12255,Marketing,Central,Leadership Essentials,2024-06-17,Dropped,56.1,,88.1,3.8
EMP12256,R&D,East,Leadership Essentials,2024-05-23,Completed,52.4,63.7,448.02,2.9
EMP12257,Operations,South,Leadership Essentials,2024-02-09,Completed,61.5,87.1,466.22,4.7
EMP12258,Marketing,Central,Project Management,2024-01-03,Completed,49.8,89.3,434.11,3.9
EMP12259,Finance,South,Project Management,2025-11-05,In Progress,55.1,,372.59,
EMP12260,Operations,Central,Cloud Computing Basics,2025-08-27,Completed,30.5,47.9,437.3,4.8
EMP12261,Customer Support,North,Customer Service Excellence,2025-08-28,Completed,66.0,80.1,332.11,5.0
EMP12262,Sales,East,Project Management,2025-02-21,Completed,57.6,79.5,305.32,4.0
EMP12263,Customer Support,West,SQL Fundamentals,2024-08-24,Dropped,43.8,,202.8,1.5
EMP12264,R&D,East,Communication Skills,2024-02-09,In Progress,50.2,,633.87,
EMP12265,Operations,West,Communication Skills,2025-06-27,Completed,63.1,81.8,142.18,3.4
EMP12266,Finance,West,Python for Data Analysis,2024-02-18,Dropped,39.7,,203.09,2.7
EMP12267,Customer Support,North,Agile & Scrum,2025-10-17,In Progress,68.5,,371.45,
EMP12268,Sales,West,SQL Fundamentals,2025-06-30,Completed,51.1,75.3,388.1,3.7
EMP12269,Finance,West,Agile & Scrum,2024-12-02,Completed,52.7,74.0,483.27,2.5
EMP12270,Sales,West,Advanced Excel,2025-10-24,Completed,65.0,78.5,377.56,3.6
EMP12271,IT,South,Communication Skills,2025-11-04,Completed,37.3,67.8,261.69,3.7
EMP12272,HR,West,Data Visualization with Power BI,2024-06-16,Completed,41.5,66.5,331.89,5.0
EMP12273,IT,North,Leadership Essentials,2024-01-04,Dropped,41.8,,101.33,3.5
EMP12274,HR,North,Customer Service Excellence,2024-05-04,Completed,71.5,100.0,329.76,2.0
EMP12275,IT,West,SQL Fundamentals,2024-03-26,Completed,66.3,89.5,186.98,3.4
EMP12276,HR,West,Data Visualization with Power BI,2024-09-13,Completed,32.1,53.4,438.3,5.0
EMP12277,IT,South,Leadership Essentials,2024-06-13,Completed,81.3,100.0,613.44,4.8
EMP12278,Finance,West,Project Management,2024-12-14,In Progress,59.5,,290.64,
EMP12279,IT,Central,Cloud Computing Basics,2024-06-20,Completed,67.4,100.0,451.71,3.8
EMP12280,IT,South,Customer Service Excellence,2025-04-13,Completed,56.7,85.4,409.55,4.7
EMP12281,Finance,North,Python for Data Analysis,2024-07-11,Completed,77.9,94.8,230.84,3.9
EMP12282,Marketing,East,Cloud Computing Basics,2024-01-08,Dropped,88.1,,135.96,2.8
EMP12283,HR,North,SQL Fundamentals,2025-07-28,Completed,65.4,93.6,440.44,4.0
EMP12284,R&D,West,Agile & Scrum,2024-12-14,Completed,45.1,63.2,145.56,2.7
EMP12285,Marketing,South,Communication Skills,2025-03-11,Completed,76.7,100.0,324.78,4.1
EMP12286,Operations,South,Communication Skills,2024-06-05,Completed,53.1,73.2,322.5,4.1
EMP12287,Marketing,North,Customer Service Excellence,2024-11-03,Completed,52.4,83.5,267.75,4.2
EMP12288,Marketing,South,Advanced Excel,2025-06-21,Completed,67.4,92.5,143.83,3.4
EMP12289,IT,North,Communication Skills,2024-11-21,In Progress,56.8,,216.44,
EMP12290,Finance,Central,Advanced Excel,2024-02-20,Completed,56.0,77.9,310.19,5.0
EMP12291,IT,Central,SQL Fundamentals,2025-07-13,Completed,31.1,55.8,408.96,3.8
EMP12292,Operations,North,Cloud Computing Basics,2024-11-15,Dropped,60.6,,109.71,3.6
EMP12293,Marketing,East,Python for Data Analysis,2024-03-11,Completed,48.3,73.7,521.61,4.6
EMP12294,IT,West,Python for Data Analysis,2025-01-04,Completed,66.5,88.0,191.14,3.5
EMP12295,HR,Central,Agile & Scrum,2024-03-24,Completed,47.9,75.1,175.58,4.3
EMP12296,IT,North,Customer Service Excellence,2025-12-26,Completed,49.8,78.8,529.12,4.3
EMP12297,Finance,West,Python for Data Analysis,2025-06-19,In Progress,59.6,,441.32,
EMP12298,Finance,West,Agile & Scrum,2024-03-01,Completed,57.8,76.7,404.98,3.5
EMP12299,Customer Support,South,Agile & Scrum,2024-12-18,Completed,25.7,46.2,308.13,4.0
EMP12300,Operations,East,Data Visualization with Power BI,2024-05-07,Completed,43.9,72.4,291.11,4.3
EMP12301,R&D,North,Advanced Excel,2025-08-27,Completed,58.7,81.4,292.41,5.0
EMP12302,HR,Central,Leadership Essentials,2025-08-17,Completed,37.5,72.5,459.64,4.4
EMP12303,HR,North,Data Visualization with Power BI,2024-02-17,Completed,40.0,65.2,589.45,4.0
EMP12304,HR,South,Communication Skills,2025-08-11,Completed,50.8,66.1,310.52,4.7
EMP12305,IT,North,Cloud Computing Basics,2024-12-15,Completed,57.0,84.4,269.03,4.1
EMP12306,IT,East,Project Management,2025-01-22,Completed,69.0,96.0,576.14,4.0
EMP12307,R&D,South,Leadership Essentials,2025-02-02,Completed,26.6,65.0,457.37,2.9
EMP12308,Finance,West,Customer Service Excellence,2025-03-23,Completed,54.5,75.3,161.53,4.8
EMP12309,R&D,South,Python for Data Analysis,2025-04-14,Completed,58.1,75.5,251.11,4.3
EMP12310,IT,East,Leadership Essentials,2024-10-13,Completed,56.1,73.7,242.24,3.7
EMP12311,IT,Central,Customer Service Excellence,2024-11-06,Completed,66.3,83.5,366.81,3.5
EMP12312,Operations,West,Cloud Computing Basics,2024-06-13,Completed,54.6,83.2,223.23,3.5
EMP12313,Sales,South,Customer Service Excellence,2024-08-12,Dropped,46.1,,198.85,2.0
EMP12314,HR,North,Communication Skills,2025-01-14,Completed,47.4,75.3,504.03,3.9
EMP12315,Operations,Central,Communication Skills,2025-02-17,Completed,56.9,80.5,420.64,4.1
EMP12316,Finance,East,Communication Skills,2025-11-15,Dropped,42.7,,192.54,3.7
EMP12317,HR,West,Agile & Scrum,2024-06-01,Dropped,35.9,,111.95,2.8
EMP12318,Customer Support,Central,Project Management,2025-05-07,Completed,63.0,100.0,244.94,3.5
EMP12319,Operations,West,Communication Skills,2024-10-05,Completed,33.9,59.5,457.51,3.5
EMP12320,Marketing,North,Cloud Computing Basics,2025-10-01,Completed,41.8,69.7,256.4,4.8
EMP12321,Sales,East,Project Management,2024-09-03,Completed,44.6,79.3,200.28,3.6
EMP12322,Customer Support,Central,Python for Data Analysis,2024-03-19,Completed,60.5,73.7,232.13,4.8
EMP12323,Customer Support,North,Data Visualization with Power BI,2025-02-26,Completed,62.2,95.4,461.04,3.3
EMP12324,IT,Central,Customer Service Excellence,2024-05-18,Completed,54.1,88.4,219.33,3.6
EMP12325,Marketing,North,Python for Data Analysis,2024-01-12,Dropped,59.2,,176.1,2.1
EMP12326,Operations,Central,Customer Service Excellence,2024-04-05,Completed,36.4,76.1,235.69,3.2
EMP12327,IT,North,Communication Skills,2025-07-03,Completed,54.6,91.9,374.02,3.2
EMP12328,R&D,East,Agile & Scrum,2025-11-04,Completed,64.1,89.4,529.27,3.4
EMP12329,R&D,South,Cloud Computing Basics,2024-04-12,Completed,46.3,78.4,383.21,3.4
EMP12330,Operations,North,Cloud Computing Basics,2024-12-23,Dropped,45.8,,199.65,1.8
EMP12331,HR,North,Advanced Excel,2025-08-08,Completed,61.4,93.1,348.85,2.9
EMP12332,HR,South,Data Visualization with Power BI,2024-02-16,Completed,85.1,100.0,239.21,5.0
EMP12333,Finance,South,Communication Skills,2024-03-03,Completed,38.5,58.1,204.71,4.8
EMP12334,HR,North,Advanced Excel,2024-07-28,Completed,47.8,74.5,320.08,4.1
EMP12335,Customer Support,South,Advanced Excel,2025-04-30,Completed,57.9,83.7,268.9,3.8
EMP12336,Sales,Central,Leadership Essentials,2025-03-06,Completed,43.9,76.2,322.73,3.7
EMP12337,IT,South,Cloud Computing Basics,2025-03-21,Completed,52.2,75.8,194.04,3.8
EMP12338,Marketing,West,Leadership Essentials,2025-06-29,Completed,34.1,47.7,267.71,3.9
EMP12339,Customer Support,South,SQL Fundamentals,2024-10-12,Completed,67.1,85.5,303.44,3.5
EMP12340,Sales,South,Cloud Computing Basics,2025-01-19,Completed,60.8,93.9,372.6,5.0
EMP12341,IT,South,Python for Data Analysis,2025-12-18,Completed,62.7,98.3,263.77,4.3
EMP12342,R&D,West,SQL Fundamentals,2024-05-18,Completed,51.2,62.3,254.45,3.6
EMP12343,Finance,South,Data Visualization with Power BI,2025-06-04,In Progress,55.7,,456.31,
EMP12344,IT,South,Agile & Scrum,2024-03-26,Completed,56.0,87.4,371.3,3.8
EMP12345,Operations,East,Project Management,2024-05-19,In Progress,39.1,,157.88,
EMP12346,Customer Support,West,Data Visualization with Power BI,2024-08-13,Completed,61.3,83.4,235.88,4.8
EMP12347,HR,Central,Customer Service Excellence,2025-03-08,Completed,50.8,90.0,459.78,4.0
EMP12348,Marketing,West,Leadership Essentials,2024-10-09,Dropped,47.8,,183.12,3.2
EMP12349,Sales,North,Python for Data Analysis,2025-12-08,Completed,57.5,60.7,568.83,4.1
EMP12350,IT,East,Leadership Essentials,2025-10-14,Completed,61.3,86.9,181.77,2.9
EMP12351,Finance,West,Advanced Excel,2025-07-05,Completed,59.9,85.2,216.31,5.0
EMP12352,Sales,South,Project Management,2025-01-23,Completed,59.9,82.0,254.65,3.4
EMP12353,Operations,East,Communication Skills,2024-03-28,Completed,60.2,83.6,157.85,3.7
EMP12354,R&D,East,Customer Service Excellence,2024-03-19,Completed,62.6,82.5,396.84,4.5
EMP12355,Sales,East,Cloud Computing Basics,2024-02-11,Completed,29.3,45.7,417.29,4.0
EMP12356,Sales,Central,Python for Data Analysis,2025-11-08,Completed,35.4,72.9,249.24,4.2
EMP12357,Marketing,East,Advanced Excel,2025-06-12,Completed,52.6,71.1,190.89,4.8
EMP12358,Customer Support,Central,Advanced Excel,2025-02-26,Completed,59.1,78.0,440.16,3.6
EMP12359,Finance,East,Project Management,2024-02-20,Completed,60.0,86.9,169.72,4.9
EMP12360,Customer Support,North,Agile & Scrum,2024-02-10,Completed,76.0,77.9,197.46,3.6
EMP12361,Finance,South,Cloud Computing Basics,2025-09-20,Completed,62.0,85.7,389.28,4.0
EMP12362,Sales,Central,Agile & Scrum,2024-05-08,Completed,43.3,53.3,326.62,4.6
EMP12363,IT,West,Communication Skills,2024-05-07,In Progress,74.0,,320.5,
EMP12364,Sales,East,Communication Skills,2024-06-30,Completed,63.3,83.0,391.32,4.9
EMP12365,Finance,Central,Data Visualization with Power BI,2024-07-11,Completed,57.5,76.8,263.81,4.8
EMP12366,Operations,South,Leadership Essentials,2024-03-08,Completed,46.8,58.2,420.92,3.9
EMP12367,Operations,South,Agile & Scrum,2025-10-22,Completed,68.8,81.9,571.48,3.3
EMP12368,Customer Support,East,Leadership Essentials,2024-09-05,In Progress,41.4,,490.46,
EMP12369,HR,East,Agile & Scrum,2024-08-07,Completed,47.6,82.5,353.6,3.6
EMP12370,R&D,North,Cloud Computing Basics,2025-10-08,Completed,57.2,81.2,152.83,2.7
EMP12371,Operations,North,Leadership Essentials,2024-08-22,Completed,52.4,76.4,219.68,3.3
EMP12372,HR,East,Data Visualization with Power BI,2024-01-24,Completed,61.7,88.2,376.81,4.0
EMP12373,Operations,West,Communication Skills,2025-06-09,Completed,40.9,60.1,394.1,5.0
EMP12374,Sales,South,Advanced Excel,2024-09-04,Completed,56.5,96.9,437.79,3.1
EMP12375,HR,East,Project Management,2024-05-17,Completed,75.0,94.4,436.08,4.7
EMP12376,Marketing,North,Communication Skills,2025-10-16,Completed,46.8,71.9,352.26,4.7
EMP12377,Finance,South,Data Visualization with Power BI,2024-07-17,In Progress,73.8,,251.63,
EMP12378,Marketing,North,Cloud Computing Basics,2024-08-15,In Progress,69.3,,177.88,
EMP12379,IT,North,SQL Fundamentals,2025-06-22,Completed,65.8,89.5,250.41,4.4
EMP12380,Sales,Central,Data Visualization with Power BI,2025-08-30,Completed,35.7,48.7,393.76,4.2
EMP12381,R&D,South,Leadership Essentials,2025-10-21,Completed,65.0,94.0,187.73,4.3
EMP12382,Customer Support,North,Advanced Excel,2025-09-18,Completed,71.6,100.0,360.63,4.2
EMP12383,Customer Support,North,Customer Service Excellence,2025-02-20,Completed,57.4,83.6,492.93,4.0
EMP12384,Sales,North,Leadership Essentials,2024-01-28,Dropped,64.8,,58.0,4.5
EMP12385,IT,East,Cloud Computing Basics,2025-07-16,Completed,53.8,66.4,354.74,5.0
EMP12386,Sales,South,Cloud Computing Basics,2025-04-28,Completed,37.7,64.8,369.82,5.0
EMP12387,Operations,Central,Advanced Excel,2025-03-01,Dropped,55.7,,258.59,2.9
EMP12388,Finance,West,Project Management,2024-12-20,Completed,44.5,65.6,154.93,3.8
EMP12389,Operations,Central,Advanced Excel,2025-06-22,Completed,51.1,82.0,428.66,4.5
EMP12390,IT,Central,Communication Skills,2024-08-24,Completed,56.8,83.0,311.43,3.5
EMP12391,Sales,Central,Leadership Essentials,2024-07-18,Completed,57.3,81.5,486.7,4.3
EMP12392,Finance,Central,SQL Fundamentals,2024-05-31,Completed,50.5,97.8,354.79,4.7
EMP12393,Marketing,East,Cloud Computing Basics,2024-04-04,Completed,52.2,70.6,242.57,4.0
EMP12394,Operations,South,Agile & Scrum,2025-02-21,Dropped,28.6,,88.52,1.3
EMP12395,Sales,East,Data Visualization with Power BI,2025-02-08,Completed,57.5,77.6,406.06,5.0
EMP12396,IT,North,Leadership Essentials,2024-01-19,Dropped,43.2,,135.24,3.8
EMP12397,Finance,East,Cloud Computing Basics,2025-09-14,Completed,65.6,100.0,219.04,3.6
EMP12398,HR,West,Advanced Excel,2024-08-05,Completed,51.7,58.1,307.86,3.9
EMP12399,Operations,East,Project Management,2025-03-16,Completed,61.5,88.5,215.63,3.8
EMP12400,IT,West,Customer Service Excellence,2025-07-28,Completed,70.2,88.2,264.8,4.3
EMP12401,Finance,Central,Communication Skills,2024-02-11,Completed,72.5,100.0,213.75,3.2
EMP12402,Sales,Central,Customer Service Excellence,2024-12-16,Completed,61.9,83.4,390.94,3.8
EMP12403,HR,West,Python for Data Analysis,2024-08-27,Completed,57.2,79.6,367.49,4.6
EMP12404,IT,North,Advanced Excel,2025-01-14,Completed,73.8,89.5,581.03,4.6
EMP12405,Sales,Central,Project Management,2025-08-17,Completed,38.5,57.8,354.43,4.9
EMP12406,HR,North,Customer Service Excellence,2025-08-19,In Progress,52.9,,263.27,
EMP12407,Customer Support,Central,SQL Fundamentals,2025-11-03,Completed,66.5,98.0,317.77,3.3
EMP12408,R&D,North,Agile & Scrum,2024-05-28,Completed,57.7,84.7,325.76,3.9
EMP12409,Customer Support,Central,Data Visualization with Power BI,2024-12-04,Completed,46.5,51.6,288.79,3.8
EMP12410,Operations,Central,SQL Fundamentals,2024-06-28,In Progress,51.7,,137.07,
EMP12411,HR,South,Communication Skills,2025-03-16,Completed,33.2,51.1,465.37,4.7
EMP12412,Customer Support,Central,Python for Data Analysis,2025-04-29,Completed,69.3,84.8,524.8,3.3
EMP12413,R&D,West,Python for Data Analysis,2025-03-28,Completed,62.6,87.8,202.99,2.7
EMP12414,Finance,Central,SQL Fundamentals,2024-11-29,Completed,54.6,80.5,398.66,4.6
EMP12415,Finance,Central,Leadership Essentials,2025-07-28,Completed,59.0,81.7,303.77,4.6
EMP12416,Marketing,West,Advanced Excel,2025-12-12,Completed,55.8,75.7,359.08,4.2
EMP12417,Sales,Central,Leadership Essentials,2025-08-27,Completed,58.2,83.2,405.91,5.0
EMP12418,HR,West,Communication Skills,2025-07-17,Completed,47.2,76.3,265.12,3.1
EMP12419,Customer Support,North,Data Visualization with Power BI,2025-07-29,Completed,59.0,85.1,307.03,3.2
EMP12420,HR,South,Agile & Scrum,2025-08-08,Completed,47.7,65.8,267.39,4.8
EMP12421,Finance,East,Cloud Computing Basics,2024-06-01,Completed,54.8,72.4,370.21,3.2
EMP12422,Operations,North,Python for Data Analysis,2025-05-04,Completed,62.1,78.4,220.79,4.6
EMP12423,Customer Support,Central,Cloud Computing Basics,2024-03-05,Dropped,49.3,,84.34,2.9
EMP12424,Finance,North,Advanced Excel,2024-07-16,In Progress,50.9,,261.07,
EMP12425,Sales,North,Advanced Excel,2025-06-24,Completed,49.0,76.4,449.74,5.0
EMP12426,IT,East,SQL Fundamentals,2024-11-25,Completed,35.0,41.0,290.21,4.0
EMP12427,Finance,Central,Customer Service Excellence,2025-02-25,Completed,57.5,80.6,116.11,3.0
EMP12428,Marketing,South,Communication Skills,2024-01-18,In Progress,58.6,,306.77,
EMP12429,R&D,Central,Communication Skills,2024-06-15,Completed,49.9,58.6,406.31,4.4
EMP12430,Customer Support,West,Leadership Essentials,2024-05-20,Completed,58.3,73.5,308.03,4.1
EMP12431,R&D,West,Cloud Computing Basics,2024-06-13,Completed,67.7,90.4,371.96,2.9
EMP12432,Operations,North,Cloud Computing Basics,2025-11-21,Completed,60.6,79.9,151.54,3.9
EMP12433,Finance,South,Customer Service Excellence,2024-04-01,Dropped,60.4,,59.74,2.1
EMP12434,HR,South,Project Management,2024-04-21,Completed,50.5,80.3,329.28,3.8
EMP12435,Sales,South,Leadership Essentials,2024-04-14,Completed,60.1,84.8,250.9,4.0
EMP12436,Customer Support,North,Data Visualization with Power BI,2024-08-31,In Progress,51.8,,449.89,
EMP12437,Marketing,South,Customer Service Excellence,2025-07-13,Completed,61.4,75.9,217.61,3.3
EMP12438,IT,South,Data Visualization with Power BI,2024-03-17,In Progress,79.5,,386.52,
EMP12439,Operations,East,Communication Skills,2024-02-20,Completed,58.7,72.2,248.01,4.5
EMP12440,Marketing,North,Leadership Essentials,2024-10-28,Completed,57.6,71.8,199.57,4.2
EMP12441,Operations,East,Python for Data Analysis,2025-04-07,Completed,45.8,73.7,318.89,3.0
EMP12442,Customer Support,West,Agile & Scrum,2024-05-25,Dropped,61.9,,225.19,1.9
EMP12443,HR,South,Advanced Excel,2024-06-14,Completed,52.3,76.6,356.01,4.0
EMP12444,HR,North,Data Visualization with Power BI,2025-06-15,Dropped,75.9,,101.39,2.2
EMP12445,Marketing,West,SQL Fundamentals,2024-08-27,Completed,64.9,100.0,189.74,4.4
EMP12446,Finance,North,Agile & Scrum,2025-07-10,Completed,53.5,66.6,203.92,4.5
EMP12447,Sales,East,Data Visualization with Power BI,2025-04-05,Dropped,49.1,,119.07,1.8
EMP12448,Customer Support,West,Advanced Excel,2025-05-04,Completed,50.6,74.0,270.8,4.1
EMP12449,Finance,West,Agile & Scrum,2024-01-16,Completed,62.5,84.1,359.46,3.4
EMP12450,HR,North,Leadership Essentials,2024-08-17,Completed,60.7,81.5,395.51,5.0
EMP12451,HR,North,Cloud Computing Basics,2025-11-06,Completed,53.3,78.1,276.17,3.4
EMP12452,R&D,North,Communication Skills,2025-08-06,Completed,52.6,76.1,258.59,4.3
EMP12453,HR,North,SQL Fundamentals,2024-12-01,Completed,57.9,70.2,297.22,3.4
EMP12454,Sales,Central,SQL Fundamentals,2025-11-29,Completed,51.6,82.0,308.56,3.3
EMP12455,Operations,Central,Python for Data Analysis,2024-05-09,In Progress,66.4,,180.01,
EMP12456,Marketing,North,SQL Fundamentals,2024-08-23,Completed,60.5,81.4,376.29,4.3
EMP12457,Operations,Central,Communication Skills,2024-05-13,Completed,63.0,72.6,407.79,3.8
EMP12458,IT,North,Communication Skills,2025-04-07,Completed,61.4,95.3,478.77,3.8
EMP12459,Sales,West,Advanced Excel,2024-07-02,Completed,47.1,79.7,335.19,4.7
EMP12460,R&D,West,Customer Service Excellence,2025-07-06,Completed,58.7,80.3,481.6,4.5
EMP12461,Sales,Central,Customer Service Excellence,2025-01-24,In Progress,51.3,,428.45,
EMP12462,IT,West,Customer Service Excellence,2025-06-28,Completed,53.8,82.4,490.0,3.9
EMP12463,Customer Support,Central,Customer Service Excellence,2024-06-06,In Progress,46.9,,194.29,
EMP12464,Marketing,Central,SQL Fundamentals,2025-05-20,Dropped,72.8,,178.04,2.2
EMP12465,Marketing,Central,Python for Data Analysis,2025-10-20,Completed,65.7,86.5,493.84,2.8
EMP12466,Marketing,North,Communication Skills,2025-11-10,In Progress,56.2,,313.36,
EMP12467,Customer Support,West,SQL Fundamentals,2025-12-03,Completed,74.1,90.6,270.92,4.7
EMP12468,IT,South,Communication Skills,2024-06-29,Completed,67.9,93.9,275.67,2.7
EMP12469,Operations,East,Leadership Essentials,2025-02-06,Completed,41.1,61.5,348.31,4.8
EMP12470,HR,East,SQL Fundamentals,2024-07-09,Completed,68.8,93.5,343.75,3.2
EMP12471,Operations,West,Data Visualization with Power BI,2025-07-13,Dropped,54.9,,162.92,2.4
EMP12472,Marketing,West,Leadership Essentials,2024-03-22,Completed,34.6,50.7,324.95,4.0
EMP12473,Marketing,West,Leadership Essentials,2025-02-02,Completed,57.3,92.2,442.86,3.4
EMP12474,Customer Support,Central,Data Visualization with Power BI,2024-08-15,Completed,55.6,83.2,454.3,3.8
EMP12475,Marketing,North,Data Visualization with Power BI,2024-04-18,Completed,58.5,75.1,315.63,4.1
EMP12476,Marketing,North,Customer Service Excellence,2024-09-26,Dropped,59.4,,200.83,1.7
EMP12477,Sales,Central,Project Management,2025-11-27,Completed,59.7,82.0,331.44,5.0
EMP12478,Sales,South,Communication Skills,2025-09-30,Completed,54.9,78.6,519.2,4.3
EMP12479,IT,North,Customer Service Excellence,2025-05-10,Completed,33.1,52.7,331.7,3.1
EMP12480,Marketing,Central,Data Visualization with Power BI,2024-02-08,Completed,54.3,74.8,310.34,4.7
EMP12481,Customer Support,East,Advanced Excel,2024-10-27,Completed,41.5,62.9,180.33,3.9
EMP12482,Finance,North,Data Visualization with Power BI,2024-06-26,Completed,46.7,67.2,166.07,4.0
EMP12483,R&D,Central,Advanced Excel,2025-03-12,Completed,68.8,90.0,309.04,4.1
EMP12484,Sales,Central,Communication Skills,2025-12-14,In Progress,45.5,,217.82,
EMP12485,Operations,North,Python for Data Analysis,2024-06-30,Completed,50.6,65.4,479.5,4.5
EMP12486,IT,Central,Agile & Scrum,2025-07-28,Completed,63.7,93.1,399.14,3.7
EMP12487,R&D,North,Communication Skills,2024-05-12,Completed,72.9,100.0,369.85,5.0
EMP12488,Marketing,West,Leadership Essentials,2024-12-04,Completed,41.1,54.6,323.56,2.9
EMP12489,Sales,East,SQL Fundamentals,2025-03-01,In Progress,74.3,,292.92,
EMP12490,R&D,East,Communication Skills,2024-05-21,Completed,58.6,91.6,407.13,3.8
EMP12491,Marketing,East,Agile & Scrum,2024-12-13,Completed,78.9,99.9,371.83,3.7
EMP12492,Marketing,Central,Communication Skills,2025-05-29,Completed,50.8,63.5,462.99,5.0
EMP12493,IT,West,Project Management,2024-05-19,Dropped,55.0,,64.82,1.6
EMP12494,Sales,South,Communication Skills,2025-10-16,Completed,56.3,74.3,556.32,3.9
EMP12495,IT,South,Leadership Essentials,2024-04-28,In Progress,63.8,,323.91,
EMP12496,IT,South,Python for Data Analysis,2024-12-14,Completed,43.1,62.4,416.88,4.6
EMP12497,Customer Support,Central,Leadership Essentials,2024-04-12,Completed,73.4,98.8,317.4,5.0
EMP12498,Customer Support,West,SQL Fundamentals,2025-05-17,Completed,67.7,87.1,549.66,4.1
EMP12499,Customer Support,West,Customer Service Excellence,2024-10-26,Completed,74.4,100.0,337.64,4.0
EMP12500,Sales,South,Project Management,2025-12-21,Completed,28.7,39.3,285.85,4.6
EMP12501,Finance,North,Agile & Scrum,2024-06-26,Completed,62.3,84.8,176.14,4.5
EMP12502,HR,South,Advanced Excel,2024-07-23,Completed,61.8,91.8,615.81,5.0
EMP12503,Operations,Central,Advanced Excel,2025-01-21,Completed,57.9,82.1,193.12,3.0
EMP12504,Finance,West,Communication Skills,2024-06-12,Completed,52.7,83.1,437.78,3.7
EMP12505,Marketing,North,Agile & Scrum,2025-04-27,Completed,55.0,75.6,471.53,4.3
EMP12506,R&D,South,Leadership Essentials,2025-05-06,Completed,49.9,58.3,256.2,3.9
EMP12507,Marketing,Central,Communication Skills,2024-05-18,Completed,48.8,74.1,403.93,4.6
EMP12508,Marketing,South,SQL Fundamentals,2025-06-07,In Progress,66.9,,493.78,
EMP12509,R&D,West,Agile & Scrum,2024-04-14,Completed,51.5,69.8,424.43,4.3
EMP12510,R&D,North,Customer Service Excellence,2024-03-05,Completed,71.8,100.0,248.88,3.7
EMP12511,R&D,South,SQL Fundamentals,2025-08-19,Dropped,61.7,,151.56,3.5
EMP12512,HR,South,Leadership Essentials,2025-08-03,Dropped,52.2,,90.04,1.6
EMP12513,HR,North,Cloud Computing Basics,2025-11-04,In Progress,58.3,,212.11,
EMP12514,Operations,South,Agile & Scrum,2024-05-27,Completed,41.8,64.2,185.93,4.5
EMP12515,Marketing,South,SQL Fundamentals,2024-07-27,Completed,68.3,87.3,252.99,5.0
EMP12516,Customer Support,North,Customer Service Excellence,2025-10-22,Completed,42.7,61.0,471.69,4.0
EMP12517,Finance,South,Cloud Computing Basics,2024-09-10,Dropped,50.2,,195.15,2.9
EMP12518,Operations,East,SQL Fundamentals,2025-09-17,Completed,54.2,62.5,219.65,4.4
EMP12519,R&D,Central,SQL Fundamentals,2024-01-03,Completed,74.3,88.8,292.08,2.8
EMP12520,IT,South,Python for Data Analysis,2024-09-09,Completed,59.2,73.1,482.24,3.0
EMP12521,R&D,North,Data Visualization with Power BI,2025-12-25,In Progress,72.0,,130.63,
EMP12522,HR,Central,Agile & Scrum,2024-09-05,Completed,49.5,84.8,195.56,3.8
EMP12523,IT,South,Project Management,2024-02-25,Completed,51.6,64.6,318.15,2.9
EMP12524,Sales,East,Agile & Scrum,2025-09-13,In Progress,32.9,,477.36,
EMP12525,R&D,Central,Agile & Scrum,2025-08-05,Completed,65.6,76.0,567.79,3.5
EMP12526,Marketing,Central,Project Management,2024-08-30,Completed,61.4,78.5,402.39,4.9
EMP12527,Sales,South,Python for Data Analysis,2024-11-05,Completed,58.2,73.0,347.18,3.8
EMP12528,IT,Central,SQL Fundamentals,2024-04-22,Completed,52.7,82.2,195.34,3.0
EMP12529,Finance,Central,Advanced Excel,2024-06-01,Completed,57.2,75.3,148.92,3.7
EMP12530,Marketing,North,Advanced Excel,2024-07-22,Completed,55.2,76.8,499.13,4.6
EMP12531,Finance,North,SQL Fundamentals,2024-01-06,Completed,53.4,84.8,362.18,3.2
EMP12532,Finance,Central,Customer Service Excellence,2025-09-15,Dropped,31.3,,81.49,1.9
EMP12533,Sales,South,Leadership Essentials,2024-07-31,Completed,64.4,85.9,428.6,4.1
EMP12534,R&D,West,Customer Service Excellence,2024-05-22,Completed,51.4,67.3,330.53,4.4
EMP12535,IT,North,Advanced Excel,2025-02-16,Completed,71.0,79.6,355.63,3.5
EMP12536,IT,Central,Python for Data Analysis,2024-05-19,Completed,49.8,61.3,466.48,4.3
EMP12537,R&D,South,Data Visualization with Power BI,2024-08-07,Completed,45.0,58.2,374.91,5.0
EMP12538,Customer Support,West,Project Management,2025-07-03,Completed,31.9,65.8,209.01,4.5
EMP12539,Operations,Central,Advanced Excel,2024-10-15,Completed,43.8,71.2,109.44,3.9
EMP12540,Sales,Central,Cloud Computing Basics,2025-06-21,Completed,76.4,94.9,361.71,5.0
EMP12541,Marketing,South,Leadership Essentials,2024-10-20,Completed,43.0,73.3,113.0,3.6
EMP12542,Finance,East,Project Management,2025-01-24,In Progress,49.9,,214.88,
EMP12543,Sales,South,SQL Fundamentals,2024-12-19,Completed,49.4,68.9,501.39,4.9
EMP12544,R&D,North,Advanced Excel,2025-04-09,Completed,44.9,72.5,133.7,4.2
EMP12545,Customer Support,East,Agile & Scrum,2025-07-06,Completed,60.1,85.2,338.5,4.1
EMP12546,Finance,North,Communication Skills,2024-06-08,Completed,46.9,71.6,354.43,3.0
EMP12547,Customer Support,North,Project Management,2024-06-14,Completed,78.4,92.4,347.4,3.6
EMP12548,Operations,North,Leadership Essentials,2025-09-26,Completed,56.6,70.1,545.81,4.4
EMP12549,IT,West,Cloud Computing Basics,2024-01-23,Completed,61.4,69.3,311.24,4.8
EMP12550,Operations,Central,Advanced Excel,2024-11-23,Completed,65.0,90.0,316.94,4.3
EMP12551,Sales,South,Communication Skills,2024-09-12,Completed,78.1,92.5,219.83,4.9
EMP12552,Marketing,West,Customer Service Excellence,2025-10-17,Completed,53.4,63.1,270.16,3.9
EMP12553,IT,East,Customer Service Excellence,2025-11-24,Completed,49.4,62.6,260.63,3.8
EMP12554,Operations,West,Leadership Essentials,2024-09-14,Completed,56.2,65.3,246.71,3.1
EMP12555,Operations,West,Cloud Computing Basics,2024-04-23,Completed,45.4,76.0,261.41,4.3
EMP12556,IT,North,Data Visualization with Power BI,2025-02-26,Completed,71.9,91.4,277.3,3.7
EMP12557,Customer Support,East,Advanced Excel,2024-06-14,Completed,61.1,81.6,212.27,5.0
EMP12558,Sales,Central,Advanced Excel,2025-11-17,Completed,55.4,77.6,229.66,3.4
EMP12559,Sales,North,Project Management,2024-03-03,Completed,71.8,97.4,245.29,4.1
EMP12560,Sales,West,Customer Service Excellence,2024-09-09,Completed,59.0,87.0,475.09,4.5
EMP12561,Marketing,North,Python for Data Analysis,2025-01-04,Dropped,57.2,,105.71,3.0
EMP12562,Operations,South,Cloud Computing Basics,2024-04-26,Completed,57.0,61.7,264.62,4.4
EMP12563,Customer Support,South,Project Management,2025-06-24,Completed,64.0,82.8,415.44,4.3
EMP12564,Customer Support,Central,Communication Skills,2024-01-31,Completed,72.0,93.8,456.65,4.2
EMP12565,Marketing,South,Data Visualization with Power BI,2025-02-16,Completed,37.0,56.4,388.51,5.0
EMP12566,Customer Support,West,Cloud Computing Basics,2024-03-21,Completed,59.4,69.4,189.61,4.1
EMP12567,Finance,South,Customer Service Excellence,2024-02-02,Completed,59.0,74.5,161.11,3.4
EMP12568,Customer Support,West,Advanced Excel,2024-12-04,Completed,69.7,88.5,224.87,4.2
EMP12569,IT,North,Customer Service Excellence,2025-05-12,Completed,42.2,54.1,181.61,3.4
EMP12570,Sales,North,Communication Skills,2024-08-29,Completed,59.4,75.0,451.63,5.0
EMP12571,Operations,Central,Python for Data Analysis,2024-09-12,Completed,64.7,85.7,481.92,5.0
EMP12572,Marketing,South,Python for Data Analysis,2025-09-17,Completed,54.6,78.0,263.21,4.6
EMP12573,Operations,Central,Customer Service Excellence,2025-09-12,Completed,49.3,67.0,372.91,4.5
EMP12574,Finance,North,Data Visualization with Power BI,2025-08-27,Completed,50.3,59.6,262.41,4.0
EMP12575,Customer Support,Central,Agile & Scrum,2024-10-26,Completed,76.7,89.1,306.64,3.8
EMP12576,HR,South,Customer Service Excellence,2024-02-20,Completed,71.3,93.0,423.52,3.5
EMP12577,Finance,South,Leadership Essentials,2025-03-23,Completed,50.1,62.3,599.04,3.5
EMP12578,Operations,Central,SQL Fundamentals,2025-09-17,Completed,59.6,82.5,242.53,3.9
EMP12579,Operations,South,Cloud Computing Basics,2024-05-22,Completed,58.4,82.7,382.13,4.2
EMP12580,R&D,Central,Leadership Essentials,2024-04-01,Completed,55.3,69.5,136.26,3.7
EMP12581,Sales,East,Advanced Excel,2024-03-26,Completed,79.3,100.0,478.09,3.5
EMP12582,R&D,South,Advanced Excel,2025-03-31,Dropped,44.7,,201.2,3.8
EMP12583,Operations,Central,Python for Data Analysis,2025-07-13,Dropped,54.5,,179.07,2.5
EMP12584,HR,South,Advanced Excel,2024-12-30,Completed,53.8,61.7,436.67,3.9
EMP12585,R&D,Central,Project Management,2024-01-12,Completed,56.0,89.5,176.99,2.9
EMP12586,Operations,Central,Python for Data Analysis,2025-04-30,Completed,48.4,67.3,484.59,4.6
EMP12587,HR,South,Cloud Computing Basics,2024-03-28,Completed,60.0,77.0,376.67,4.3
EMP12588,IT,South,Agile & Scrum,2025-11-21,In Progress,46.2,,294.07,
EMP12589,HR,Central,Cloud Computing Basics,2025-05-31,Completed,55.6,86.0,517.87,4.0
EMP12590,R&D,North,Communication Skills,2025-08-25,Completed,54.5,75.7,527.21,4.3
EMP12591,Operations,North,SQL Fundamentals,2024-04-25,Completed,40.0,73.5,183.91,2.8
EMP12592,Finance,South,Customer Service Excellence,2025-11-21,In Progress,53.9,,485.62,
EMP12593,Finance,East,Cloud Computing Basics,2024-04-19,Completed,73.9,81.0,202.39,3.7
EMP12594,Customer Support,South,Communication Skills,2024-02-16,In Progress,55.4,,313.58,
EMP12595,Operations,Central,Cloud Computing Basics,2025-07-13,Completed,74.1,97.1,320.03,4.8
EMP12596,Customer Support,North,Communication Skills,2025-06-07,Completed,49.8,60.5,135.47,4.3
EMP12597,Sales,South,Agile & Scrum,2024-04-14,Completed,70.5,91.2,226.19,4.9
EMP12598,Finance,West,Communication Skills,2025-07-13,Completed,58.2,81.9,364.04,4.1
EMP12599,Finance,East,Agile & Scrum,2025-06-29,Completed,59.7,74.3,329.57,3.3
EMP12600,Sales,West,Leadership Essentials,2025-02-08,Completed,63.7,86.2,373.93,5.0
EMP12601,IT,West,Python for Data Analysis,2024-03-05,Completed,70.9,94.3,335.88,3.4
EMP12602,IT,Central,Data Visualization with Power BI,2025-11-08,Completed,66.9,87.9,365.78,4.6
EMP12603,HR,South,Cloud Computing Basics,2024-08-26,Completed,64.9,67.8,553.76,3.4
EMP12604,Sales,East,Leadership Essentials,2024-02-14,Dropped,49.8,,92.13,2.8
EMP12605,IT,West,Project Management,2024-01-23,Dropped,77.0,,137.97,3.6
EMP12606,Operations,West,Leadership Essentials,2024-05-07,Completed,50.1,80.3,387.23,5.0
EMP12607,Sales,South,Communication Skills,2024-01-29,In Progress,81.1,,253.88,
EMP12608,Customer Support,North,Customer Service Excellence,2025-05-10,In Progress,45.2,,405.55,
EMP12609,IT,Central,Leadership Essentials,2024-09-21,Completed,60.3,83.7,438.56,4.0
EMP12610,Sales,Central,Agile & Scrum,2024-01-03,In Progress,69.8,,223.72,
EMP12611,HR,North,Communication Skills,2025-03-29,Completed,47.8,76.4,342.11,3.8
EMP12612,Finance,East,SQL Fundamentals,2025-02-07,Completed,67.2,78.9,304.72,3.9
EMP12613,Customer Support,Central,Agile & Scrum,2024-09-11,Completed,48.1,76.4,474.52,3.7
EMP12614,R&D,East,Agile & Scrum,2025-08-03,Completed,53.5,80.9,187.35,4.6
EMP12615,Marketing,Central,Communication Skills,2025-11-06,Completed,30.4,55.3,258.35,4.2
EMP12616,HR,Central,Leadership Essentials,2025-12-04,In Progress,52.3,,233.48,
EMP12617,Finance,West,Python for Data Analysis,2024-04-26,Completed,79.1,89.3,190.52,4.6
EMP12618,Sales,South,SQL Fundamentals,2025-07-22,In Progress,51.0,,209.14,
EMP12619,Customer Support,East,Data Visualization with Power BI,2025-12-27,Completed,45.4,72.0,253.2,5.0
EMP12620,Operations,East,Project Management,2024-02-27,Completed,56.2,70.3,354.38,4.5
EMP12621,Sales,Central,SQL Fundamentals,2024-05-19,Completed,50.4,69.4,360.64,3.7
EMP12622,HR,North,Communication Skills,2025-01-19,Completed,22.1,47.3,188.38,3.5
EMP12623,Customer Support,West,Customer Service Excellence,2024-02-21,Completed,64.0,77.3,417.99,3.9
EMP12624,HR,North,Communication Skills,2025-03-09,In Progress,38.1,,223.37,
EMP12625,R&D,East,Agile & Scrum,2025-08-07,Completed,58.2,89.4,309.46,3.0
EMP12626,Finance,South,Agile & Scrum,2024-01-30,Completed,62.0,67.5,307.6,4.7
EMP12627,Operations,West,Cloud Computing Basics,2025-10-10,Completed,51.3,83.3,336.19,4.9
EMP12628,Operations,North,Advanced Excel,2025-10-09,Completed,49.6,63.8,424.19,4.1
EMP12629,Finance,North,Python for Data Analysis,2025-11-22,Completed,51.1,55.5,266.41,5.0
EMP12630,HR,South,Communication Skills,2025-04-07,Completed,50.4,79.3,161.89,5.0
EMP12631,R&D,East,Cloud Computing Basics,2024-11-19,Completed,60.2,70.8,337.68,4.4
EMP12632,IT,North,Leadership Essentials,2025-12-27,Dropped,61.3,,39.07,2.2
EMP12633,Operations,Central,Agile & Scrum,2025-02-01,Dropped,47.1,,154.62,2.9
EMP12634,Sales,North,Customer Service Excellence,2025-06-12,Dropped,37.8,,144.09,3.4
EMP12635,HR,South,Advanced Excel,2025-08-14,Completed,59.3,77.2,338.51,4.2
EMP12636,Sales,East,Customer Service Excellence,2025-02-22,In Progress,40.3,,191.0,
EMP12637,Customer Support,North,Leadership Essentials,2024-04-23,Dropped,55.4,,79.47,4.5
EMP12638,Operations,South,Customer Service Excellence,2024-08-21,Completed,79.5,100.0,477.11,4.0
EMP12639,Customer Support,Central,Python for Data Analysis,2025-07-21,Completed,46.7,68.2,490.43,3.1
EMP12640,Marketing,East,Agile & Scrum,2024-11-13,Completed,73.0,90.1,392.93,3.9
EMP12641,Finance,Central,Project Management,2025-01-05,In Progress,59.5,,268.22,
EMP12642,Sales,North,Cloud Computing Basics,2024-11-08,Completed,55.8,76.1,315.11,3.9
EMP12643,R&D,East,Leadership Essentials,2024-03-19,Completed,54.7,79.2,322.41,4.3
EMP12644,R&D,East,Agile & Scrum,2025-05-18,Completed,63.1,86.6,415.22,5.0
EMP12645,IT,West,Customer Service Excellence,2024-07-30,Completed,70.7,97.6,363.29,2.8
EMP12646,HR,West,Leadership Essentials,2024-07-15,In Progress,56.6,,357.4,
EMP12647,Customer Support,South,Advanced Excel,2024-12-28,Completed,58.4,77.6,459.49,4.3
EMP12648,Sales,North,SQL Fundamentals,2024-09-09,In Progress,70.3,,249.32,
EMP12649,Marketing,South,Python for Data Analysis,2025-09-15,Dropped,48.0,,140.75,1.9
EMP12650,HR,East,SQL Fundamentals,2024-12-04,In Progress,57.2,,274.42,
EMP12651,Sales,North,Advanced Excel,2024-03-11,Completed,42.7,51.9,419.08,4.5
EMP12652,R&D,Central,Communication Skills,2024-03-09,In Progress,42.7,,334.47,
EMP12653,HR,East,Communication Skills,2025-11-17,Dropped,56.7,,130.1,2.6
EMP12654,Customer Support,North,Agile & Scrum,2025-07-01,In Progress,38.4,,514.39,
EMP12655,IT,West,SQL Fundamentals,2024-08-10,Completed,45.7,61.5,277.02,4.8
EMP12656,Sales,East,Data Visualization with Power BI,2025-09-02,Completed,36.7,58.6,419.08,4.3
EMP12657,Operations,Central,Cloud Computing Basics,2025-08-04,Completed,51.4,93.6,376.15,3.9
EMP12658,HR,Central,Python for Data Analysis,2024-11-18,Completed,45.4,68.4,567.21,4.5
EMP12659,R&D,North,Communication Skills,2025-11-28,Completed,37.1,57.1,365.22,4.4
EMP12660,Sales,North,SQL Fundamentals,2025-01-25,Completed,55.1,81.4,348.47,3.5
EMP12661,HR,South,Agile & Scrum,2024-08-19,Completed,66.9,78.1,192.18,3.3
EMP12662,Finance,South,SQL Fundamentals,2024-06-03,Dropped,61.8,,244.76,1.6
EMP12663,R&D,North,Cloud Computing Basics,2025-08-03,Completed,60.5,82.0,191.05,4.3
EMP12664,Sales,Central,Agile & Scrum,2024-06-20,Completed,62.1,79.2,239.26,3.9
EMP12665,Sales,South,Data Visualization with Power BI,2024-01-03,Completed,56.2,78.4,477.03,3.6
EMP12666,Customer Support,West,Cloud Computing Basics,2024-04-27,Completed,55.0,66.0,248.26,3.8
EMP12667,R&D,West,Advanced Excel,2025-07-14,Completed,39.7,71.0,210.29,5.0
EMP12668,Marketing,West,Advanced Excel,2024-03-04,Dropped,70.6,,146.74,2.5
EMP12669,Operations,East,Data Visualization with Power BI,2024-03-28,Completed,49.0,78.4,176.15,4.4
EMP12670,Operations,West,Agile & Scrum,2024-05-21,Completed,41.0,51.3,319.35,4.2
EMP12671,Marketing,North,Python for Data Analysis,2024-07-22,Completed,62.8,83.9,184.08,3.3
EMP12672,Customer Support,South,Python for Data Analysis,2024-10-12,Dropped,68.0,,263.74,2.2
EMP12673,Customer Support,West,Advanced Excel,2024-01-21,Dropped,39.0,,95.69,2.9
EMP12674,Customer Support,West,Cloud Computing Basics,2024-04-04,Completed,67.6,95.8,487.4,3.8
EMP12675,Marketing,East,Advanced Excel,2024-04-02,Completed,48.4,59.0,266.89,3.5
EMP12676,Sales,West,Agile & Scrum,2024-04-12,Completed,58.9,82.1,445.98,3.9
EMP12677,R&D,North,Agile & Scrum,2024-01-16,Completed,55.8,83.4,154.66,2.9
EMP12678,Customer Support,West,Agile & Scrum,2024-10-28,Completed,58.4,69.0,311.87,4.0
EMP12679,Customer Support,South,Cloud Computing Basics,2025-04-15,In Progress,74.0,,380.0,
EMP12680,Finance,Central,Cloud Computing Basics,2025-07-22,Completed,57.0,85.7,467.54,4.4
EMP12681,IT,West,Agile & Scrum,2025-11-07,Completed,67.9,81.0,297.15,4.3
EMP12682,Marketing,North,Project Management,2025-03-15,Completed,57.4,80.9,236.1,5.0
EMP12683,R&D,West,Python for Data Analysis,2025-08-31,Completed,47.8,76.4,235.82,4.3
EMP12684,HR,West,Project Management,2025-10-08,Completed,43.5,60.8,386.91,5.0
EMP12685,Customer Support,North,Communication Skills,2025-07-20,In Progress,59.5,,354.24,
EMP12686,Marketing,South,Advanced Excel,2025-01-04,Completed,40.8,70.3,423.34,4.5
EMP12687,R&D,West,Customer Service Excellence,2025-12-24,Completed,42.8,71.4,504.44,3.2
EMP12688,R&D,East,Cloud Computing Basics,2024-07-08,In Progress,66.7,,91.39,
EMP12689,HR,East,Advanced Excel,2025-12-30,Completed,52.5,70.0,278.11,3.6
EMP12690,Operations,South,Leadership Essentials,2025-09-09,Dropped,67.6,,154.22,2.5
EMP12691,IT,West,Python for Data Analysis,2024-09-27,Completed,56.4,78.4,351.51,3.3
EMP12692,HR,North,Agile & Scrum,2025-11-28,Completed,58.5,83.7,302.45,3.5
EMP12693,Marketing,West,Agile & Scrum,2024-01-03,In Progress,52.9,,148.29,
EMP12694,HR,East,Customer Service Excellence,2025-12-28,Completed,34.7,51.9,455.81,4.5
EMP12695,IT,West,Data Visualization with Power BI,2024-12-16,Completed,42.8,58.3,203.77,3.8
EMP12696,HR,South,Leadership Essentials,2025-04-26,Dropped,81.2,,242.99,3.4
EMP12697,Marketing,East,Python for Data Analysis,2024-04-01,Completed,69.0,83.0,428.59,3.2
EMP12698,HR,South,Communication Skills,2025-04-08,Completed,71.0,88.6,229.14,3.2
EMP12699,IT,West,Agile & Scrum,2024-01-07,Completed,52.1,76.2,175.31,4.3
EMP12700,Sales,North,Advanced Excel,2025-01-15,Dropped,61.9,,195.75,2.1
EMP12701,R&D,North,Advanced Excel,2024-07-09,Completed,63.2,80.1,530.5,3.7
EMP12702,Marketing,South,Customer Service Excellence,2025-08-06,Completed,44.7,63.6,348.25,4.5
EMP12703,R&D,North,Cloud Computing Basics,2024-11-17,Completed,62.3,88.1,160.61,4.5
EMP12704,Operations,North,Agile & Scrum,2024-11-15,Completed,56.4,78.2,291.99,4.3
EMP12705,Operations,South,Leadership Essentials,2025-06-18,Completed,59.6,79.1,316.33,4.1
EMP12706,Finance,West,Project Management,2025-09-01,Completed,51.2,84.3,328.74,4.3
EMP12707,Customer Support,North,SQL Fundamentals,2025-06-11,Dropped,77.6,,125.62,1.5
EMP12708,Operations,Central,Advanced Excel,2024-03-13,Completed,75.6,98.0,213.05,3.9
EMP12709,HR,East,Agile & Scrum,2025-09-17,Completed,60.4,86.8,486.58,3.3
EMP12710,IT,West,Communication Skills,2025-01-03,Completed,51.0,75.0,465.12,3.3
EMP12711,Marketing,South,Cloud Computing Basics,2024-03-02,Completed,66.0,85.1,276.81,3.9
EMP12712,Customer Support,North,Cloud Computing Basics,2024-07-17,Completed,45.7,64.2,351.77,3.9
EMP12713,Operations,East,Agile & Scrum,2024-07-18,Completed,66.4,95.9,187.96,4.4
EMP12714,Finance,West,Communication Skills,2024-05-21,Completed,54.5,84.3,323.19,3.2
EMP12715,Sales,West,Customer Service Excellence,2025-12-22,Completed,82.9,100.0,298.1,5.0
EMP12716,Marketing,East,Advanced Excel,2025-02-10,Completed,66.6,82.9,429.26,4.7
EMP12717,Sales,Central,Python for Data Analysis,2024-12-07,Dropped,56.8,,124.45,3.7
EMP12718,Sales,West,Communication Skills,2024-01-29,Completed,52.8,75.6,403.62,3.4
EMP12719,Finance,North,Advanced Excel,2025-04-18,Completed,34.4,64.8,298.75,4.1
EMP12720,Sales,South,Project Management,2025-12-22,Dropped,42.2,,285.53,2.4
EMP12721,Sales,South,Leadership Essentials,2024-01-25,Completed,61.6,78.0,429.41,3.5
EMP12722,Finance,East,Communication Skills,2024-03-26,Completed,46.3,68.8,243.72,4.2
EMP12723,HR,South,Customer Service Excellence,2025-08-02,Completed,65.3,77.2,190.95,2.8
EMP12724,HR,West,Python for Data Analysis,2024-11-23,Completed,76.6,100.0,243.42,5.0
EMP12725,HR,East,SQL Fundamentals,2025-03-26,Completed,33.6,36.9,378.12,3.7
EMP12726,Sales,West,Communication Skills,2025-05-19,Completed,70.6,99.5,276.61,4.3
EMP12727,Finance,South,Customer Service Excellence,2025-07-17,Completed,43.5,67.5,308.51,4.6
EMP12728,Marketing,North,Data Visualization with Power BI,2024-03-08,Completed,42.6,69.8,265.76,4.4
EMP12729,Finance,East,Python for Data Analysis,2025-12-07,In Progress,45.6,,229.42,
EMP12730,Sales,East,Project Management,2024-02-02,In Progress,52.2,,379.46,
EMP12731,Sales,Central,SQL Fundamentals,2024-10-18,Completed,61.0,79.1,393.8,4.1
EMP12732,IT,South,Project Management,2025-09-23,In Progress,46.3,,314.37,
EMP12733,Marketing,East,Data Visualization with Power BI,2025-12-03,Completed,63.4,92.2,345.92,4.5
EMP12734,Marketing,West,Advanced Excel,2024-03-01,Completed,48.5,83.9,269.24,3.5
EMP12735,Sales,North,Cloud Computing Basics,2025-03-14,Dropped,30.1,,181.85,2.2
EMP12736,IT,Central,Cloud Computing Basics,2025-03-25,Completed,61.3,85.3,201.44,3.3
EMP12737,Finance,West,Agile & Scrum,2025-12-12,Completed,50.5,58.3,448.75,3.4
EMP12738,Finance,Central,Communication Skills,2025-08-17,Completed,72.2,95.7,195.08,4.6
EMP12739,Sales,North,Cloud Computing Basics,2025-04-14,Completed,69.3,100.0,212.68,2.7
EMP12740,Marketing,North,Data Visualization with Power BI,2025-10-10,Completed,60.9,88.1,206.67,3.6
EMP12741,R&D,South,Cloud Computing Basics,2024-09-18,Completed,47.8,70.7,283.74,4.9
EMP12742,Operations,North,Customer Service Excellence,2024-09-17,Completed,67.0,82.7,274.12,3.5
EMP12743,HR,Central,Leadership Essentials,2024-08-14,Completed,66.1,94.9,197.04,3.2
EMP12744,Sales,North,SQL Fundamentals,2025-10-20,In Progress,64.9,,302.08,
EMP12745,Sales,East,Data Visualization with Power BI,2025-10-14,Completed,42.1,67.8,497.67,3.6
EMP12746,Customer Support,Central,Communication Skills,2024-01-15,Completed,73.5,100.0,228.89,5.0
EMP12747,Customer Support,West,Customer Service Excellence,2024-05-19,Completed,64.2,98.0,209.69,4.3
EMP12748,Marketing,West,Project Management,2025-07-23,In Progress,34.5,,355.84,
EMP12749,R&D,East,SQL Fundamentals,2024-03-30,Completed,64.9,94.5,462.52,4.5
EMP12750,Customer Support,East,Leadership Essentials,2024-02-17,Completed,31.3,49.3,236.22,3.9
EMP12751,HR,North,Leadership Essentials,2025-01-13,Completed,62.4,100.0,242.0,4.2
EMP12752,Operations,West,Customer Service Excellence,2025-12-12,Completed,51.9,74.9,232.21,3.5
EMP12753,IT,North,Project Management,2024-08-19,Completed,60.4,84.1,416.02,4.4
EMP12754,HR,South,Cloud Computing Basics,2024-06-21,Completed,33.7,60.8,324.25,3.6
EMP12755,HR,North,Project Management,2024-05-07,Completed,41.7,67.2,229.08,3.9
EMP12756,Sales,East,SQL Fundamentals,2025-03-20,Completed,60.7,71.2,239.31,4.2
EMP12757,Customer Support,South,Agile & Scrum,2024-12-06,Completed,65.6,100.0,221.85,3.1
EMP12758,Marketing,Central,Customer Service Excellence,2025-04-26,Completed,51.7,77.2,473.85,4.3
EMP12759,Customer Support,Central,Agile & Scrum,2025-12-26,Completed,49.7,62.8,312.55,4.8
EMP12760,R&D,Central,SQL Fundamentals,2024-03-09,Completed,66.0,85.5,265.3,3.6
EMP12761,HR,Central,SQL Fundamentals,2024-06-25,In Progress,59.3,,203.01,
EMP12762,Marketing,East,Python for Data Analysis,2024-04-08,Dropped,77.0,,140.95,1.6
EMP12763,R&D,South,Python for Data Analysis,2024-06-30,Completed,73.8,100.0,331.89,4.2
EMP12764,HR,South,Leadership Essentials,2024-06-08,Completed,38.4,66.6,198.67,5.0
EMP12765,Operations,West,Communication Skills,2024-08-04,Completed,41.3,43.6,488.18,3.4
EMP12766,IT,North,Cloud Computing Basics,2025-08-14,Completed,74.2,100.0,230.99,4.3
EMP12767,Sales,South,Python for Data Analysis,2024-02-06,Completed,48.0,81.2,98.84,4.2
EMP12768,HR,South,Leadership Essentials,2025-03-25,Completed,46.9,62.0,288.77,3.7
EMP12769,IT,South,Project Management,2024-07-17,Completed,53.7,75.1,213.21,5.0
EMP12770,IT,West,Project Management,2025-02-20,Completed,77.4,94.0,238.13,4.2
EMP12771,Sales,East,SQL Fundamentals,2025-03-26,Completed,56.5,82.1,239.81,4.4
EMP12772,IT,Central,Agile & Scrum,2024-05-15,Completed,41.5,83.5,536.95,3.8
EMP12773,HR,Central,Advanced Excel,2025-11-30,In Progress,35.7,,451.02,
EMP12774,IT,West,Communication Skills,2025-09-14,Completed,53.5,79.3,264.97,2.2
EMP12775,Finance,North,Python for Data Analysis,2024-09-10,In Progress,41.2,,481.22,
EMP12776,Operations,North,SQL Fundamentals,2025-02-05,Completed,42.6,57.8,326.86,3.9
EMP12777,Finance,North,Cloud Computing Basics,2024-01-15,Completed,49.3,61.8,346.08,2.8
EMP12778,Marketing,West,Cloud Computing Basics,2024-02-11,Completed,39.4,60.0,458.1,4.6
EMP12779,HR,North,SQL Fundamentals,2025-02-07,Completed,45.1,68.9,154.84,4.9
EMP12780,Operations,East,Communication Skills,2024-02-07,Completed,53.2,61.3,332.05,3.8
EMP12781,Finance,East,SQL Fundamentals,2024-08-18,Completed,44.7,63.0,289.62,3.1
EMP12782,Operations,Central,Cloud Computing Basics,2025-04-09,Completed,67.7,80.9,285.15,3.7
EMP12783,HR,West,Advanced Excel,2024-10-29,Dropped,68.8,,139.25,1.4
EMP12784,Customer Support,South,Project Management,2025-07-22,Completed,58.4,79.6,315.07,2.4
EMP12785,HR,North,Agile & Scrum,2025-10-13,In Progress,73.2,,200.83,
EMP12786,R&D,Central,SQL Fundamentals,2025-09-29,Dropped,39.6,,200.8,2.2
EMP12787,Operations,North,SQL Fundamentals,2025-11-30,Completed,65.9,93.0,215.33,4.3
EMP12788,Marketing,South,Leadership Essentials,2024-10-15,Dropped,50.4,,151.98,2.5
EMP12789,Sales,East,Agile & Scrum,2024-08-18,Completed,73.1,100.0,268.44,3.1
EMP12790,Finance,North,Advanced Excel,2025-01-09,In Progress,63.8,,390.94,
EMP12791,R&D,West,Python for Data Analysis,2024-09-30,Completed,47.4,92.7,265.01,3.2
EMP12792,Customer Support,Central,Communication Skills,2024-12-04,In Progress,57.8,,405.84,
EMP12793,Operations,East,Data Visualization with Power BI,2024-09-02,Completed,45.0,64.9,388.93,4.9
EMP12794,Operations,West,Cloud Computing Basics,2025-08-31,Completed,51.0,77.5,391.83,4.3
EMP12795,Customer Support,South,Communication Skills,2024-03-21,Completed,70.5,95.0,297.85,4.3
EMP12796,Sales,Central,Python for Data Analysis,2024-12-06,Dropped,59.4,,201.98,2.6
EMP12797,IT,East,Leadership Essentials,2025-09-02,Completed,69.4,100.0,285.6,3.0
EMP12798,Customer Support,West,Communication Skills,2024-07-05,Completed,46.7,66.2,295.17,4.4
EMP12799,R&D,East,Leadership Essentials,2025-01-11,Completed,53.7,60.4,443.79,3.4
EMP12800,Operations,South,Cloud Computing Basics,2024-10-19,Completed,22.1,53.6,573.97,4.5
EMP12801,Finance,South,Leadership Essentials,2024-04-29,Completed,52.6,58.1,361.48,4.4
EMP12802,Finance,North,Customer Service Excellence,2025-02-26,Completed,66.1,82.8,298.03,4.2
EMP12803,IT,North,Python for Data Analysis,2025-10-23,Completed,45.2,74.8,171.37,3.3
EMP12804,Marketing,South,Leadership Essentials,2024-03-22,Completed,41.8,51.9,459.69,4.2
EMP12805,IT,Central,Communication Skills,2024-06-09,Completed,52.8,62.8,596.14,4.7
EMP12806,HR,West,Agile & Scrum,2024-09-22,Completed,47.2,65.4,592.31,4.5
EMP12807,R&D,North,Advanced Excel,2024-07-17,Completed,48.8,60.1,302.94,4.5
EMP12808,Sales,Central,Cloud Computing Basics,2024-05-31,Completed,55.1,72.6,361.68,4.8
EMP12809,R&D,South,SQL Fundamentals,2025-02-13,Completed,45.8,68.2,371.15,3.2
EMP12810,Finance,West,Python for Data Analysis,2024-10-12,Dropped,49.6,,256.69,2.3
EMP12811,Marketing,South,Customer Service Excellence,2024-03-05,Completed,55.5,84.7,275.62,4.5
EMP12812,Sales,North,Python for Data Analysis,2025-05-10,In Progress,64.2,,245.04,
EMP12813,HR,North,Communication Skills,2024-11-23,Completed,49.9,70.9,285.32,4.0
EMP12814,Customer Support,North,SQL Fundamentals,2024-08-20,Dropped,48.2,,336.75,2.3
EMP12815,Finance,West,Agile & Scrum,2025-12-11,Completed,66.3,82.2,262.1,4.5
EMP12816,Finance,North,Data Visualization with Power BI,2025-09-29,Completed,59.7,82.8,515.74,4.9
EMP12817,Customer Support,South,Python for Data Analysis,2025-10-22,Completed,54.3,84.6,502.29,4.3
EMP12818,R&D,South,Project Management,2025-01-17,Dropped,57.1,,146.37,2.5
EMP12819,Finance,South,Leadership Essentials,2024-06-03,Completed,48.0,64.0,246.48,3.4
EMP12820,Finance,Central,SQL Fundamentals,2024-06-27,Completed,44.4,65.0,268.72,4.2
EMP12821,Finance,East,Data Visualization with Power BI,2024-08-20,Completed,26.7,61.3,251.75,4.9
EMP12822,Marketing,North,Customer Service Excellence,2024-04-03,Dropped,77.8,,277.51,1.8
EMP12823,Sales,Central,Leadership Essentials,2025-09-13,Completed,43.4,67.3,225.88,3.2
EMP12824,HR,South,Cloud Computing Basics,2024-04-11,Completed,59.6,80.4,230.94,4.6
EMP12825,Customer Support,North,Project Management,2025-07-20,Completed,48.7,66.2,350.78,4.7
EMP12826,HR,North,Customer Service Excellence,2025-10-07,Completed,66.0,97.8,562.98,2.9
EMP12827,Operations,West,Customer Service Excellence,2024-11-28,Completed,79.7,100.0,347.22,4.5
EMP12828,HR,South,Data Visualization with Power BI,2024-06-05,Completed,51.7,75.2,263.32,3.2
EMP12829,Sales,North,SQL Fundamentals,2024-09-16,Dropped,59.5,,188.62,3.0
EMP12830,HR,South,Leadership Essentials,2024-12-28,Completed,45.7,63.4,320.98,5.0
EMP12831,Marketing,South,Project Management,2024-02-20,Dropped,55.6,,97.13,2.5
EMP12832,Finance,North,Advanced Excel,2024-02-26,Completed,74.5,92.3,467.96,3.3
EMP12833,Operations,North,Data Visualization with Power BI,2025-05-12,Completed,31.0,47.8,292.05,3.4
EMP12834,Operations,North,Agile & Scrum,2024-06-01,Completed,46.9,76.0,541.87,5.0
EMP12835,Finance,West,Leadership Essentials,2025-11-07,Completed,52.4,75.5,276.97,3.0
EMP12836,Customer Support,South,SQL Fundamentals,2025-04-29,Completed,44.7,72.3,359.99,5.0
EMP12837,Marketing,East,Customer Service Excellence,2025-01-05,Completed,31.1,50.2,395.24,4.2
EMP12838,HR,North,Project Management,2025-03-14,Dropped,43.5,,96.3,2.8
EMP12839,IT,Central,Project Management,2025-03-14,Completed,43.7,70.9,422.29,3.4
EMP12840,IT,Central,Cloud Computing Basics,2024-08-04,Completed,38.6,74.7,316.58,3.6
EMP12841,R&D,East,Leadership Essentials,2025-05-03,In Progress,59.0,,196.73,
EMP12842,Sales,East,Leadership Essentials,2024-06-11,Completed,56.7,83.3,272.49,4.8
EMP12843,R&D,North,Leadership Essentials,2025-11-08,Completed,52.9,73.7,341.99,5.0
EMP12844,Finance,Central,Data Visualization with Power BI,2025-03-16,Dropped,41.0,,188.59,2.7
EMP12845,R&D,Central,SQL Fundamentals,2025-04-09,Completed,53.4,65.6,498.69,3.8
EMP12846,R&D,South,Advanced Excel,2025-03-12,Completed,61.9,64.0,395.38,5.0
EMP12847,IT,Central,Leadership Essentials,2025-03-24,Completed,50.7,78.4,466.78,3.5
EMP12848,R&D,East,SQL Fundamentals,2025-07-01,Completed,73.0,92.8,491.2,2.8
EMP12849,Customer Support,East,Data Visualization with Power BI,2024-07-31,Dropped,52.0,,258.57,3.6
EMP12850,Operations,South,Advanced Excel,2024-04-03,Completed,49.9,80.3,285.0,4.2
EMP12851,Operations,South,Python for Data Analysis,2025-11-19,Completed,68.9,92.4,400.67,4.1
EMP12852,Marketing,South,Data Visualization with Power BI,2024-05-28,Completed,42.2,60.0,213.32,4.1
EMP12853,IT,East,Python for Data Analysis,2025-05-12,In Progress,70.3,,265.87,
EMP12854,Operations,Central,Customer Service Excellence,2025-05-06,Completed,65.3,87.4,248.85,4.8
EMP12855,HR,West,Agile & Scrum,2025-02-09,Completed,55.2,77.1,420.41,3.4
EMP12856,Customer Support,West,Cloud Computing Basics,2025-08-09,Completed,54.5,72.5,254.99,4.9
EMP12857,IT,West,Data Visualization with Power BI,2024-12-21,Completed,49.9,80.1,222.13,4.3
EMP12858,Marketing,North,Python for Data Analysis,2024-09-07,Completed,58.0,81.4,474.04,3.0
EMP12859,R&D,South,Python for Data Analysis,2025-01-30,Dropped,74.0,,189.27,2.1
EMP12860,HR,West,Customer Service Excellence,2024-04-22,In Progress,48.5,,355.65,
EMP12861,Marketing,South,SQL Fundamentals,2025-01-24,Completed,48.0,73.9,301.41,4.2
EMP12862,Marketing,Central,Customer Service Excellence,2024-01-09,Completed,42.4,61.7,312.34,3.9
EMP12863,HR,Central,Leadership Essentials,2025-02-27,Completed,45.5,74.8,270.67,4.9
EMP12864,Finance,North,Project Management,2024-10-23,Dropped,46.6,,307.3,2.2
EMP12865,Marketing,Central,Cloud Computing Basics,2024-10-15,Completed,49.8,85.2,270.62,3.2
EMP12866,Operations,East,Communication Skills,2024-08-14,Completed,46.8,62.0,242.47,3.9
EMP12867,Operations,Central,Advanced Excel,2025-08-06,Dropped,42.3,,250.95,3.5
EMP12868,Finance,East,Communication Skills,2025-04-06,Completed,66.4,92.6,360.18,4.2
EMP12869,Customer Support,East,Python for Data Analysis,2025-11-23,In Progress,43.6,,483.15,
EMP12870,HR,South,Data Visualization with Power BI,2025-08-30,Completed,40.9,54.9,444.04,4.9
EMP12871,R&D,South,SQL Fundamentals,2025-06-29,Completed,59.7,90.6,309.74,3.9
EMP12872,Operations,North,Data Visualization with Power BI,2024-04-16,Dropped,61.0,,204.87,3.1
EMP12873,HR,North,Leadership Essentials,2025-05-05,Completed,52.1,81.8,283.57,3.4
EMP12874,Operations,Central,Project Management,2024-10-20,Completed,42.9,65.6,288.95,3.3
EMP12875,Marketing,West,SQL Fundamentals,2024-05-08,Completed,46.5,66.4,230.23,3.1
EMP12876,Operations,East,SQL Fundamentals,2024-11-07,Completed,70.0,93.1,305.04,5.0
EMP12877,Finance,Central,Python for Data Analysis,2024-05-24,In Progress,64.3,,258.73,
EMP12878,IT,South,Advanced Excel,2025-04-17,Completed,55.3,83.4,217.05,3.8
EMP12879,Customer Support,South,Project Management,2024-12-11,Completed,60.9,73.9,330.01,3.4
EMP12880,Customer Support,North,SQL Fundamentals,2024-08-11,Dropped,51.8,,152.62,1.5
EMP12881,Marketing,Central,Communication Skills,2024-09-22,Completed,66.6,79.6,236.39,5.0
EMP12882,Finance,North,Advanced Excel,2025-07-09,Completed,80.4,99.1,111.48,4.2
EMP12883,Operations,South,Data Visualization with Power BI,2024-06-10,Dropped,52.2,,254.55,2.8
EMP12884,Sales,South,Data Visualization with Power BI,2025-04-13,Completed,48.2,62.6,286.85,4.9
EMP12885,Finance,North,Python for Data Analysis,2024-08-25,Completed,73.5,91.3,543.94,3.8
EMP12886,Customer Support,Central,Cloud Computing Basics,2024-01-29,Completed,35.5,47.8,424.68,4.9
EMP12887,HR,Central,Communication Skills,2025-08-19,Dropped,29.4,,74.25,4.1
EMP12888,R&D,West,Communication Skills,2025-04-21,Completed,57.2,79.8,208.96,2.1
EMP12889,Finance,East,Python for Data Analysis,2024-08-21,Completed,60.4,85.2,261.75,4.7
EMP12890,HR,South,Agile & Scrum,2024-10-14,Completed,63.6,80.1,207.14,3.1
EMP12891,R&D,East,Leadership Essentials,2024-07-24,Completed,37.5,67.6,271.44,3.0
EMP12892,Finance,North,Leadership Essentials,2024-05-17,Completed,51.8,73.0,363.69,5.0
EMP12893,Finance,South,Python for Data Analysis,2024-01-23,Completed,62.3,84.6,423.0,4.0
EMP12894,R&D,West,Advanced Excel,2025-12-09,Completed,37.7,70.0,301.23,4.6
EMP12895,Marketing,North,Customer Service Excellence,2024-05-25,Completed,74.6,81.8,317.49,3.7
EMP12896,Marketing,East,Data Visualization with Power BI,2024-02-28,Completed,59.9,73.0,483.81,4.4
EMP12897,Finance,North,Advanced Excel,2024-08-24,Completed,49.2,74.3,324.68,3.9
EMP12898,R&D,South,Data Visualization with Power BI,2024-08-09,Completed,88.6,100.0,204.47,2.5
EMP12899,HR,Central,Communication Skills,2024-03-10,Dropped,36.5,,214.87,3.3
EMP12900,Sales,North,Customer Service Excellence,2024-06-15,Dropped,58.2,,246.83,2.3
EMP12901,Operations,North,Project Management,2025-03-25,In Progress,50.5,,460.94,
EMP12902,Customer Support,East,Agile & Scrum,2024-04-14,In Progress,65.0,,316.8,
EMP12903,R&D,East,Communication Skills,2024-04-18,Completed,61.0,87.0,407.29,4.7
EMP12904,Operations,North,Cloud Computing Basics,2025-10-17,Completed,59.3,90.8,338.66,3.6
EMP12905,HR,West,Leadership Essentials,2025-06-01,In Progress,40.8,,204.15,
EMP12906,HR,South,Project Management,2024-02-11,In Progress,32.8,,383.11,
EMP12907,Marketing,West,Cloud Computing Basics,2024-10-15,Completed,53.7,84.8,377.8,3.6
EMP12908,HR,South,Customer Service Excellence,2025-10-04,Completed,68.5,100.0,400.91,3.6
EMP12909,HR,North,Leadership Essentials,2024-03-29,Dropped,56.8,,103.5,2.9
EMP12910,R&D,Central,Python for Data Analysis,2025-12-14,Completed,70.4,77.3,521.88,3.8
EMP12911,Customer Support,Central,Python for Data Analysis,2024-03-16,Completed,60.5,93.3,207.87,4.9
EMP12912,Operations,North,Data Visualization with Power BI,2024-06-03,Completed,70.6,86.9,498.63,4.8
EMP12913,Operations,East,Leadership Essentials,2024-11-21,Completed,69.6,92.4,133.28,3.9
EMP12914,IT,South,Leadership Essentials,2025-05-19,Dropped,57.0,,226.27,1.7
EMP12915,Finance,South,Agile & Scrum,2024-07-05,Completed,40.7,59.0,301.42,4.1
EMP12916,HR,South,Advanced Excel,2024-06-29,Completed,47.8,78.4,237.74,4.0
EMP12917,Operations,Central,Cloud Computing Basics,2024-07-18,Completed,57.7,95.4,203.23,4.3
EMP12918,Finance,South,Communication Skills,2024-11-05,Completed,36.7,56.9,201.75,4.3
EMP12919,R&D,Central,SQL Fundamentals,2024-12-04,Completed,35.0,50.2,416.04,5.0
EMP12920,HR,North,Project Management,2025-11-30,Completed,44.4,71.8,474.26,3.3
EMP12921,Marketing,North,SQL Fundamentals,2024-07-13,In Progress,57.9,,347.48,
EMP12922,R&D,East,SQL Fundamentals,2024-07-05,Completed,34.4,61.8,546.12,4.1
EMP12923,Finance,South,SQL Fundamentals,2024-11-20,Completed,66.0,88.5,331.78,3.7
EMP12924,R&D,West,Customer Service Excellence,2024-06-23,Completed,54.3,69.3,196.37,3.5
EMP12925,HR,North,Cloud Computing Basics,2025-02-12,Completed,48.9,79.7,193.21,4.2
EMP12926,HR,North,Project Management,2024-06-10,Completed,64.7,80.0,274.22,4.2
EMP12927,IT,East,Cloud Computing Basics,2024-02-13,Completed,64.3,73.7,186.71,3.5
EMP12928,Customer Support,South,Cloud Computing Basics,2025-04-19,Completed,51.9,83.6,224.36,3.7
EMP12929,Customer Support,South,SQL Fundamentals,2024-10-30,Completed,65.5,96.0,296.08,4.0
EMP12930,Customer Support,West,Advanced Excel,2025-11-10,Completed,42.1,75.1,421.27,5.0
EMP12931,Marketing,North,Data Visualization with Power BI,2024-04-19,Completed,30.0,47.5,364.71,4.5
EMP12932,Sales,East,SQL Fundamentals,2024-08-17,Completed,70.3,97.0,256.94,3.6
EMP12933,IT,South,Leadership Essentials,2024-06-26,In Progress,44.3,,245.87,
EMP12934,Operations,Central,Advanced Excel,2025-01-16,Completed,48.3,79.7,244.13,5.0
EMP12935,Customer Support,Central,Customer Service Excellence,2024-11-01,In Progress,31.9,,182.74,
EMP12936,IT,Central,Project Management,2025-07-23,Completed,36.8,59.2,419.65,4.6
EMP12937,Operations,South,Python for Data Analysis,2025-02-01,Completed,57.4,77.9,391.57,2.7
EMP12938,R&D,Central,Customer Service Excellence,2024-11-17,Completed,55.9,83.0,468.9,3.6
EMP12939,Customer Support,East,Cloud Computing Basics,2024-11-14,Completed,37.3,41.0,130.78,3.3
EMP12940,Customer Support,South,Data Visualization with Power BI,2025-11-05,Completed,59.0,76.9,330.94,3.7
EMP12941,Customer Support,South,Leadership Essentials,2024-07-16,Completed,16.2,50.3,260.25,3.4
EMP12942,IT,North,Communication Skills,2025-09-18,Completed,37.5,67.3,205.42,4.2
EMP12943,Operations,West,Agile & Scrum,2025-12-17,In Progress,50.3,,278.91,
EMP12944,R&D,Central,Customer Service Excellence,2025-02-20,Completed,54.1,74.6,276.33,3.4
EMP12945,Operations,Central,Agile & Scrum,2025-10-29,Completed,53.1,77.7,360.09,4.9
EMP12946,IT,Central,Python for Data Analysis,2024-08-12,In Progress,41.5,,270.96,
EMP12947,Customer Support,North,Leadership Essentials,2024-01-03,Completed,55.0,75.8,309.49,4.0
EMP12948,HR,Central,Project Management,2025-07-11,Completed,44.2,73.7,205.81,4.4
EMP12949,Marketing,North,Project Management,2024-10-03,Completed,74.2,100.0,208.89,4.8
EMP12950,Sales,East,Agile & Scrum,2024-06-14,Dropped,73.5,,282.26,3.2
EMP12951,Sales,North,Customer Service Excellence,2025-06-30,Completed,69.8,100.0,335.92,4.7
EMP12952,Customer Support,South,Data Visualization with Power BI,2025-07-23,Dropped,78.9,,67.11,2.8
EMP12953,Customer Support,South,Data Visualization with Power BI,2025-02-21,Dropped,49.0,,117.0,2.9
EMP12954,Marketing,North,Agile & Scrum,2024-06-30,Completed,40.0,49.0,273.46,3.6
EMP12955,Customer Support,Central,Communication Skills,2024-01-01,Dropped,73.5,,172.3,3.3
EMP12956,HR,South,Data Visualization with Power BI,2025-09-15,Completed,54.0,62.1,479.47,3.8
EMP12957,Finance,East,Leadership Essentials,2025-09-06,Completed,49.0,71.4,276.18,4.4
EMP12958,R&D,East,Python for Data Analysis,2025-05-08,Completed,51.7,58.5,227.62,3.8
EMP12959,Sales,West,Project Management,2024-06-20,Completed,69.7,87.2,407.41,4.5
EMP12960,IT,East,Data Visualization with Power BI,2025-09-28,Completed,55.5,84.9,355.49,3.6
EMP12961,Customer Support,North,Customer Service Excellence,2025-12-12,Completed,54.9,71.8,347.21,4.5
EMP12962,Finance,Central,Communication Skills,2025-11-07,Completed,57.7,78.9,467.42,4.3
EMP12963,Sales,South,Cloud Computing Basics,2025-01-12,Completed,50.9,73.7,329.75,4.2
EMP12964,Customer Support,South,SQL Fundamentals,2025-08-11,In Progress,75.5,,175.46,
EMP12965,Marketing,West,Data Visualization with Power BI,2025-09-23,Completed,54.2,63.6,323.09,4.4
EMP12966,Marketing,East,Data Visualization with Power BI,2024-10-06,Completed,51.7,70.7,461.83,4.3
EMP12967,Sales,West,Communication Skills,2025-08-16,In Progress,47.9,,266.79,
EMP12968,R&D,East,Customer Service Excellence,2025-09-24,Completed,58.4,75.9,488.72,3.9
EMP12969,IT,West,SQL Fundamentals,2025-02-09,Completed,52.2,68.7,357.05,3.6
EMP12970,R&D,East,Customer Service Excellence,2025-07-26,Completed,47.9,59.7,340.24,3.3
EMP12971,Operations,West,Communication Skills,2025-06-05,Completed,62.1,81.1,466.21,4.0
EMP12972,Operations,North,Cloud Computing Basics,2024-09-05,Completed,70.5,90.2,278.13,3.7
EMP12973,Marketing,South,Cloud Computing Basics,2025-08-18,Completed,63.3,83.7,341.18,3.8
EMP12974,Customer Support,East,SQL Fundamentals,2024-01-29,Completed,45.8,70.4,344.69,3.2
EMP12975,HR,Central,Cloud Computing Basics,2024-11-30,Dropped,46.1,,60.52,2.5
EMP12976,HR,West,Leadership Essentials,2024-02-10,Completed,54.9,74.3,373.3,4.1
EMP12977,Sales,North,Agile & Scrum,2024-10-04,Completed,57.1,72.7,320.71,3.6
EMP12978,IT,South,Python for Data Analysis,2025-07-06,Completed,70.6,94.9,291.58,4.6
EMP12979,Sales,East,Customer Service Excellence,2025-11-13,In Progress,72.0,,262.52,
EMP12980,Finance,Central,SQL Fundamentals,2025-04-30,Completed,63.0,92.9,441.86,3.2
EMP12981,Marketing,West,Data Visualization with Power BI,2024-06-01,Dropped,41.9,,150.73,2.0
EMP12982,Sales,North,Python for Data Analysis,2024-02-17,Completed,57.9,86.8,444.73,4.9
EMP12983,Customer Support,North,SQL Fundamentals,2024-12-30,Completed,44.9,77.4,229.97,4.6
EMP12984,Customer Support,East,Advanced Excel,2024-09-24,Completed,60.7,82.5,234.84,4.5
EMP12985,Operations,West,Customer Service Excellence,2024-02-23,Completed,58.2,68.1,289.38,3.6
EMP12986,Sales,North,Agile & Scrum,2024-06-14,Completed,50.5,65.1,404.14,3.7
EMP12987,Sales,North,Data Visualization with Power BI,2025-01-16,In Progress,61.6,,190.87,
EMP12988,Sales,South,Communication Skills,2024-11-06,Dropped,30.8,,159.46,1.9
EMP12989,Sales,West,Customer Service Excellence,2025-11-12,Completed,48.5,64.9,350.62,4.0
EMP12990,Customer Support,East,Leadership Essentials,2024-02-09,Completed,37.8,64.2,253.92,3.5
EMP12991,Marketing,East,SQL Fundamentals,2025-03-22,In Progress,54.6,,198.65,
EMP12992,Marketing,West,Leadership Essentials,2024-07-04,Completed,42.7,62.4,143.3,5.0
EMP12993,Finance,South,Communication Skills,2024-01-31,Completed,75.3,95.2,219.8,4.1
EMP12994,Customer Support,East,Agile & Scrum,2025-12-02,In Progress,45.7,,229.85,
EMP12995,Finance,Central,Cloud Computing Basics,2024-06-23,Completed,42.5,62.8,366.05,3.8
EMP12996,Finance,East,Python for Data Analysis,2024-03-24,Dropped,37.8,,155.91,2.7
EMP12997,Marketing,South,Advanced Excel,2025-12-19,In Progress,42.2,,394.34,
EMP12998,Sales,North,Data Visualization with Power BI,2024-05-10,Completed,50.2,52.3,157.98,4.6
EMP12999,R&D,South,Leadership Essentials,2025-04-19,Completed,42.4,69.9,385.07,3.9
EMP13000,Finance,Central,Project Management,2024-11-24,Completed,69.5,86.3,239.67,4.7
EMP13001,Marketing,South,Leadership Essentials,2025-11-15,Completed,81.8,98.3,545.63,4.8
EMP13002,HR,East,Advanced Excel,2024-04-28,Dropped,57.1,,139.94,2.1
EMP13003,Marketing,Central,Advanced Excel,2024-03-09,Completed,29.2,53.0,233.01,4.3
EMP13004,Sales,East,Communication Skills,2024-04-04,Completed,19.3,31.2,347.5,3.6
EMP13005,Operations,West,Data Visualization with Power BI,2025-10-15,Completed,58.5,79.1,193.43,4.5
EMP13006,R&D,Central,Communication Skills,2025-04-17,Completed,62.3,88.1,379.08,4.4
EMP13007,R&D,South,Communication Skills,2025-09-09,Completed,77.0,100.0,299.9,3.4
EMP13008,R&D,Central,Agile & Scrum,2024-08-15,Completed,64.0,81.3,412.92,4.9
EMP13009,Customer Support,North,Advanced Excel,2024-07-24,Completed,26.9,51.3,527.23,3.8
EMP13010,HR,West,Python for Data Analysis,2025-04-30,Completed,66.3,89.9,244.28,5.0
EMP13011,IT,East,Leadership Essentials,2025-07-10,Completed,62.5,90.9,271.73,4.0
EMP13012,Customer Support,South,Project Management,2024-03-05,Completed,47.9,66.5,239.48,3.2
EMP13013,Operations,West,Project Management,2024-08-05,Dropped,57.2,,289.65,3.5
EMP13014,R&D,Central,Python for Data Analysis,2025-06-08,Completed,51.6,64.2,291.65,4.4
EMP13015,Customer Support,West,Data Visualization with Power BI,2024-10-12,In Progress,64.1,,354.22,
EMP13016,IT,West,Customer Service Excellence,2025-01-22,Dropped,50.2,,172.52,2.2
EMP13017,Customer Support,Central,Advanced Excel,2024-08-17,Completed,54.3,75.7,322.24,4.2
EMP13018,Operations,West,Cloud Computing Basics,2024-12-15,Completed,53.4,69.2,394.59,4.8
EMP13019,Sales,North,Advanced Excel,2025-06-29,Completed,52.9,68.9,363.48,3.2
EMP13020,Finance,Central,Python for Data Analysis,2024-08-27,In Progress,61.7,,383.8,
EMP13021,Marketing,South,Advanced Excel,2024-03-28,Completed,64.2,93.6,425.89,4.2
EMP13022,Operations,East,Leadership Essentials,2024-10-28,Completed,57.6,68.3,509.69,4.4
EMP13023,Operations,Central,SQL Fundamentals,2025-04-13,Completed,47.8,74.4,389.43,2.9
EMP13024,Marketing,West,Project Management,2025-12-28,Completed,44.5,58.6,415.98,4.0
EMP13025,IT,Central,Python for Data Analysis,2024-05-26,Completed,57.0,73.1,427.02,3.7
EMP13026,R&D,Central,SQL Fundamentals,2025-11-09,In Progress,52.3,,248.75,
EMP13027,HR,East,Agile & Scrum,2024-07-11,Completed,54.9,83.8,294.72,5.0
EMP13028,R&D,North,Project Management,2025-06-25,Completed,52.8,92.2,184.66,5.0
EMP13029,IT,East,Data Visualization with Power BI,2025-05-23,Completed,59.6,81.6,210.3,4.7
EMP13030,Customer Support,Central,Advanced Excel,2024-07-05,Completed,44.9,61.5,543.92,3.7
EMP13031,Finance,Central,Agile & Scrum,2025-03-20,In Progress,40.8,,163.87,
EMP13032,IT,Central,Data Visualization with Power BI,2025-05-18,In Progress,33.5,,245.36,
EMP13033,Operations,East,SQL Fundamentals,2024-01-24,Completed,70.3,89.7,417.19,3.9
EMP13034,HR,North,Customer Service Excellence,2025-08-13,Completed,72.7,98.0,187.87,3.6
EMP13035,Customer Support,West,SQL Fundamentals,2024-08-14,In Progress,41.6,,258.66,
EMP13036,IT,East,Agile & Scrum,2024-01-22,Completed,47.1,70.7,266.51,3.7
EMP13037,Sales,East,Data Visualization with Power BI,2025-11-20,Completed,40.9,75.4,598.83,4.7
EMP13038,IT,North,SQL Fundamentals,2025-08-21,Completed,61.5,80.1,253.02,5.0
EMP13039,HR,Central,Customer Service Excellence,2024-05-17,Completed,57.7,79.4,381.28,2.0
EMP13040,IT,South,Cloud Computing Basics,2025-08-10,Completed,60.9,85.5,399.81,4.1
EMP13041,IT,Central,Advanced Excel,2024-10-17,Completed,47.8,74.7,266.16,3.2
EMP13042,Finance,West,Data Visualization with Power BI,2024-03-12,Dropped,60.3,,272.83,2.4
EMP13043,R&D,South,Cloud Computing Basics,2024-05-23,Dropped,40.1,,123.47,1.8
EMP13044,Marketing,Central,SQL Fundamentals,2025-08-04,Completed,63.1,70.1,252.41,4.5
EMP13045,Sales,North,Project Management,2024-11-25,Dropped,50.5,,135.94,1.5
EMP13046,Marketing,East,Customer Service Excellence,2024-09-09,Completed,66.6,88.9,278.01,3.8
EMP13047,Customer Support,South,SQL Fundamentals,2025-08-04,Completed,60.9,86.4,350.58,4.0
EMP13048,IT,West,Communication Skills,2025-02-06,Dropped,65.6,,204.18,2.9
EMP13049,HR,Central,Data Visualization with Power BI,2025-05-12,Completed,62.9,87.4,278.97,4.8
EMP13050,Customer Support,West,Cloud Computing Basics,2024-12-17,Dropped,39.8,,117.95,1.7
EMP13051,IT,West,Communication Skills,2024-03-11,In Progress,66.7,,386.18,
EMP13052,Customer Support,North,Python for Data Analysis,2025-09-30,Dropped,58.1,,216.51,2.9
EMP13053,Finance,East,Agile & Scrum,2024-11-02,Completed,57.2,68.5,214.08,3.4
EMP13054,Marketing,North,Python for Data Analysis,2025-11-16,Completed,48.5,69.0,313.24,3.3
EMP13055,R&D,South,Python for Data Analysis,2024-05-26,Completed,39.1,71.9,308.9,4.9
EMP13056,HR,Central,Advanced Excel,2025-10-10,Completed,46.7,71.4,339.65,3.2
EMP13057,IT,Central,SQL Fundamentals,2025-08-29,Completed,54.1,72.8,106.35,3.2
EMP13058,Customer Support,Central,Python for Data Analysis,2025-05-22,Completed,42.5,73.4,484.84,3.8
EMP13059,Sales,Central,Leadership Essentials,2025-06-01,Completed,62.9,99.3,226.66,5.0
EMP13060,R&D,East,Project Management,2024-04-24,In Progress,31.7,,342.98,
EMP13061,Marketing,Central,Customer Service Excellence,2025-05-17,Completed,82.2,100.0,342.79,3.2
EMP13062,Sales,West,Agile & Scrum,2024-05-02,In Progress,53.7,,294.35,
EMP13063,Operations,North,Data Visualization with Power BI,2024-08-01,Completed,65.7,90.4,370.52,3.3
EMP13064,R&D,South,Agile & Scrum,2025-03-29,Completed,62.9,89.0,341.01,4.3
EMP13065,Finance,South,Data Visualization with Power BI,2024-10-17,Completed,50.7,74.1,303.02,1.7
EMP13066,Operations,North,Data Visualization with Power BI,2024-01-09,Completed,64.2,83.1,327.51,3.8
EMP13067,Marketing,South,Agile & Scrum,2025-03-05,Dropped,66.0,,163.02,3.0
EMP13068,HR,West,Leadership Essentials,2024-09-27,In Progress,34.3,,186.98,
EMP13069,Operations,North,Leadership Essentials,2024-03-28,Completed,51.6,71.4,474.23,3.7
EMP13070,Marketing,West,Customer Service Excellence,2024-01-08,Completed,65.2,71.9,314.03,5.0
EMP13071,Sales,North,Customer Service Excellence,2025-08-28,In Progress,54.5,,300.34,
EMP13072,IT,Central,Data Visualization with Power BI,2024-10-04,Completed,37.6,54.3,336.93,4.0
EMP13073,IT,North,SQL Fundamentals,2025-09-22,Completed,54.4,80.0,524.21,3.7
EMP13074,HR,East,Agile & Scrum,2024-01-29,Completed,75.1,100.0,535.53,4.0
EMP13075,R&D,South,Cloud Computing Basics,2025-08-11,Completed,61.9,88.0,321.27,4.9
EMP13076,Marketing,North,Customer Service Excellence,2024-05-27,Completed,53.5,80.6,169.62,3.8
EMP13077,Finance,South,Cloud Computing Basics,2024-04-20,Completed,51.8,73.2,441.62,2.9
EMP13078,Sales,South,Communication Skills,2025-06-22,Completed,21.8,65.5,479.34,5.0
EMP13079,Finance,North,Customer Service Excellence,2024-06-01,Completed,55.1,79.5,341.56,3.7
EMP13080,HR,North,Leadership Essentials,2024-02-02,Completed,53.3,74.5,176.19,4.2
EMP13081,Customer Support,South,Advanced Excel,2025-01-04,Completed,55.5,78.8,377.05,4.2
EMP13082,Sales,North,Project Management,2025-05-02,Completed,68.7,87.9,302.84,4.3
EMP13083,IT,West,Data Visualization with Power BI,2024-12-07,Dropped,52.0,,198.14,2.8
EMP13084,Sales,West,Data Visualization with Power BI,2025-04-17,Completed,69.8,89.7,218.78,5.0
EMP13085,R&D,South,Leadership Essentials,2024-04-21,Completed,44.7,72.1,367.23,3.9
EMP13086,Sales,Central,Customer Service Excellence,2025-11-01,Completed,22.2,44.2,191.2,3.8
EMP13087,IT,North,Communication Skills,2025-12-27,Completed,48.4,65.8,412.96,4.1
EMP13088,IT,West,Advanced Excel,2024-06-20,Completed,58.8,91.7,273.54,4.3
EMP13089,Sales,West,Communication Skills,2024-09-07,Completed,68.1,100.0,225.05,5.0
EMP13090,Operations,East,Leadership Essentials,2025-01-04,Completed,46.4,74.7,541.54,4.6
EMP13091,Sales,South,Project Management,2024-08-07,Dropped,77.6,,163.05,2.6
EMP13092,IT,South,Python for Data Analysis,2024-10-05,Completed,43.2,82.3,311.51,3.9
EMP13093,HR,West,SQL Fundamentals,2024-08-01,Completed,50.8,67.6,298.58,3.6
EMP13094,Marketing,East,Advanced Excel,2024-05-13,Completed,38.6,54.3,269.14,5.0
EMP13095,R&D,Central,Communication Skills,2025-07-24,Completed,66.1,97.5,388.71,5.0
EMP13096,Operations,East,Project Management,2025-07-07,Completed,40.2,55.8,311.97,3.8
EMP13097,HR,North,Advanced Excel,2025-11-14,Completed,49.6,73.4,346.63,4.1
EMP13098,IT,South,Cloud Computing Basics,2025-02-18,Dropped,24.7,,236.03,1.8
EMP13099,Customer Support,East,Customer Service Excellence,2025-03-14,In Progress,52.0,,303.52,
EMP13100,Customer Support,South,Data Visualization with Power BI,2025-01-23,Dropped,46.6,,108.97,1.7
EMP13101,Operations,East,Customer Service Excellence,2024-01-25,Completed,42.1,57.3,245.79,3.2
EMP13102,IT,Central,Advanced Excel,2024-02-03,Completed,44.6,73.9,385.81,4.4
EMP13103,HR,North,Cloud Computing Basics,2024-02-14,Completed,45.4,70.4,398.56,4.6
EMP13104,Finance,West,SQL Fundamentals,2025-10-02,Completed,74.2,99.9,263.01,4.7
EMP13105,Finance,East,Agile & Scrum,2025-06-06,Completed,63.1,78.7,350.96,3.8
EMP13106,HR,North,Data Visualization with Power BI,2025-06-24,Completed,59.1,85.2,199.5,4.9
EMP13107,HR,South,Python for Data Analysis,2024-03-08,Dropped,40.3,,101.03,2.8
EMP13108,HR,North,Project Management,2024-01-02,In Progress,95.5,,250.79,
EMP13109,Sales,North,Python for Data Analysis,2025-07-15,Completed,54.1,72.0,256.81,3.8
EMP13110,Customer Support,West,Data Visualization with Power BI,2024-04-23,Completed,56.3,74.6,305.66,3.9
EMP13111,IT,North,Communication Skills,2025-02-19,In Progress,71.6,,207.6,
EMP13112,IT,West,SQL Fundamentals,2025-10-04,Completed,38.9,65.2,337.19,5.0
EMP13113,R&D,South,Customer Service Excellence,2025-08-18,Completed,63.8,97.2,427.69,4.1
EMP13114,R&D,Central,Python for Data Analysis,2024-01-10,Completed,46.8,71.1,459.63,5.0
EMP13115,Operations,Central,Advanced Excel,2025-03-11,Completed,44.7,67.5,323.95,3.9
EMP13116,Finance,North,Python for Data Analysis,2025-09-03,In Progress,49.6,,445.92,
EMP13117,Operations,South,Data Visualization with Power BI,2024-05-01,In Progress,39.5,,527.69,
EMP13118,Finance,West,Advanced Excel,2025-06-19,In Progress,45.8,,165.2,
EMP13119,IT,Central,Agile & Scrum,2025-01-13,Completed,57.9,77.9,184.12,3.3
EMP13120,HR,Central,Communication Skills,2024-01-19,Completed,54.9,84.7,288.4,4.5
EMP13121,Sales,North,Project Management,2024-11-27,Completed,60.7,82.5,199.75,3.1
EMP13122,Customer Support,North,Customer Service Excellence,2025-01-19,Dropped,50.4,,236.04,2.5
EMP13123,Operations,East,SQL Fundamentals,2024-10-06,In Progress,64.1,,330.26,
EMP13124,R&D,South,Python for Data Analysis,2024-02-29,Completed,51.6,62.6,316.51,4.4
EMP13125,Sales,South,Agile & Scrum,2025-12-06,Completed,26.3,41.6,262.1,3.6
EMP13126,Finance,Central,Customer Service Excellence,2024-10-22,Dropped,42.6,,121.58,2.6
EMP13127,HR,North,Agile & Scrum,2025-05-27,In Progress,53.1,,264.18,
EMP13128,Operations,East,Leadership Essentials,2024-08-20,In Progress,47.3,,200.99,
EMP13129,Finance,West,Communication Skills,2024-08-15,Completed,59.6,86.2,421.24,3.6
EMP13130,Sales,East,Advanced Excel,2025-09-26,Completed,51.2,85.4,268.41,3.7
EMP13131,Marketing,North,Agile & Scrum,2025-12-04,Completed,59.8,83.8,186.47,4.1
EMP13132,HR,East,Project Management,2024-01-19,Completed,54.6,72.5,380.5,3.9
EMP13133,Sales,North,Customer Service Excellence,2024-06-26,Completed,57.2,84.1,264.48,3.9
EMP13134,Customer Support,North,Python for Data Analysis,2024-05-10,Completed,41.2,60.2,354.59,1.8
EMP13135,R&D,North,Python for Data Analysis,2024-06-28,Completed,54.0,80.5,275.86,3.9
EMP13136,Customer Support,North,Project Management,2024-05-08,Completed,28.8,50.3,212.5,2.9
EMP13137,Marketing,North,Customer Service Excellence,2025-03-15,Completed,52.8,85.0,286.09,4.4
EMP13138,Operations,East,Cloud Computing Basics,2024-02-17,Dropped,52.7,,124.24,2.0
EMP13139,HR,South,Customer Service Excellence,2024-08-12,In Progress,60.1,,185.73,
EMP13140,Customer Support,North,Advanced Excel,2024-03-31,Completed,62.1,81.0,282.67,4.7
EMP13141,R&D,South,Communication Skills,2024-06-01,Completed,34.9,52.2,176.24,3.5
EMP13142,Customer Support,North,Customer Service Excellence,2025-07-01,Completed,42.6,84.1,400.04,4.5
EMP13143,HR,West,Leadership Essentials,2025-04-08,Dropped,63.8,,186.73,2.0
EMP13144,Customer Support,West,Project Management,2025-02-13,Dropped,60.6,,106.91,3.0
EMP13145,IT,Central,Customer Service Excellence,2025-07-12,Completed,36.9,85.2,265.46,4.0
EMP13146,Operations,West,Customer Service Excellence,2025-11-09,Completed,56.4,76.5,302.22,4.2
EMP13147,Finance,East,Python for Data Analysis,2025-02-26,Dropped,51.4,,107.53,1.7
EMP13148,Operations,Central,SQL Fundamentals,2024-11-04,Dropped,47.0,,176.84,3.7
EMP13149,Marketing,East,Data Visualization with Power BI,2024-02-24,Completed,56.3,68.1,330.91,3.2
EMP13150,Customer Support,Central,Leadership Essentials,2024-06-03,Completed,59.0,78.0,459.43,3.8
EMP13151,Operations,Central,Project Management,2024-12-31,Completed,54.7,57.6,217.38,3.3
EMP13152,Customer Support,East,Communication Skills,2024-03-31,Completed,69.5,85.0,238.59,4.2
EMP13153,R&D,South,Agile & Scrum,2024-03-23,Completed,70.6,100.0,301.47,4.1
EMP13154,Sales,West,Data Visualization with Power BI,2024-08-18,Completed,47.0,67.1,423.22,3.8
EMP13155,HR,North,Agile & Scrum,2024-10-10,Completed,60.0,86.7,441.77,5.0
EMP13156,Sales,West,Cloud Computing Basics,2024-01-19,Completed,56.5,87.3,296.1,3.9
EMP13157,Sales,South,Advanced Excel,2025-01-14,Completed,67.7,97.8,454.9,4.2
EMP13158,Operations,North,Leadership Essentials,2024-01-31,Completed,38.3,60.0,311.41,5.0
EMP13159,Operations,Central,Agile & Scrum,2024-01-05,In Progress,64.4,,267.2,
EMP13160,R&D,South,Advanced Excel,2025-10-19,In Progress,51.6,,365.82,
EMP13161,Sales,North,Data Visualization with Power BI,2024-03-04,Dropped,15.2,,93.37,1.6
EMP13162,R&D,Central,SQL Fundamentals,2025-09-10,Dropped,42.3,,125.6,2.9
EMP13163,IT,East,Python for Data Analysis,2024-08-02,Completed,59.7,86.5,256.91,3.4
EMP13164,Finance,North,Customer Service Excellence,2024-04-11,Completed,59.8,76.8,388.28,3.0
EMP13165,Customer Support,North,Advanced Excel,2025-02-01,In Progress,71.7,,302.86,
EMP13166,Marketing,Central,Python for Data Analysis,2025-06-03,Completed,57.2,84.2,351.52,5.0
EMP13167,Operations,West,Agile & Scrum,2025-01-08,Dropped,67.4,,294.55,2.8
EMP13168,IT,South,Customer Service Excellence,2024-08-16,Completed,57.2,89.6,165.96,4.3
EMP13169,IT,North,Customer Service Excellence,2025-07-25,Completed,72.4,86.8,324.59,5.0
EMP13170,Sales,West,Leadership Essentials,2025-09-05,Completed,69.1,100.0,525.51,4.4
EMP13171,R&D,North,Cloud Computing Basics,2025-03-12,Completed,60.1,66.0,428.04,4.2
EMP13172,IT,Central,Customer Service Excellence,2024-05-12,In Progress,57.1,,407.85,
EMP13173,Customer Support,East,Customer Service Excellence,2024-05-03,Completed,40.8,75.6,329.75,4.8
EMP13174,Finance,North,Customer Service Excellence,2025-07-27,In Progress,57.2,,182.6,
EMP13175,HR,East,Agile & Scrum,2025-11-20,Completed,61.8,78.4,374.81,4.8
EMP13176,Marketing,West,Agile & Scrum,2024-01-16,Completed,50.0,72.2,304.72,3.7
EMP13177,Operations,South,Leadership Essentials,2025-02-08,Dropped,46.0,,178.64,3.0
EMP13178,Customer Support,Central,Python for Data Analysis,2025-09-08,Completed,46.4,67.4,303.85,4.4
EMP13179,Marketing,West,Communication Skills,2025-11-13,Completed,60.6,87.0,293.64,4.9
EMP13180,Marketing,North,Cloud Computing Basics,2025-12-07,Completed,43.7,63.2,423.87,3.4
EMP13181,HR,North,Project Management,2024-04-28,In Progress,41.1,,371.65,
EMP13182,HR,West,Advanced Excel,2025-05-06,Dropped,69.8,,164.7,2.6
EMP13183,Marketing,North,Agile & Scrum,2024-06-09,Completed,35.4,77.6,247.77,3.7
EMP13184,IT,Central,Agile & Scrum,2025-08-14,Completed,32.7,58.6,396.1,3.3
EMP13185,IT,South,Python for Data Analysis,2024-11-04,Dropped,45.9,,225.83,1.7
EMP13186,IT,North,Project Management,2024-02-17,Completed,57.7,69.4,324.8,3.6
EMP13187,Customer Support,West,Project Management,2025-07-17,Dropped,86.8,,221.31,3.0
EMP13188,Customer Support,South,Data Visualization with Power BI,2025-09-21,In Progress,50.6,,226.58,
EMP13189,Operations,Central,Advanced Excel,2024-01-04,Completed,50.8,80.0,279.47,4.3
EMP13190,R&D,West,Communication Skills,2025-05-17,Completed,51.2,83.8,331.73,4.0
EMP13191,IT,East,Customer Service Excellence,2025-07-19,Completed,81.1,88.5,457.38,3.6
EMP13192,HR,Central,Advanced Excel,2025-05-19,Completed,85.1,100.0,205.16,5.0
EMP13193,Finance,Central,Project Management,2025-05-24,Completed,84.1,100.0,295.78,4.8
EMP13194,Operations,South,Cloud Computing Basics,2024-02-16,Completed,54.4,74.4,426.51,4.0
EMP13195,HR,South,Cloud Computing Basics,2024-06-06,Completed,59.4,81.1,106.99,5.0
EMP13196,Marketing,East,Cloud Computing Basics,2025-04-24,Completed,61.1,88.8,281.11,4.9
EMP13197,R&D,North,Python for Data Analysis,2024-07-27,Completed,57.5,87.4,371.97,5.0
EMP13198,IT,East,Cloud Computing Basics,2025-10-29,Completed,58.2,93.6,453.6,2.6
EMP13199,R&D,North,Data Visualization with Power BI,2025-05-13,Completed,72.6,100.0,228.08,4.5
EMP13200,Sales,South,Customer Service Excellence,2024-03-15,In Progress,44.4,,330.44,
EMP13201,Marketing,West,Leadership Essentials,2024-02-21,Completed,73.6,90.6,209.78,4.2
EMP13202,Operations,West,Agile & Scrum,2024-05-31,In Progress,65.1,,198.06,
EMP13203,Operations,North,Customer Service Excellence,2025-03-14,Completed,53.8,62.3,225.46,3.0
EMP13204,Customer Support,South,Leadership Essentials,2024-03-10,In Progress,39.1,,570.25,
EMP13205,Finance,East,Data Visualization with Power BI,2025-07-15,Dropped,26.2,,170.67,2.0
EMP13206,Customer Support,South,Project Management,2024-05-08,Completed,50.6,63.8,330.56,3.4
EMP13207,R&D,Central,Python for Data Analysis,2025-11-18,Completed,51.6,89.2,355.97,4.2
EMP13208,Customer Support,Central,Data Visualization with Power BI,2024-02-28,Completed,61.1,92.0,266.73,2.1
EMP13209,Operations,North,Project Management,2025-12-04,Completed,70.7,88.1,479.03,5.0
EMP13210,R&D,South,SQL Fundamentals,2024-03-26,Dropped,46.9,,105.46,2.2
EMP13211,R&D,West,Communication Skills,2024-11-17,Completed,47.4,59.5,407.64,4.4
EMP13212,Marketing,West,Customer Service Excellence,2025-04-30,Completed,62.2,89.2,422.99,2.9
EMP13213,Marketing,East,Communication Skills,2025-03-22,In Progress,61.2,,397.48,
EMP13214,Sales,South,Agile & Scrum,2024-05-30,In Progress,45.9,,331.12,
EMP13215,Finance,West,Leadership Essentials,2024-07-30,Completed,68.5,89.7,497.64,5.0
EMP13216,HR,South,Customer Service Excellence,2024-04-18,Completed,68.7,93.0,229.72,4.5
EMP13217,R&D,West,SQL Fundamentals,2025-05-18,Completed,59.5,75.6,359.65,3.5
EMP13218,Operations,South,SQL Fundamentals,2025-01-15,Completed,52.4,66.4,206.97,3.8
EMP13219,Customer Support,Central,Agile & Scrum,2024-02-03,Completed,72.2,88.6,306.37,4.5
EMP13220,Sales,South,SQL Fundamentals,2024-07-10,Completed,49.0,75.3,401.75,3.4
EMP13221,Customer Support,Central,Agile & Scrum,2024-04-07,Dropped,65.2,,115.09,2.4
EMP13222,Customer Support,East,Customer Service Excellence,2024-03-03,Completed,53.6,72.9,151.47,5.0
EMP13223,R&D,West,Python for Data Analysis,2024-03-23,Completed,56.6,78.5,248.48,4.0
EMP13224,Sales,East,Python for Data Analysis,2024-10-25,Completed,53.6,82.6,280.13,4.5
EMP13225,Customer Support,West,Leadership Essentials,2024-10-13,Completed,18.6,43.0,293.78,2.9
EMP13226,R&D,South,SQL Fundamentals,2025-03-30,Completed,72.7,87.3,219.04,3.9
EMP13227,Sales,Central,Data Visualization with Power BI,2024-02-03,Completed,69.8,92.6,309.83,5.0
EMP13228,Sales,South,Project Management,2025-09-19,In Progress,57.9,,363.41,
EMP13229,Marketing,North,SQL Fundamentals,2025-09-11,Completed,64.8,72.9,325.8,4.2
EMP13230,HR,West,Leadership Essentials,2024-03-30,Completed,63.7,84.2,390.44,3.4
EMP13231,Customer Support,South,Project Management,2024-02-18,Completed,42.0,48.6,424.74,4.6
EMP13232,Sales,South,Cloud Computing Basics,2025-03-05,Completed,60.6,93.0,409.13,3.6
EMP13233,HR,West,Leadership Essentials,2025-10-21,Completed,54.2,73.4,250.21,3.5
EMP13234,R&D,East,SQL Fundamentals,2025-10-03,Completed,47.7,55.0,156.82,3.8
EMP13235,Sales,Central,Agile & Scrum,2024-11-04,In Progress,57.8,,267.2,
EMP13236,R&D,East,Cloud Computing Basics,2024-06-22,Completed,68.3,100.0,131.94,4.6
EMP13237,IT,Central,Leadership Essentials,2024-02-17,Completed,73.1,100.0,304.38,4.1
EMP13238,Operations,South,SQL Fundamentals,2024-10-13,Completed,48.4,55.5,493.76,3.6
EMP13239,Finance,South,Leadership Essentials,2024-07-16,Completed,37.1,59.1,224.22,4.1
EMP13240,HR,South,Project Management,2024-02-11,Completed,49.7,72.3,199.68,3.7
EMP13241,Marketing,East,Python for Data Analysis,2025-09-25,In Progress,57.6,,278.67,
EMP13242,Marketing,East,Project Management,2025-11-30,In Progress,65.4,,184.51,
EMP13243,Customer Support,Central,Agile & Scrum,2025-07-27,Completed,40.0,59.7,293.74,5.0
EMP13244,Finance,South,Data Visualization with Power BI,2024-10-28,In Progress,63.4,,344.49,
EMP13245,HR,Central,Cloud Computing Basics,2024-01-08,In Progress,60.0,,201.03,
EMP13246,Marketing,Central,Agile & Scrum,2024-08-24,Completed,62.9,80.5,328.38,3.1
EMP13247,IT,South,SQL Fundamentals,2025-03-30,In Progress,69.9,,304.09,
EMP13248,Customer Support,East,SQL Fundamentals,2025-09-21,Completed,64.9,100.0,175.92,4.1
EMP13249,HR,South,Customer Service Excellence,2024-07-21,Completed,56.5,74.1,355.99,3.7
EMP13250,Marketing,East,Leadership Essentials,2024-01-16,Completed,35.8,46.2,388.66,4.1
EMP13251,IT,Central,Data Visualization with Power BI,2024-12-16,Completed,59.1,96.1,260.89,4.2
EMP13252,HR,South,Cloud Computing Basics,2024-03-18,Completed,43.3,71.4,229.29,3.7
EMP13253,Marketing,South,Cloud Computing Basics,2025-03-09,In Progress,53.7,,306.65,
EMP13254,R&D,East,Leadership Essentials,2025-06-04,Completed,39.3,43.0,358.11,4.0
EMP13255,Customer Support,North,Leadership Essentials,2024-01-27,In Progress,56.8,,361.61,
EMP13256,IT,West,Data Visualization with Power BI,2024-01-05,Completed,60.2,77.7,240.76,2.5
EMP13257,Operations,East,Leadership Essentials,2024-03-03,Completed,67.3,86.2,520.28,4.1
EMP13258,IT,East,Data Visualization with Power BI,2024-12-29,Completed,42.8,69.8,214.63,5.0
EMP13259,Finance,South,Advanced Excel,2025-10-17,Completed,41.5,63.0,275.21,2.5
EMP13260,Sales,Central,Customer Service Excellence,2025-08-28,Completed,60.4,95.8,279.51,4.0
EMP13261,R&D,Central,Leadership Essentials,2025-12-10,Completed,44.7,63.8,243.31,3.0
EMP13262,IT,Central,Agile & Scrum,2025-12-26,In Progress,51.3,,479.96,
EMP13263,Marketing,Central,Advanced Excel,2024-07-03,Completed,47.5,70.2,205.11,3.9
EMP13264,R&D,West,Python for Data Analysis,2025-05-19,Completed,56.0,78.3,382.76,4.6
EMP13265,Finance,South,Leadership Essentials,2025-08-26,Dropped,48.5,,141.41,2.5
EMP13266,IT,East,SQL Fundamentals,2024-06-18,Completed,50.7,88.9,478.28,3.5
EMP13267,Operations,West,Communication Skills,2025-06-16,Completed,50.4,70.4,406.75,3.9
EMP13268,Finance,Central,Leadership Essentials,2025-12-17,Completed,34.5,64.8,255.43,4.5
EMP13269,Customer Support,South,Python for Data Analysis,2025-06-04,Completed,27.8,42.0,484.82,3.9
EMP13270,HR,East,Communication Skills,2025-10-14,In Progress,61.5,,374.62,
EMP13271,Marketing,North,SQL Fundamentals,2024-06-21,Completed,46.7,68.3,176.12,4.3
EMP13272,Marketing,North,Advanced Excel,2024-07-06,Completed,53.4,69.7,510.58,3.3
EMP13273,Customer Support,South,Communication Skills,2024-06-25,Completed,64.3,93.0,225.16,4.5
EMP13274,Operations,South,Python for Data Analysis,2024-06-22,In Progress,63.6,,240.45,
EMP13275,Operations,North,Communication Skills,2025-08-10,Completed,56.6,73.7,229.43,3.8
EMP13276,Customer Support,West,Leadership Essentials,2025-03-30,Completed,84.3,100.0,280.06,3.7
EMP13277,Sales,East,Project Management,2025-08-17,Completed,49.1,88.5,309.41,3.8
EMP13278,IT,West,Communication Skills,2024-02-10,Completed,50.5,74.6,220.69,4.7
EMP13279,IT,North,Advanced Excel,2024-08-12,Completed,47.3,82.6,302.44,4.8
EMP13280,HR,South,Leadership Essentials,2025-04-19,Completed,64.4,90.1,392.63,5.0
EMP13281,Customer Support,North,Python for Data Analysis,2024-01-22,Dropped,60.5,,97.0,1.4
EMP13282,R&D,North,Project Management,2024-10-14,Completed,40.6,72.8,470.86,2.3
EMP13283,Customer Support,North,Customer Service Excellence,2024-05-12,Completed,19.1,34.4,338.09,3.8
EMP13284,Marketing,North,Python for Data Analysis,2024-11-29,Completed,59.8,75.1,256.07,4.8
EMP13285,Operations,West,Advanced Excel,2025-03-11,Completed,55.5,67.9,205.49,3.4
EMP13286,IT,South,Data Visualization with Power BI,2024-04-27,Completed,55.6,78.2,413.1,5.0
EMP13287,Operations,North,Cloud Computing Basics,2024-05-20,Dropped,17.8,,200.0,2.8
EMP13288,Customer Support,East,Communication Skills,2024-04-29,Dropped,40.4,,103.47,2.0
EMP13289,HR,West,Customer Service Excellence,2025-02-01,Completed,38.5,62.1,351.4,3.1
EMP13290,Sales,West,Data Visualization with Power BI,2025-09-10,Completed,81.8,93.2,238.59,3.9
EMP13291,Operations,West,Advanced Excel,2024-12-01,In Progress,51.4,,227.14,
EMP13292,R&D,North,Advanced Excel,2025-09-26,Completed,63.6,86.2,407.76,4.7
EMP13293,Operations,South,Python for Data Analysis,2024-10-20,Completed,75.5,93.3,305.63,3.1
EMP13294,Operations,East,Advanced Excel,2024-06-21,Completed,43.6,69.2,280.63,3.3
EMP13295,Marketing,South,Agile & Scrum,2025-08-09,Completed,65.1,86.3,460.49,3.4
EMP13296,HR,East,Communication Skills,2025-01-13,Completed,32.5,51.9,330.95,4.1
EMP13297,Customer Support,Central,SQL Fundamentals,2024-10-14,Completed,57.2,84.1,232.92,4.1
EMP13298,Customer Support,East,Advanced Excel,2024-01-13,Dropped,47.7,,145.5,2.1
EMP13299,Marketing,South,Agile & Scrum,2025-10-02,In Progress,47.2,,342.34,
EMP13300,Operations,South,Advanced Excel,2024-10-12,Completed,55.2,73.0,346.35,4.5
EMP13301,Sales,North,SQL Fundamentals,2025-05-03,Completed,62.7,86.4,316.72,3.7
EMP13302,Customer Support,North,Communication Skills,2025-10-25,Completed,61.6,92.9,524.48,4.8
EMP13303,Operations,South,Customer Service Excellence,2025-06-19,Completed,41.5,83.1,311.96,3.1
EMP13304,Sales,West,Cloud Computing Basics,2025-07-09,Completed,60.2,72.8,490.27,4.0
EMP13305,Customer Support,East,Cloud Computing Basics,2024-05-14,Completed,70.7,87.0,189.84,3.9
EMP13306,Customer Support,Central,Advanced Excel,2025-11-05,Completed,75.8,89.2,488.92,4.3
EMP13307,Marketing,Central,SQL Fundamentals,2024-02-04,Dropped,51.7,,196.85,3.2
EMP13308,R&D,South,SQL Fundamentals,2024-01-12,Completed,58.0,85.2,346.05,4.3
EMP13309,Sales,West,Agile & Scrum,2024-01-21,Completed,49.4,80.0,319.95,4.9
EMP13310,Customer Support,West,Python for Data Analysis,2024-02-07,Completed,47.1,67.8,172.75,4.3
EMP13311,Operations,West,SQL Fundamentals,2024-09-08,Completed,74.1,96.0,295.38,4.3
EMP13312,R&D,South,Python for Data Analysis,2025-04-27,Completed,39.1,56.3,265.41,4.3
EMP13313,HR,South,Leadership Essentials,2025-02-24,In Progress,56.9,,317.34,
EMP13314,Operations,North,SQL Fundamentals,2025-06-08,Completed,51.0,77.0,537.29,5.0
EMP13315,Customer Support,East,Data Visualization with Power BI,2024-12-03,Completed,64.7,89.1,162.32,3.0
EMP13316,R&D,South,SQL Fundamentals,2024-07-28,Completed,60.5,82.4,355.59,4.4
EMP13317,R&D,West,Python for Data Analysis,2024-11-18,In Progress,63.7,,527.94,
EMP13318,Marketing,North,Communication Skills,2024-05-21,Completed,56.1,71.6,176.71,4.1
EMP13319,R&D,North,Communication Skills,2025-07-28,Completed,73.7,100.0,569.16,4.5
EMP13320,Customer Support,West,Python for Data Analysis,2025-02-04,Completed,30.8,57.5,224.56,3.2
EMP13321,Customer Support,South,SQL Fundamentals,2024-01-16,Completed,51.3,78.6,470.71,4.3
EMP13322,HR,Central,SQL Fundamentals,2025-11-20,Dropped,45.2,,208.49,3.2
EMP13323,R&D,North,Agile & Scrum,2025-03-04,Completed,35.4,50.1,321.74,4.0
EMP13324,R&D,North,Customer Service Excellence,2024-01-07,Completed,60.6,73.3,406.07,4.0
EMP13325,Operations,South,Cloud Computing Basics,2024-10-25,Completed,56.3,75.7,300.8,4.4
EMP13326,Finance,North,Data Visualization with Power BI,2024-11-05,Completed,49.5,75.5,538.16,3.9
EMP13327,Sales,North,Communication Skills,2025-08-02,Completed,57.0,82.9,280.72,3.6
EMP13328,Sales,West,SQL Fundamentals,2024-03-06,Completed,66.3,87.7,371.62,4.3
EMP13329,Finance,North,Project Management,2025-09-13,Completed,65.8,82.9,332.16,4.0
EMP13330,Operations,South,Python for Data Analysis,2024-05-30,In Progress,69.1,,438.81,
EMP13331,IT,West,Agile & Scrum,2025-02-28,Completed,78.5,100.0,247.14,3.4
EMP13332,Customer Support,East,Data Visualization with Power BI,2024-04-26,Completed,50.4,75.9,499.46,4.1
EMP13333,Sales,North,Cloud Computing Basics,2024-09-15,In Progress,44.1,,409.5,
EMP13334,HR,Central,Advanced Excel,2024-01-02,Completed,41.1,54.2,426.17,4.4
EMP13335,IT,West,Python for Data Analysis,2024-06-08,Completed,50.8,78.4,333.88,4.9
EMP13336,R&D,North,Data Visualization with Power BI,2025-06-09,Completed,51.3,64.6,209.23,2.6
EMP13337,IT,West,Leadership Essentials,2024-06-02,Completed,69.1,82.1,332.99,4.6
EMP13338,HR,East,Communication Skills,2024-11-30,Completed,56.3,84.0,235.23,3.6
EMP13339,Sales,West,Leadership Essentials,2025-06-03,Completed,50.0,77.6,288.39,4.3
EMP13340,HR,West,Communication Skills,2024-03-18,Completed,73.7,100.0,219.85,3.6
EMP13341,IT,Central,Cloud Computing Basics,2024-06-24,In Progress,54.1,,304.02,
EMP13342,Customer Support,South,Python for Data Analysis,2024-02-03,Completed,85.3,100.0,192.43,2.7
EMP13343,IT,West,Python for Data Analysis,2024-06-28,Dropped,27.9,,90.51,2.3
EMP13344,Operations,East,Communication Skills,2024-11-29,In Progress,44.5,,223.96,
EMP13345,HR,East,Project Management,2025-11-27,In Progress,59.6,,300.03,
EMP13346,Sales,North,Leadership Essentials,2024-10-29,In Progress,58.6,,459.77,
EMP13347,HR,East,Leadership Essentials,2025-01-17,Completed,38.3,64.4,414.55,5.0
EMP13348,IT,South,Data Visualization with Power BI,2025-01-07,Completed,49.9,60.5,282.18,3.5
EMP13349,Operations,Central,Customer Service Excellence,2025-12-22,Completed,67.9,92.0,432.46,4.7
EMP13350,R&D,North,Leadership Essentials,2024-09-05,Completed,61.1,77.8,204.1,4.2
EMP13351,Operations,North,Project Management,2024-08-15,Completed,55.2,79.8,251.42,5.0
EMP13352,IT,Central,Customer Service Excellence,2024-10-12,Completed,60.8,94.6,304.98,4.6
EMP13353,Operations,Central,Agile & Scrum,2024-05-01,Completed,62.1,94.5,411.84,3.3
EMP13354,R&D,West,Data Visualization with Power BI,2025-01-13,Completed,54.9,59.6,568.24,5.0
EMP13355,Customer Support,South,Data Visualization with Power BI,2024-08-24,Completed,49.8,68.8,333.12,4.0
EMP13356,R&D,Central,SQL Fundamentals,2025-02-21,Completed,56.5,83.0,281.59,4.0
EMP13357,Marketing,Central,Communication Skills,2025-05-11,Dropped,58.8,,311.4,2.1
EMP13358,HR,North,Communication Skills,2025-09-11,Completed,38.7,60.0,211.62,4.8
EMP13359,Customer Support,Central,SQL Fundamentals,2024-01-12,Completed,58.7,85.0,325.65,3.5
EMP13360,R&D,Central,SQL Fundamentals,2024-06-30,Completed,53.1,70.7,239.21,5.0
EMP13361,HR,Central,SQL Fundamentals,2025-07-15,Completed,67.1,86.0,291.17,3.3
EMP13362,R&D,West,Agile & Scrum,2025-04-20,Completed,62.8,92.2,506.71,5.0
EMP13363,HR,East,Cloud Computing Basics,2024-11-04,Completed,58.0,74.7,269.03,4.4
EMP13364,HR,North,Agile & Scrum,2025-09-14,In Progress,66.1,,130.14,
EMP13365,Marketing,South,SQL Fundamentals,2024-07-13,Dropped,83.8,,134.64,3.3
EMP13366,HR,South,Cloud Computing Basics,2024-01-31,Completed,46.5,75.0,148.67,4.9
EMP13367,Operations,North,Customer Service Excellence,2024-05-30,In Progress,63.6,,367.63,
EMP13368,IT,East,Data Visualization with Power BI,2024-10-18,Completed,53.9,84.8,299.58,3.7
EMP13369,Finance,East,Advanced Excel,2024-07-28,Completed,56.8,74.0,336.88,4.5
EMP13370,Marketing,South,Agile & Scrum,2024-05-15,Completed,45.7,51.5,380.35,4.2
EMP13371,Customer Support,East,Cloud Computing Basics,2024-06-12,Completed,40.7,64.3,482.07,4.8
EMP13372,HR,East,Python for Data Analysis,2025-09-27,Dropped,56.5,,209.83,2.8
EMP13373,Sales,Central,Leadership Essentials,2024-12-10,In Progress,79.7,,171.46,
EMP13374,R&D,West,Cloud Computing Basics,2024-04-14,Completed,62.9,91.1,321.41,4.0
EMP13375,Customer Support,South,SQL Fundamentals,2024-02-04,Completed,57.9,68.6,248.25,3.9
EMP13376,HR,North,Advanced Excel,2025-11-05,Completed,49.5,61.1,591.12,4.9
EMP13377,R&D,Central,Cloud Computing Basics,2024-04-12,Dropped,65.7,,156.21,3.6
EMP13378,Marketing,West,Leadership Essentials,2025-10-19,Dropped,44.7,,171.76,2.0
EMP13379,Sales,East,Data Visualization with Power BI,2025-05-17,Completed,57.7,79.1,519.3,5.0
EMP13380,Marketing,South,Advanced Excel,2024-07-17,Completed,44.9,61.5,452.5,4.6
EMP13381,Customer Support,North,Python for Data Analysis,2025-05-23,Completed,61.6,98.8,281.46,5.0
EMP13382,HR,North,Customer Service Excellence,2024-03-04,Completed,44.9,56.4,270.19,3.8
EMP13383,HR,North,Leadership Essentials,2024-12-07,In Progress,76.9,,485.87,
EMP13384,IT,Central,Data Visualization with Power BI,2025-05-10,Completed,69.0,89.0,379.4,4.5
EMP13385,Finance,East,Leadership Essentials,2024-11-13,Completed,31.2,49.9,346.47,4.8
EMP13386,Sales,East,Customer Service Excellence,2024-01-27,Completed,40.6,43.2,385.7,3.8
EMP13387,HR,South,Project Management,2024-01-06,Completed,44.4,67.5,370.24,4.5
EMP13388,Marketing,North,SQL Fundamentals,2025-04-27,Completed,26.7,38.2,529.33,3.9
EMP13389,Marketing,North,Customer Service Excellence,2024-09-01,Dropped,59.4,,114.66,3.0
EMP13390,Marketing,North,Communication Skills,2025-01-27,Completed,51.1,67.3,229.77,4.6
EMP13391,IT,Central,Project Management,2024-01-02,Completed,65.2,88.9,350.6,4.1
EMP13392,IT,North,Project Management,2024-09-23,Completed,38.7,55.5,247.86,3.9
EMP13393,Marketing,South,SQL Fundamentals,2024-04-29,Dropped,50.4,,136.69,3.3
EMP13394,R&D,West,Python for Data Analysis,2024-10-18,Completed,49.0,71.4,263.93,3.7
EMP13395,Operations,East,Communication Skills,2025-07-06,Completed,73.5,100.0,195.43,4.5
EMP13396,HR,South,Advanced Excel,2024-01-25,Completed,64.0,72.5,425.02,3.9
EMP13397,Customer Support,South,Python for Data Analysis,2025-06-10,Completed,63.9,91.3,378.26,4.3
EMP13398,Customer Support,East,Python for Data Analysis,2025-03-31,Completed,61.5,75.9,228.7,3.5
EMP13399,Customer Support,East,Leadership Essentials,2025-12-15,Completed,57.1,64.5,376.36,4.4
EMP13400,Customer Support,Central,Data Visualization with Power BI,2024-08-30,Completed,54.1,95.1,308.33,3.6
EMP13401,Finance,North,Data Visualization with Power BI,2025-04-24,Completed,50.3,71.7,140.59,3.9
EMP13402,Sales,West,Customer Service Excellence,2025-06-01,Completed,48.4,69.6,522.13,5.0
EMP13403,R&D,North,SQL Fundamentals,2024-02-12,Dropped,70.4,,230.17,2.0
EMP13404,IT,Central,Communication Skills,2024-03-21,Completed,53.1,89.4,415.35,4.0
EMP13405,Customer Support,West,Advanced Excel,2024-12-09,Completed,49.0,77.1,377.99,4.6
EMP13406,Sales,East,Leadership Essentials,2024-09-03,Completed,63.2,67.0,276.64,4.2
EMP13407,Customer Support,North,Communication Skills,2025-12-01,Completed,45.0,60.3,350.39,2.8
EMP13408,Sales,East,Data Visualization with Power BI,2025-04-26,Completed,46.4,70.3,420.72,4.5
EMP13409,Operations,East,Communication Skills,2025-05-06,Completed,53.2,70.9,302.04,4.2
EMP13410,HR,South,Advanced Excel,2024-03-06,Completed,53.0,67.4,421.72,3.0
EMP13411,Marketing,South,SQL Fundamentals,2025-03-07,In Progress,65.4,,283.97,
EMP13412,Customer Support,West,Leadership Essentials,2024-07-03,Completed,47.7,64.0,480.63,4.2
EMP13413,Customer Support,North,Project Management,2024-01-14,Completed,51.7,84.5,233.4,5.0
EMP13414,Operations,North,Leadership Essentials,2025-05-12,In Progress,58.9,,261.16,
EMP13415,Sales,South,Cloud Computing Basics,2025-02-14,Completed,52.0,76.5,238.83,4.0
EMP13416,Finance,North,Cloud Computing Basics,2024-09-01,Completed,63.1,87.5,187.25,3.6
EMP13417,Sales,South,Agile & Scrum,2024-03-30,Completed,37.7,52.9,282.48,5.0
EMP13418,Sales,Central,Agile & Scrum,2024-05-03,Completed,40.7,65.3,243.26,4.0
EMP13419,Sales,Central,Advanced Excel,2024-03-01,In Progress,71.9,,252.46,
EMP13420,Sales,South,Project Management,2024-01-24,Completed,48.6,67.2,337.48,3.7
EMP13421,Finance,West,Project Management,2025-04-23,Completed,51.3,59.0,192.78,4.1
EMP13422,IT,Central,Leadership Essentials,2024-02-12,Completed,81.2,95.5,510.49,4.0
EMP13423,Customer Support,North,Leadership Essentials,2024-12-23,Dropped,49.2,,186.87,2.4
EMP13424,Marketing,East,Communication Skills,2025-08-27,Dropped,72.8,,173.14,3.2
EMP13425,Operations,Central,SQL Fundamentals,2025-12-11,Completed,42.4,66.9,306.07,4.2
EMP13426,IT,North,Agile & Scrum,2025-10-07,Completed,71.5,91.7,527.04,3.8
EMP13427,Customer Support,East,Project Management,2024-08-04,Completed,33.7,53.8,229.78,4.0
EMP13428,Customer Support,West,Leadership Essentials,2025-09-03,In Progress,67.7,,201.89,
EMP13429,HR,North,Customer Service Excellence,2025-05-21,Completed,53.4,77.7,494.37,5.0
EMP13430,Customer Support,North,Data Visualization with Power BI,2024-04-15,In Progress,66.2,,260.03,
EMP13431,Operations,Central,Cloud Computing Basics,2025-04-03,Completed,56.5,69.8,336.39,3.1
EMP13432,HR,West,Cloud Computing Basics,2024-05-14,Completed,48.5,77.9,213.92,4.6
EMP13433,Marketing,North,Advanced Excel,2024-07-22,Completed,41.1,67.2,179.49,3.4
EMP13434,Finance,North,Cloud Computing Basics,2024-04-06,Completed,43.2,64.1,224.7,4.9
EMP13435,R&D,Central,Python for Data Analysis,2024-05-12,Completed,49.7,59.5,238.18,4.5
EMP13436,Finance,South,SQL Fundamentals,2024-11-10,Completed,56.4,75.6,275.57,4.7
EMP13437,Customer Support,East,Project Management,2024-04-09,Completed,54.3,80.2,338.31,5.0
EMP13438,R&D,Central,Python for Data Analysis,2025-04-16,Completed,53.9,75.9,438.0,3.7
EMP13439,Customer Support,West,Communication Skills,2025-02-18,Completed,48.4,64.2,265.73,4.6
EMP13440,Customer Support,North,Agile & Scrum,2024-07-18,In Progress,71.0,,502.6,
EMP13441,R&D,East,Agile & Scrum,2025-02-09,Completed,55.2,77.2,241.21,3.7
EMP13442,R&D,North,Leadership Essentials,2025-12-11,Completed,68.1,84.5,372.19,3.0
EMP13443,IT,Central,Communication Skills,2024-01-07,In Progress,58.9,,138.99,
EMP13444,HR,South,Python for Data Analysis,2025-01-03,Completed,46.2,61.3,235.58,3.6
EMP13445,Finance,South,SQL Fundamentals,2025-05-05,Completed,51.8,68.6,481.27,3.6
EMP13446,Finance,Central,Cloud Computing Basics,2024-09-22,Completed,57.0,76.5,420.49,4.9
EMP13447,Marketing,South,Leadership Essentials,2025-04-16,Completed,35.9,62.1,363.92,4.5
EMP13448,HR,East,Leadership Essentials,2025-04-29,Dropped,33.6,,201.69,2.6
EMP13449,HR,South,Agile & Scrum,2025-10-29,Completed,41.5,51.9,241.02,4.0
EMP13450,HR,North,SQL Fundamentals,2024-09-14,Completed,50.0,71.3,198.91,3.3
EMP13451,Customer Support,Central,Data Visualization with Power BI,2024-06-28,Completed,61.4,80.6,256.64,2.9
EMP13452,Finance,East,Customer Service Excellence,2024-03-13,Completed,42.2,66.3,290.47,4.3
EMP13453,Sales,West,Project Management,2024-03-27,Completed,64.1,77.2,282.07,5.0
EMP13454,Marketing,South,Cloud Computing Basics,2025-03-29,Completed,40.0,52.9,366.52,4.3
EMP13455,IT,South,Agile & Scrum,2024-05-07,Completed,53.8,88.7,498.6,3.6
EMP13456,Operations,South,Data Visualization with Power BI,2024-06-07,Completed,72.0,96.2,360.32,3.0
EMP13457,HR,South,Customer Service Excellence,2025-04-23,Completed,41.0,74.3,433.17,3.5
EMP13458,Customer Support,Central,Python for Data Analysis,2025-02-15,Dropped,72.1,,258.8,2.0
EMP13459,Sales,West,Python for Data Analysis,2025-07-25,Completed,64.0,92.3,330.13,4.4
EMP13460,Sales,East,SQL Fundamentals,2024-06-22,Completed,53.5,72.6,336.5,3.9
EMP13461,Operations,North,Python for Data Analysis,2025-04-29,In Progress,59.4,,269.56,
EMP13462,Sales,South,Customer Service Excellence,2024-01-19,Completed,64.5,70.1,343.11,4.3
EMP13463,Marketing,Central,Leadership Essentials,2025-04-09,Completed,75.0,84.8,289.52,5.0
EMP13464,Sales,West,Leadership Essentials,2024-02-10,Completed,60.9,96.3,354.02,4.5
EMP13465,Marketing,West,Communication Skills,2024-03-13,Completed,57.9,76.0,287.07,4.1
EMP13466,Marketing,Central,Customer Service Excellence,2025-08-23,Completed,54.5,57.8,382.7,4.4
EMP13467,R&D,Central,Agile & Scrum,2024-10-11,In Progress,51.0,,370.99,
EMP13468,IT,East,SQL Fundamentals,2025-06-02,Completed,37.8,75.2,381.25,4.0
EMP13469,Marketing,East,Python for Data Analysis,2025-09-03,Completed,43.4,65.6,557.15,5.0
EMP13470,HR,West,Cloud Computing Basics,2024-08-09,Completed,65.3,91.7,407.99,3.8
EMP13471,Operations,West,Advanced Excel,2024-04-13,Completed,52.6,72.7,408.56,4.8
EMP13472,IT,North,Project Management,2024-10-22,Completed,74.3,100.0,177.29,3.8
EMP13473,Operations,North,Python for Data Analysis,2024-03-15,Completed,71.6,100.0,420.55,3.1
EMP13474,HR,South,Data Visualization with Power BI,2025-06-27,Completed,59.6,82.9,365.68,5.0
EMP13475,Operations,South,Leadership Essentials,2025-02-11,Completed,62.8,88.6,471.0,4.5
EMP13476,R&D,North,Agile & Scrum,2025-06-22,Completed,54.3,69.1,233.0,3.9
EMP13477,R&D,Central,Agile & Scrum,2025-05-09,Completed,47.4,70.5,525.13,3.9
EMP13478,Operations,North,Cloud Computing Basics,2024-02-20,Completed,35.5,56.6,206.36,4.2
EMP13479,Finance,East,SQL Fundamentals,2025-01-13,Completed,52.9,62.2,368.86,4.3
EMP13480,Operations,West,Python for Data Analysis,2024-11-28,Completed,60.9,91.2,523.72,4.2
EMP13481,Operations,Central,Cloud Computing Basics,2025-11-25,Completed,56.9,84.4,171.39,3.0
EMP13482,R&D,South,Data Visualization with Power BI,2024-05-02,Completed,74.0,76.3,460.34,4.0
EMP13483,HR,West,Advanced Excel,2025-02-14,Completed,53.9,72.7,203.81,4.2
EMP13484,Marketing,East,Project Management,2025-04-05,Completed,55.4,71.9,415.4,4.9
EMP13485,Marketing,West,Agile & Scrum,2024-11-26,Completed,53.4,64.3,273.96,3.7
EMP13486,Marketing,North,Leadership Essentials,2025-04-26,Completed,61.1,75.0,255.64,3.6
EMP13487,Sales,West,Agile & Scrum,2024-12-11,Completed,66.3,83.3,527.05,3.2
EMP13488,HR,East,Python for Data Analysis,2024-03-14,Completed,64.4,84.3,277.53,4.7
EMP13489,Marketing,North,Leadership Essentials,2024-09-19,In Progress,65.4,,262.97,
EMP13490,IT,Central,SQL Fundamentals,2025-04-28,Dropped,54.2,,56.1,2.5
EMP13491,Finance,South,Agile & Scrum,2025-07-01,Dropped,78.2,,59.6,1.8
EMP13492,Finance,East,Customer Service Excellence,2024-03-06,Completed,52.4,66.7,296.27,4.1
EMP13493,Finance,North,SQL Fundamentals,2024-10-01,Completed,66.9,95.4,257.98,3.9
EMP13494,Customer Support,North,Leadership Essentials,2025-12-11,Completed,59.9,67.8,137.56,4.5
EMP13495,Finance,North,SQL Fundamentals,2024-03-11,Completed,79.5,98.3,448.82,4.0
EMP13496,Sales,Central,Cloud Computing Basics,2024-03-08,In Progress,47.4,,413.7,
EMP13497,R&D,Central,Customer Service Excellence,2024-10-06,Completed,66.3,75.9,326.59,5.0
EMP13498,Operations,North,Data Visualization with Power BI,2025-02-02,Completed,51.6,76.1,508.35,4.1
EMP13499,Operations,East,Python for Data Analysis,2024-07-28,Completed,45.4,68.6,244.02,3.8
EMP13500,R&D,East,Agile & Scrum,2025-08-09,Completed,81.3,93.8,390.56,4.3
EMP13501,Finance,Central,Communication Skills,2024-01-20,In Progress,50.2,,381.1,
EMP13502,Sales,South,Cloud Computing Basics,2024-06-21,Completed,45.1,71.8,354.6,3.9
EMP13503,HR,North,Data Visualization with Power BI,2024-12-28,Dropped,70.7,,205.07,2.1
EMP13504,HR,East,Agile & Scrum,2025-09-17,In Progress,57.2,,225.97,
EMP13505,R&D,South,Communication Skills,2024-02-11,Completed,55.2,78.7,396.91,3.9
EMP13506,R&D,West,Customer Service Excellence,2025-06-29,Completed,70.6,97.8,328.38,4.6
EMP13507,Marketing,North,Communication Skills,2025-06-09,In Progress,53.2,,480.94,
EMP13508,Operations,Central,Leadership Essentials,2024-01-04,Completed,42.0,74.2,489.77,2.2
EMP13509,Marketing,Central,Cloud Computing Basics,2025-06-10,In Progress,68.7,,186.81,
EMP13510,IT,Central,Cloud Computing Basics,2024-09-07,Completed,59.8,76.4,311.76,3.8
EMP13511,Customer Support,North,Project Management,2025-07-15,Completed,57.4,63.1,448.52,3.4
EMP13512,HR,West,Cloud Computing Basics,2024-10-26,Dropped,58.8,,197.31,4.0
EMP13513,R&D,South,Python for Data Analysis,2025-02-16,Completed,50.9,92.9,332.24,4.1
EMP13514,IT,East,Advanced Excel,2024-04-02,Completed,47.4,51.3,485.69,5.0
EMP13515,Operations,South,Cloud Computing Basics,2024-12-14,Completed,42.8,63.0,272.38,4.2
EMP13516,Sales,West,Leadership Essentials,2024-05-16,Completed,33.9,54.2,231.7,3.9
EMP13517,R&D,North,Customer Service Excellence,2025-05-29,Dropped,55.9,,101.88,3.7
EMP13518,HR,South,Customer Service Excellence,2025-08-09,Completed,57.0,84.8,458.13,4.5
EMP13519,Marketing,East,Agile & Scrum,2025-10-15,Completed,56.2,82.6,570.81,3.3
EMP13520,Operations,West,Customer Service Excellence,2024-11-26,Completed,72.2,88.4,263.54,4.2
EMP13521,R&D,West,Customer Service Excellence,2024-11-17,Completed,48.5,74.4,301.92,4.2
EMP13522,Sales,West,Data Visualization with Power BI,2025-06-10,Completed,60.5,73.7,349.73,4.8
EMP13523,Marketing,West,SQL Fundamentals,2025-07-25,Completed,53.1,86.1,220.23,4.4
EMP13524,Customer Support,South,Cloud Computing Basics,2024-08-03,Completed,42.8,60.0,411.5,4.4
EMP13525,R&D,West,Data Visualization with Power BI,2024-01-24,In Progress,44.9,,136.64,
EMP13526,R&D,West,Advanced Excel,2024-08-31,Completed,58.4,78.9,497.2,5.0
EMP13527,HR,North,SQL Fundamentals,2025-10-09,In Progress,76.8,,406.48,
EMP13528,IT,Central,Agile & Scrum,2024-06-07,Dropped,32.5,,305.57,1.7
EMP13529,Customer Support,North,Agile & Scrum,2024-01-28,Completed,76.1,91.8,259.86,3.8
EMP13530,Customer Support,West,SQL Fundamentals,2024-05-01,Completed,33.3,61.0,390.63,4.3
EMP13531,Finance,West,Leadership Essentials,2025-07-22,Completed,38.2,73.3,422.02,3.7
EMP13532,Finance,South,Communication Skills,2025-06-07,Completed,37.5,58.0,349.62,4.3
EMP13533,Operations,Central,Customer Service Excellence,2024-09-05,Completed,56.9,82.9,236.84,3.3
EMP13534,R&D,East,Customer Service Excellence,2025-09-20,Completed,56.4,80.3,313.61,4.2
EMP13535,Finance,South,Project Management,2025-12-08,Completed,39.2,43.5,379.66,4.7
EMP13536,Finance,North,Leadership Essentials,2024-08-11,Completed,65.1,89.6,223.4,2.6
EMP13537,Sales,East,Customer Service Excellence,2024-02-03,Completed,57.0,80.1,517.14,3.9
EMP13538,R&D,Central,SQL Fundamentals,2024-08-15,Completed,55.1,78.1,553.92,3.7
EMP13539,Operations,North,Communication Skills,2025-06-05,Completed,49.8,61.2,204.09,3.6
EMP13540,Operations,North,Communication Skills,2024-02-22,Completed,66.9,88.6,420.08,4.0
EMP13541,HR,South,Project Management,2024-07-22,Completed,64.4,81.2,418.81,4.0
EMP13542,Marketing,West,Agile & Scrum,2024-03-17,Completed,61.1,70.1,386.14,2.9
EMP13543,R&D,West,SQL Fundamentals,2025-07-04,Completed,40.4,67.6,264.92,4.1
EMP13544,Operations,East,Project Management,2025-06-08,Completed,46.5,82.4,313.28,5.0
EMP13545,Operations,North,Data Visualization with Power BI,2025-03-13,Dropped,57.6,,103.61,2.7
EMP13546,Customer Support,South,Leadership Essentials,2024-11-22,Completed,45.0,58.3,354.31,3.3
EMP13547,Finance,North,Project Management,2025-05-25,Completed,48.8,50.2,492.7,4.4
EMP13548,HR,West,Data Visualization with Power BI,2025-06-05,Completed,71.2,96.2,256.22,3.1
EMP13549,Finance,North,Leadership Essentials,2024-03-31,Completed,46.4,63.4,284.47,4.8
EMP13550,Operations,South,Data Visualization with Power BI,2024-06-28,Completed,68.6,80.0,373.26,4.8
EMP13551,Marketing,North,Agile & Scrum,2025-10-03,Completed,30.8,63.4,413.52,4.2
EMP13552,Customer Support,West,Python for Data Analysis,2024-07-31,Completed,44.6,76.8,379.93,3.3
EMP13553,Operations,West,Leadership Essentials,2024-05-05,Completed,64.8,79.0,508.89,5.0
EMP13554,Marketing,Central,Communication Skills,2024-03-25,Dropped,61.5,,254.71,1.4
EMP13555,IT,West,Advanced Excel,2024-01-04,Completed,40.3,70.5,217.86,3.4
EMP13556,IT,Central,Advanced Excel,2025-08-01,Completed,64.5,94.7,560.43,3.2
EMP13557,IT,South,Communication Skills,2025-11-14,Completed,67.5,82.0,407.59,5.0
EMP13558,Operations,Central,Data Visualization with Power BI,2025-05-13,In Progress,47.5,,278.95,
EMP13559,Sales,South,SQL Fundamentals,2024-05-08,Completed,44.8,68.9,273.78,4.3
EMP13560,Finance,South,Python for Data Analysis,2025-03-10,Dropped,63.8,,267.26,2.4
EMP13561,Sales,Central,SQL Fundamentals,2025-12-25,In Progress,68.8,,234.53,
EMP13562,Finance,West,Cloud Computing Basics,2025-04-15,Completed,64.4,77.2,442.29,4.5
EMP13563,Customer Support,West,Cloud Computing Basics,2024-01-02,Completed,39.6,61.0,332.44,3.5
EMP13564,Customer Support,South,Communication Skills,2024-02-02,Completed,64.8,71.6,167.41,3.5
EMP13565,Finance,East,SQL Fundamentals,2025-07-11,Completed,49.4,75.0,219.61,3.9
EMP13566,R&D,West,Agile & Scrum,2025-03-07,Completed,70.6,74.2,357.34,5.0
EMP13567,Sales,North,Customer Service Excellence,2025-09-21,Completed,54.1,71.9,181.14,5.0
EMP13568,Operations,East,Cloud Computing Basics,2024-10-07,Completed,55.1,81.3,334.81,3.0
EMP13569,Finance,South,Project Management,2025-04-13,Completed,53.2,68.1,309.01,3.5
EMP13570,Customer Support,East,Leadership Essentials,2024-02-23,Completed,62.8,82.1,270.13,4.9
EMP13571,R&D,South,Cloud Computing Basics,2024-03-09,Completed,40.0,77.4,206.35,3.6
EMP13572,Customer Support,Central,Project Management,2025-08-19,Completed,34.1,64.7,479.78,3.9
EMP13573,R&D,West,Cloud Computing Basics,2024-04-04,Completed,53.1,83.2,365.64,4.0
EMP13574,Finance,Central,Project Management,2024-07-02,Completed,56.6,87.1,282.81,4.7
EMP13575,IT,South,Communication Skills,2025-11-30,Completed,48.0,72.7,355.64,4.5
EMP13576,R&D,South,Leadership Essentials,2025-07-02,Completed,57.0,88.9,276.26,5.0
EMP13577,R&D,South,Data Visualization with Power BI,2024-09-15,Dropped,77.2,,174.08,2.1
EMP13578,IT,East,Customer Service Excellence,2025-08-17,In Progress,71.1,,180.18,
EMP13579,Marketing,North,Advanced Excel,2025-12-14,In Progress,49.2,,386.9,
EMP13580,R&D,Central,Project Management,2024-03-06,Completed,43.3,54.6,566.81,5.0
EMP13581,Operations,North,SQL Fundamentals,2024-10-19,Completed,60.2,81.8,346.92,3.8
EMP13582,Customer Support,West,Advanced Excel,2024-07-17,Completed,74.0,97.9,336.12,5.0
EMP13583,Sales,North,Advanced Excel,2025-12-14,Completed,54.8,73.8,245.81,3.3
EMP13584,Operations,South,SQL Fundamentals,2024-11-28,Completed,60.0,86.2,252.87,5.0
EMP13585,Finance,West,Customer Service Excellence,2025-02-26,Completed,68.8,91.3,368.91,5.0
EMP13586,R&D,Central,Advanced Excel,2025-04-12,Completed,61.4,75.5,406.92,3.7
EMP13587,Customer Support,Central,Project Management,2024-11-04,Completed,60.5,88.1,330.42,4.4
EMP13588,Customer Support,Central,Python for Data Analysis,2025-03-14,In Progress,47.4,,485.06,
EMP13589,Finance,South,Advanced Excel,2024-09-26,Completed,77.3,100.0,556.77,4.5
EMP13590,Sales,West,Python for Data Analysis,2024-07-08,Completed,50.5,68.4,247.48,3.6
EMP13591,Customer Support,East,Project Management,2024-01-20,Completed,49.9,81.6,206.84,3.8
EMP13592,Operations,North,Advanced Excel,2024-06-06,Completed,78.3,96.7,357.08,4.2
EMP13593,Sales,North,Project Management,2024-09-19,Completed,41.4,73.3,483.5,4.5
EMP13594,HR,North,Advanced Excel,2025-03-10,In Progress,46.8,,229.96,
EMP13595,HR,South,Leadership Essentials,2024-10-11,Completed,55.5,79.6,291.65,3.1
EMP13596,HR,South,Leadership Essentials,2025-01-16,Completed,37.9,62.8,383.9,2.6
EMP13597,IT,Central,Python for Data Analysis,2024-04-26,Completed,64.8,82.4,361.25,3.4
EMP13598,Operations,South,Data Visualization with Power BI,2024-04-13,Completed,58.9,87.9,655.78,4.0
EMP13599,Marketing,South,Agile & Scrum,2024-04-29,In Progress,47.7,,312.22,
EMP13600,Finance,Central,Communication Skills,2025-02-25,Completed,54.3,63.1,303.89,4.4
EMP13601,Finance,East,Leadership Essentials,2025-02-13,Completed,42.4,57.0,305.98,4.1
EMP13602,R&D,West,Python for Data Analysis,2024-09-27,Completed,25.4,55.8,250.1,3.8
EMP13603,Finance,East,Leadership Essentials,2024-02-25,Completed,66.3,88.1,416.28,5.0
EMP13604,Finance,West,Customer Service Excellence,2025-11-17,Completed,55.0,75.8,230.19,4.4
EMP13605,Marketing,South,SQL Fundamentals,2024-08-25,Completed,44.8,71.7,227.01,4.0
EMP13606,HR,West,Cloud Computing Basics,2024-12-06,Completed,68.1,89.2,189.02,4.1
EMP13607,R&D,West,Leadership Essentials,2024-09-09,In Progress,60.2,,377.49,
EMP13608,Sales,Central,Cloud Computing Basics,2024-11-03,Completed,65.8,83.2,377.53,3.8
EMP13609,Finance,South,Cloud Computing Basics,2025-12-15,Completed,58.0,72.8,183.09,5.0
EMP13610,Operations,West,Cloud Computing Basics,2024-11-21,Completed,64.4,76.3,192.32,5.0
EMP13611,Customer Support,South,SQL Fundamentals,2024-12-13,Completed,68.8,90.1,266.12,3.8
EMP13612,Finance,West,Customer Service Excellence,2024-06-03,Completed,62.6,77.4,323.98,3.5
EMP13613,IT,South,Customer Service Excellence,2025-12-15,Dropped,30.8,,251.63,2.1
EMP13614,Finance,East,Communication Skills,2025-11-06,Completed,43.4,74.6,420.54,3.7
EMP13615,Customer Support,South,SQL Fundamentals,2025-02-26,In Progress,62.9,,356.45,
EMP13616,HR,East,SQL Fundamentals,2025-08-27,Completed,52.6,90.5,404.05,3.7
EMP13617,IT,West,Advanced Excel,2024-08-17,Completed,57.9,70.9,399.69,3.9
EMP13618,IT,West,Agile & Scrum,2024-07-20,Completed,49.8,91.3,295.77,3.5
EMP13619,Finance,North,Customer Service Excellence,2025-04-30,Completed,65.3,87.2,178.9,3.5
EMP13620,HR,North,Advanced Excel,2025-07-03,Completed,48.8,56.5,241.05,3.4
EMP13621,Sales,Central,Leadership Essentials,2024-10-08,Completed,71.2,98.1,260.33,4.7
EMP13622,IT,East,Cloud Computing Basics,2025-08-29,Completed,57.0,90.7,336.4,3.7
EMP13623,HR,East,Communication Skills,2025-08-15,Dropped,62.7,,381.86,1.5
EMP13624,Customer Support,East,Project Management,2024-07-29,Dropped,53.4,,180.28,2.7
EMP13625,IT,West,Leadership Essentials,2025-08-22,In Progress,66.0,,361.9,
EMP13626,Operations,North,Data Visualization with Power BI,2025-08-09,Completed,56.6,66.6,526.03,3.7
EMP13627,IT,South,Cloud Computing Basics,2025-01-27,Completed,60.3,92.1,306.76,4.0
EMP13628,IT,Central,Cloud Computing Basics,2025-11-19,Completed,67.7,100.0,485.18,4.7
EMP13629,Finance,South,Project Management,2025-09-06,Completed,67.5,100.0,146.3,4.2
EMP13630,IT,South,Project Management,2024-01-29,Completed,48.0,75.0,505.16,3.0
EMP13631,Operations,Central,Python for Data Analysis,2024-07-18,Completed,59.6,93.9,336.88,5.0
EMP13632,Finance,West,Cloud Computing Basics,2025-11-03,In Progress,29.0,,511.05,
EMP13633,Operations,Central,Advanced Excel,2024-02-16,In Progress,63.5,,372.8,
EMP13634,Operations,North,Python for Data Analysis,2025-03-20,Completed,34.2,50.0,134.1,3.3
EMP13635,IT,East,Agile & Scrum,2024-04-16,Completed,55.0,70.6,274.87,5.0
EMP13636,IT,North,Python for Data Analysis,2025-11-02,In Progress,70.5,,146.55,
EMP13637,Sales,South,Agile & Scrum,2025-03-03,In Progress,48.6,,199.84,
EMP13638,Customer Support,Central,Python for Data Analysis,2024-03-15,In Progress,44.1,,338.89,
EMP13639,Sales,South,Communication Skills,2024-05-04,Dropped,50.2,,204.2,2.4
EMP13640,Marketing,East,Agile & Scrum,2024-06-08,Dropped,57.9,,151.59,3.0
EMP13641,Finance,North,Cloud Computing Basics,2025-12-13,Completed,62.4,83.7,505.01,3.9
EMP13642,R&D,Central,Advanced Excel,2025-07-10,Completed,68.9,99.9,271.07,3.9
EMP13643,R&D,North,Advanced Excel,2024-04-28,Completed,52.7,75.0,244.1,3.8
EMP13644,IT,Central,Communication Skills,2024-05-18,Completed,71.1,93.8,243.17,4.2
EMP13645,Sales,South,Agile & Scrum,2025-11-01,Completed,51.3,71.4,226.3,3.5
EMP13646,HR,Central,Customer Service Excellence,2024-11-02,Completed,49.8,72.4,272.65,4.2
EMP13647,IT,Central,Data Visualization with Power BI,2025-05-02,In Progress,50.2,,258.87,
EMP13648,R&D,West,Communication Skills,2024-07-11,Completed,69.2,93.3,278.94,3.6
EMP13649,IT,North,Customer Service Excellence,2025-09-21,Dropped,75.2,,279.9,3.3
EMP13650,IT,Central,Communication Skills,2024-09-12,Completed,63.7,97.2,259.01,4.9
EMP13651,Operations,North,Advanced Excel,2024-08-31,Completed,67.8,81.1,294.43,3.0
EMP13652,Marketing,North,Cloud Computing Basics,2025-11-10,Completed,55.8,73.4,383.23,4.7
EMP13653,Customer Support,North,Cloud Computing Basics,2024-09-16,In Progress,48.6,,230.75,
EMP13654,HR,East,Leadership Essentials,2025-05-23,Completed,35.4,69.4,189.7,3.1
EMP13655,HR,East,Communication Skills,2024-03-07,Dropped,64.8,,125.67,3.1
EMP13656,Operations,Central,Agile & Scrum,2025-03-12,Completed,63.2,87.5,309.24,5.0
EMP13657,Finance,North,Python for Data Analysis,2024-04-18,Completed,53.3,68.4,445.45,3.6
EMP13658,Marketing,West,Customer Service Excellence,2025-11-10,Dropped,70.8,,152.61,2.6
EMP13659,Marketing,Central,Communication Skills,2024-07-07,Completed,73.2,76.3,498.32,5.0
EMP13660,R&D,South,Cloud Computing Basics,2024-05-16,Completed,60.2,75.6,314.33,3.6
EMP13661,Marketing,North,Communication Skills,2024-01-09,Completed,83.6,100.0,483.48,5.0
EMP13662,IT,East,Communication Skills,2024-08-15,Completed,47.8,63.6,206.83,3.8
EMP13663,Customer Support,South,Communication Skills,2025-12-18,Completed,46.3,63.8,232.91,4.0
EMP13664,Sales,West,Cloud Computing Basics,2025-09-05,Completed,59.3,81.2,167.2,3.7
EMP13665,R&D,South,Agile & Scrum,2024-01-08,Completed,48.1,62.3,309.56,4.4
EMP13666,IT,North,Project Management,2024-06-14,Completed,66.3,94.4,223.68,4.0
EMP13667,HR,South,Leadership Essentials,2024-06-07,Completed,46.0,55.9,379.52,4.8
EMP13668,R&D,East,Leadership Essentials,2024-07-16,Completed,40.0,55.4,392.58,3.5
EMP13669,Operations,North,Python for Data Analysis,2024-04-04,Completed,67.8,87.0,378.65,2.5
EMP13670,R&D,Central,Advanced Excel,2025-01-16,In Progress,53.1,,183.75,
EMP13671,IT,South,Project Management,2024-01-31,In Progress,47.5,,265.87,
EMP13672,Finance,East,Customer Service Excellence,2024-06-17,Completed,55.8,77.6,364.21,4.4
EMP13673,HR,North,Cloud Computing Basics,2024-04-30,Completed,49.2,82.2,544.62,4.5
EMP13674,R&D,Central,Python for Data Analysis,2025-04-20,Completed,69.7,95.9,130.24,4.7
EMP13675,Sales,North,Python for Data Analysis,2024-04-14,Completed,57.4,77.9,550.66,5.0
EMP13676,Finance,East,Advanced Excel,2024-12-06,In Progress,47.4,,243.64,
EMP13677,IT,East,Communication Skills,2025-07-23,Completed,57.0,82.6,351.6,3.4
EMP13678,HR,Central,Python for Data Analysis,2024-03-28,Completed,52.3,76.6,459.9,3.6
EMP13679,Finance,North,Cloud Computing Basics,2024-12-18,Completed,69.1,82.7,386.91,3.4
EMP13680,Sales,South,Customer Service Excellence,2025-08-22,Completed,45.7,60.6,404.7,4.2
EMP13681,IT,South,SQL Fundamentals,2025-03-31,Completed,42.9,81.3,210.21,4.4
EMP13682,Customer Support,Central,SQL Fundamentals,2024-11-22,In Progress,60.0,,388.37,
EMP13683,Marketing,East,Customer Service Excellence,2025-08-29,Completed,66.9,87.9,372.69,4.8
EMP13684,Operations,South,SQL Fundamentals,2024-01-01,In Progress,42.3,,368.19,
EMP13685,Customer Support,Central,Python for Data Analysis,2024-11-01,Completed,59.0,73.7,217.57,4.3
EMP13686,Customer Support,North,Cloud Computing Basics,2024-02-19,Completed,51.7,81.9,270.18,4.7
EMP13687,Finance,South,Customer Service Excellence,2025-01-15,Completed,42.3,61.0,185.53,4.1
EMP13688,Customer Support,East,Leadership Essentials,2025-02-28,Completed,67.5,92.3,179.01,4.4
EMP13689,IT,East,SQL Fundamentals,2024-02-29,Completed,69.0,68.4,311.06,4.7
EMP13690,Sales,Central,Communication Skills,2025-05-05,Completed,49.8,82.0,393.75,4.1
EMP13691,HR,Central,Cloud Computing Basics,2024-10-02,Completed,59.1,100.0,372.07,5.0
EMP13692,Marketing,North,Agile & Scrum,2025-11-22,Completed,44.0,67.1,544.33,3.5
EMP13693,Operations,South,Data Visualization with Power BI,2025-06-08,Completed,56.7,69.7,174.03,4.2
EMP13694,IT,West,Leadership Essentials,2024-04-23,Completed,56.8,71.9,330.03,4.1
EMP13695,Customer Support,Central,Advanced Excel,2025-07-01,Completed,54.4,73.3,371.83,4.2
EMP13696,Sales,West,Leadership Essentials,2025-07-30,In Progress,41.7,,208.03,
EMP13697,HR,East,Leadership Essentials,2025-04-08,Completed,70.8,97.4,293.38,4.1
EMP13698,HR,Central,Project Management,2025-09-06,Completed,60.4,88.4,161.79,2.7
EMP13699,IT,East,Agile & Scrum,2025-06-21,Completed,67.1,77.1,203.88,4.4
EMP13700,Sales,South,SQL Fundamentals,2025-02-05,Completed,43.0,67.8,621.62,4.2
EMP13701,IT,West,Leadership Essentials,2025-05-12,Completed,47.5,81.0,215.34,4.3
EMP13702,HR,South,Python for Data Analysis,2024-03-30,Completed,64.6,91.1,405.98,4.1
EMP13703,IT,East,Data Visualization with Power BI,2024-06-29,In Progress,47.8,,258.71,
EMP13704,Finance,West,Python for Data Analysis,2024-08-14,Dropped,62.9,,142.8,2.4
EMP13705,Sales,South,Advanced Excel,2025-08-23,Completed,58.4,82.5,302.18,3.1
EMP13706,Marketing,North,Leadership Essentials,2024-02-16,Completed,56.5,76.9,509.19,4.4
EMP13707,Sales,North,SQL Fundamentals,2025-10-20,Completed,64.2,90.5,366.06,4.6
EMP13708,Finance,West,SQL Fundamentals,2024-03-27,Completed,65.6,86.3,325.07,3.3
EMP13709,Sales,South,SQL Fundamentals,2024-12-15,Completed,52.1,70.3,350.31,2.9
EMP13710,HR,East,Cloud Computing Basics,2025-11-24,Completed,56.8,66.7,300.11,4.4
EMP13711,Marketing,East,SQL Fundamentals,2024-01-03,Completed,87.3,100.0,337.51,3.8
EMP13712,HR,South,Python for Data Analysis,2024-12-18,Completed,70.3,89.3,297.42,3.6
EMP13713,Finance,North,Cloud Computing Basics,2025-10-04,Completed,38.4,65.4,424.0,5.0
EMP13714,Operations,East,Cloud Computing Basics,2025-03-27,Completed,62.7,91.7,327.59,5.0
EMP13715,Sales,North,SQL Fundamentals,2024-12-27,Completed,60.3,89.5,436.58,3.5
EMP13716,IT,North,Customer Service Excellence,2025-03-14,Dropped,39.9,,134.7,2.3
EMP13717,Marketing,North,Project Management,2025-11-05,Completed,59.8,76.6,353.41,4.9
EMP13718,HR,North,SQL Fundamentals,2025-07-21,Completed,68.5,81.8,621.35,4.8
EMP13719,Marketing,West,Agile & Scrum,2025-02-20,Completed,64.2,92.5,463.52,4.2
EMP13720,Sales,South,Leadership Essentials,2024-03-11,Completed,64.1,74.1,223.74,3.8
EMP13721,R&D,North,Cloud Computing Basics,2025-05-04,Completed,46.6,73.7,258.05,4.5
EMP13722,Finance,South,Leadership Essentials,2025-12-01,Completed,57.0,63.9,349.12,3.8
EMP13723,HR,North,Leadership Essentials,2025-10-13,Completed,47.1,73.9,248.72,3.5
EMP13724,Marketing,West,Data Visualization with Power BI,2024-03-26,Completed,30.0,49.6,259.75,3.3
EMP13725,Operations,South,Python for Data Analysis,2024-01-30,Dropped,40.6,,124.21,2.7
EMP13726,Marketing,South,SQL Fundamentals,2025-08-01,Dropped,74.7,,56.41,3.0
EMP13727,IT,South,Leadership Essentials,2025-03-23,Completed,39.8,62.2,316.9,3.4
EMP13728,Customer Support,West,SQL Fundamentals,2024-05-09,Dropped,70.5,,222.84,3.2
EMP13729,Operations,North,Customer Service Excellence,2025-07-21,Completed,47.7,73.1,507.29,3.6
EMP13730,Customer Support,East,SQL Fundamentals,2024-12-15,In Progress,44.0,,435.81,
EMP13731,HR,North,Advanced Excel,2024-10-08,Completed,36.2,68.1,195.63,4.1
EMP13732,Marketing,South,Cloud Computing Basics,2024-10-26,Completed,57.0,84.9,348.79,5.0
EMP13733,Marketing,North,Leadership Essentials,2024-07-06,Dropped,41.4,,218.67,2.6
EMP13734,Finance,South,Customer Service Excellence,2025-11-19,Completed,71.2,100.0,371.97,4.7
EMP13735,R&D,West,Communication Skills,2025-03-27,Completed,68.9,87.2,394.14,3.2
EMP13736,HR,South,Communication Skills,2024-10-21,Completed,45.2,58.8,374.12,3.6
EMP13737,Operations,West,Leadership Essentials,2024-01-06,Dropped,54.8,,153.11,2.9
EMP13738,Customer Support,East,Cloud Computing Basics,2024-12-07,In Progress,32.9,,184.05,
EMP13739,Sales,West,Leadership Essentials,2025-03-03,Completed,72.3,97.0,299.31,4.5
EMP13740,Finance,East,Python for Data Analysis,2025-03-27,Completed,47.9,81.0,339.37,3.7
EMP13741,Operations,South,Advanced Excel,2025-08-12,Completed,60.3,68.0,222.9,3.6
EMP13742,Marketing,North,Leadership Essentials,2024-07-19,Completed,69.0,90.8,352.54,2.5
EMP13743,Sales,East,Project Management,2025-08-03,Completed,48.6,58.7,261.44,5.0
EMP13744,IT,Central,Communication Skills,2025-11-02,Completed,51.5,70.3,146.73,3.0
EMP13745,Finance,Central,Agile & Scrum,2024-04-05,Completed,70.4,88.6,267.34,4.1
EMP13746,HR,South,Data Visualization with Power BI,2025-10-22,Completed,39.2,66.1,360.2,4.4
EMP13747,Sales,Central,Communication Skills,2024-03-06,Completed,71.1,91.3,311.0,4.4
EMP13748,Customer Support,West,Python for Data Analysis,2024-07-20,Completed,79.7,100.0,267.02,4.2
EMP13749,HR,Central,Cloud Computing Basics,2024-01-05,Completed,72.3,98.9,123.38,5.0
EMP13750,Sales,North,Agile & Scrum,2025-05-30,Dropped,59.0,,200.26,2.2
EMP13751,Operations,Central,Data Visualization with Power BI,2024-08-05,Completed,73.6,95.9,436.99,5.0
EMP13752,Customer Support,North,Agile & Scrum,2025-12-08,Completed,55.9,97.7,317.13,4.1
EMP13753,IT,South,Cloud Computing Basics,2024-12-09,Completed,65.4,84.6,369.57,4.2
EMP13754,Operations,West,SQL Fundamentals,2024-01-25,Completed,55.2,63.6,243.22,4.4
EMP13755,Operations,Central,Python for Data Analysis,2024-07-11,Completed,65.4,93.0,444.45,5.0
EMP13756,IT,Central,Data Visualization with Power BI,2024-02-21,In Progress,68.1,,161.55,
EMP13757,IT,North,Project Management,2025-02-04,Completed,64.6,100.0,392.98,3.6
EMP13758,Sales,Central,Python for Data Analysis,2025-06-20,Completed,48.4,63.6,432.95,4.3
EMP13759,Sales,East,Communication Skills,2024-03-10,Completed,65.9,80.2,183.87,4.4
EMP13760,Finance,North,Project Management,2025-01-29,In Progress,37.1,,208.56,
EMP13761,IT,South,Project Management,2025-06-18,Completed,46.0,72.2,136.61,4.9
EMP13762,Finance,West,Communication Skills,2024-11-23,Completed,59.2,71.8,187.64,4.5
EMP13763,Sales,Central,Python for Data Analysis,2025-02-16,Completed,42.4,70.8,266.04,3.7
EMP13764,Operations,West,Advanced Excel,2025-04-06,Completed,28.4,58.0,225.33,4.7
EMP13765,Sales,South,Customer Service Excellence,2024-04-15,Completed,36.7,68.4,362.8,3.6
EMP13766,Finance,West,Advanced Excel,2024-04-05,Completed,82.7,99.1,423.73,4.6
EMP13767,Customer Support,Central,Cloud Computing Basics,2024-03-28,Completed,59.7,84.0,346.32,4.4
EMP13768,R&D,East,SQL Fundamentals,2025-12-30,Completed,54.4,88.5,556.29,3.2
EMP13769,HR,West,Advanced Excel,2024-02-12,Completed,64.9,92.5,219.44,4.9
EMP13770,Finance,East,Data Visualization with Power BI,2024-12-31,Completed,32.6,54.0,181.09,3.4
EMP13771,Marketing,West,Project Management,2025-12-23,Completed,40.1,58.3,142.35,3.7
EMP13772,Marketing,South,Data Visualization with Power BI,2025-11-02,Completed,63.4,100.0,377.82,4.5
EMP13773,Operations,South,Cloud Computing Basics,2025-11-06,Completed,54.3,72.9,327.78,4.2
EMP13774,R&D,East,Agile & Scrum,2024-03-09,Completed,44.9,80.4,433.1,3.1
EMP13775,Customer Support,West,Agile & Scrum,2025-09-11,In Progress,53.8,,290.04,
EMP13776,Finance,North,Leadership Essentials,2024-12-15,Completed,59.1,78.2,332.39,3.9
EMP13777,R&D,West,Cloud Computing Basics,2025-07-27,In Progress,41.3,,186.66,
EMP13778,Operations,East,Advanced Excel,2025-01-14,In Progress,33.6,,418.85,
EMP13779,Sales,South,Project Management,2025-06-14,Completed,56.1,80.5,276.77,2.7
EMP13780,IT,South,Python for Data Analysis,2025-04-23,In Progress,61.8,,186.85,
EMP13781,R&D,South,Python for Data Analysis,2025-04-12,Completed,47.4,66.1,216.8,3.7
EMP13782,HR,West,Customer Service Excellence,2025-04-11,Dropped,55.3,,84.25,4.4
EMP13783,Operations,South,Project Management,2025-12-10,Completed,51.2,72.8,560.89,3.6
EMP13784,Customer Support,South,Python for Data Analysis,2024-03-03,Completed,26.5,44.3,207.35,4.7
EMP13785,IT,North,Leadership Essentials,2024-10-12,Completed,45.1,70.6,297.64,4.7
EMP13786,Operations,West,Data Visualization with Power BI,2024-02-23,Completed,45.4,71.0,539.71,3.8
EMP13787,R&D,West,Advanced Excel,2025-12-29,Dropped,72.3,,118.44,1.0
EMP13788,R&D,North,Cloud Computing Basics,2025-12-27,Completed,34.2,75.7,329.78,3.8
EMP13789,Customer Support,West,Cloud Computing Basics,2024-02-11,Completed,54.6,70.2,590.14,3.5
EMP13790,Customer Support,Central,Data Visualization with Power BI,2024-10-21,Completed,66.5,100.0,242.28,4.1
EMP13791,Marketing,South,Leadership Essentials,2024-05-21,Dropped,49.5,,128.32,2.4
EMP13792,Finance,West,SQL Fundamentals,2025-12-12,Completed,56.0,71.7,235.2,4.4
EMP13793,IT,East,Data Visualization with Power BI,2025-12-21,Completed,58.5,93.9,270.4,4.1
EMP13794,Operations,West,Data Visualization with Power BI,2024-02-21,Completed,79.6,100.0,266.6,4.9
EMP13795,IT,North,Project Management,2025-12-19,Completed,57.8,69.3,241.47,4.4
EMP13796,HR,West,Python for Data Analysis,2025-05-31,Completed,55.3,85.5,428.09,3.3
EMP13797,Finance,East,Customer Service Excellence,2025-09-04,Completed,65.8,87.2,418.84,4.0
EMP13798,Finance,East,Communication Skills,2025-05-27,Completed,73.3,96.1,286.09,4.2
EMP13799,IT,Central,Leadership Essentials,2024-10-17,Completed,76.4,95.4,417.81,4.1
EMP13800,IT,East,Cloud Computing Basics,2025-12-28,Completed,56.8,87.9,317.68,3.5
EMP13801,Customer Support,East,Data Visualization with Power BI,2024-01-24,In Progress,72.8,,161.18,
EMP13802,R&D,South,Cloud Computing Basics,2025-01-08,Completed,53.2,77.3,365.17,3.4
EMP13803,Operations,West,Agile & Scrum,2024-09-27,In Progress,56.4,,362.33,
EMP13804,HR,West,Leadership Essentials,2024-01-03,Completed,70.4,100.0,231.68,3.5
EMP13805,HR,North,Agile & Scrum,2025-11-11,Completed,63.1,97.2,302.45,4.6
EMP13806,Customer Support,North,Project Management,2025-08-26,Completed,63.0,90.4,296.57,3.5
EMP13807,Finance,South,Customer Service Excellence,2025-02-14,Dropped,72.0,,135.18,2.4
EMP13808,Finance,South,Project Management,2025-11-02,Dropped,49.8,,170.82,1.0
EMP13809,Finance,North,Advanced Excel,2024-02-28,Completed,58.6,76.5,337.16,3.3
EMP13810,Finance,North,Agile & Scrum,2025-06-17,Completed,64.2,100.0,144.34,5.0
EMP13811,Sales,South,Agile & Scrum,2024-08-24,Completed,65.3,82.0,257.28,3.7
EMP13812,Marketing,Central,SQL Fundamentals,2025-10-01,Completed,63.5,93.2,385.14,4.0
EMP13813,Finance,North,Communication Skills,2024-08-13,Completed,60.6,87.1,252.94,4.9
EMP13814,IT,South,Cloud Computing Basics,2024-06-23,Completed,55.2,68.7,481.43,4.1
EMP13815,IT,South,Leadership Essentials,2025-10-12,Completed,54.4,70.0,99.33,3.1
EMP13816,Operations,West,Communication Skills,2024-01-04,In Progress,53.4,,443.45,
EMP13817,Finance,North,Advanced Excel,2024-12-23,Completed,46.9,79.5,340.01,3.5
EMP13818,Finance,North,SQL Fundamentals,2025-05-24,Dropped,74.1,,205.7,1.0
EMP13819,Operations,South,Advanced Excel,2025-08-21,Dropped,47.8,,200.21,1.0
EMP13820,HR,West,SQL Fundamentals,2025-04-30,Dropped,63.1,,294.11,4.2
EMP13821,Sales,North,Cloud Computing Basics,2025-03-13,Completed,58.9,80.7,353.89,5.0
EMP13822,R&D,West,Cloud Computing Basics,2025-11-04,Completed,48.0,54.0,334.31,2.6
EMP13823,Finance,West,Agile & Scrum,2025-11-11,Completed,54.4,77.9,179.81,2.8
EMP13824,Customer Support,South,Customer Service Excellence,2024-06-25,Completed,51.5,75.2,192.76,3.8
EMP13825,Customer Support,West,Customer Service Excellence,2025-12-08,Completed,45.6,77.3,426.73,4.3
EMP13826,Finance,West,Cloud Computing Basics,2025-02-08,Dropped,41.3,,125.08,1.0
EMP13827,HR,Central,SQL Fundamentals,2025-07-04,Dropped,41.7,,245.43,2.9
EMP13828,Operations,Central,SQL Fundamentals,2024-11-21,Completed,63.3,100.0,187.21,4.5
EMP13829,Marketing,East,SQL Fundamentals,2025-05-06,Completed,59.2,95.4,295.48,5.0
EMP13830,R&D,West,Communication Skills,2025-07-16,In Progress,58.0,,288.54,
EMP13831,Marketing,Central,Python for Data Analysis,2024-01-31,Dropped,63.7,,259.59,3.8
EMP13832,IT,West,Advanced Excel,2024-12-03,Completed,47.0,71.9,394.87,4.4
EMP13833,IT,South,SQL Fundamentals,2025-02-09,Completed,57.1,77.7,269.17,4.8
EMP13834,R&D,North,Advanced Excel,2025-06-22,Completed,43.2,57.1,269.21,3.9
EMP13835,Marketing,North,Python for Data Analysis,2025-09-09,Completed,56.8,73.7,265.15,4.3
EMP13836,HR,Central,Customer Service Excellence,2025-05-18,Completed,65.6,90.3,343.89,3.9
EMP13837,Finance,North,Leadership Essentials,2024-07-19,Completed,70.8,88.2,220.77,4.4
EMP13838,HR,East,Python for Data Analysis,2025-10-21,Completed,60.1,76.9,561.47,4.2
EMP13839,R&D,East,Leadership Essentials,2024-01-24,Completed,43.8,55.2,424.76,3.2
EMP13840,Marketing,South,Leadership Essentials,2024-08-20,In Progress,62.1,,229.71,
EMP13841,Finance,North,Agile & Scrum,2025-01-28,Completed,51.4,78.3,201.87,4.4
EMP13842,R&D,South,Python for Data Analysis,2024-09-24,In Progress,57.3,,305.36,
EMP13843,Customer Support,South,Communication Skills,2025-08-10,Completed,52.3,72.6,303.56,5.0
EMP13844,Operations,North,Project Management,2025-12-07,Completed,84.8,100.0,415.07,4.0
EMP13845,Operations,West,SQL Fundamentals,2025-02-21,Completed,45.3,82.5,445.16,3.7
EMP13846,Sales,West,Agile & Scrum,2024-08-01,Completed,40.1,53.7,281.18,3.9
EMP13847,Marketing,South,Communication Skills,2024-03-08,Completed,66.1,91.7,487.0,3.8
EMP13848,Customer Support,East,Agile & Scrum,2025-11-13,Completed,51.2,65.9,346.67,3.5
EMP13849,Finance,East,Agile & Scrum,2024-08-22,Completed,33.1,68.0,238.65,3.9
EMP13850,Customer Support,South,Cloud Computing Basics,2024-08-09,Completed,63.9,97.8,360.11,4.9
EMP13851,Marketing,South,Leadership Essentials,2025-11-09,In Progress,68.0,,214.18,
EMP13852,Marketing,Central,Customer Service Excellence,2025-06-04,Dropped,46.2,,194.99,1.9
EMP13853,HR,West,SQL Fundamentals,2024-08-11,Completed,50.4,79.2,443.26,4.5
EMP13854,Operations,South,Cloud Computing Basics,2025-12-08,Completed,48.0,80.4,397.49,3.6
EMP13855,Marketing,North,Communication Skills,2024-03-02,Completed,45.6,65.1,448.03,4.1
EMP13856,HR,Central,Communication Skills,2025-04-19,Completed,43.5,67.8,176.36,3.5
EMP13857,R&D,South,Communication Skills,2025-09-09,Completed,43.7,65.1,480.39,4.8
EMP13858,R&D,West,Data Visualization with Power BI,2025-05-16,Dropped,43.6,,161.81,4.3
EMP13859,Operations,East,Python for Data Analysis,2025-07-29,Dropped,67.1,,79.16,2.0
EMP13860,HR,East,Agile & Scrum,2024-04-22,Completed,46.1,67.7,535.19,4.5
EMP13861,Sales,East,Project Management,2025-11-04,Completed,43.7,57.8,383.32,3.5
EMP13862,Operations,South,Project Management,2024-03-07,Completed,52.5,66.9,465.75,4.3
EMP13863,Operations,South,Data Visualization with Power BI,2025-09-27,In Progress,48.9,,233.32,
EMP13864,Finance,North,Advanced Excel,2024-05-25,Completed,61.7,79.2,241.89,4.6
EMP13865,Sales,East,Leadership Essentials,2025-01-01,Completed,77.0,100.0,294.68,3.7
EMP13866,HR,Central,Cloud Computing Basics,2025-01-24,Dropped,46.3,,207.25,3.7
EMP13867,IT,North,Agile & Scrum,2025-05-22,Completed,47.0,64.5,238.73,4.1
EMP13868,Marketing,East,Communication Skills,2024-03-23,Completed,37.1,55.9,292.31,4.0
EMP13869,IT,Central,Data Visualization with Power BI,2024-04-06,Completed,63.2,92.6,508.83,4.0
EMP13870,Marketing,East,Project Management,2024-08-13,Completed,29.1,47.7,469.59,4.8
EMP13871,Customer Support,South,Customer Service Excellence,2025-07-10,In Progress,46.2,,413.88,
EMP13872,R&D,South,Data Visualization with Power BI,2024-09-13,Completed,76.8,100.0,121.44,4.9
EMP13873,Marketing,West,Project Management,2024-06-19,Completed,45.5,63.7,255.6,3.9
EMP13874,HR,West,Python for Data Analysis,2024-09-20,Completed,24.4,49.5,486.11,4.5
EMP13875,R&D,West,Leadership Essentials,2025-08-26,Completed,45.5,60.5,207.39,2.2
EMP13876,Finance,North,SQL Fundamentals,2024-09-03,Completed,65.8,82.9,239.6,5.0
EMP13877,Marketing,North,Cloud Computing Basics,2025-05-20,Dropped,54.9,,157.49,1.5
EMP13878,Sales,East,SQL Fundamentals,2025-07-06,Completed,31.2,58.7,336.56,4.6
EMP13879,Customer Support,West,Data Visualization with Power BI,2024-04-12,Dropped,39.7,,152.55,2.7
EMP13880,Finance,Central,Agile & Scrum,2024-02-09,Completed,60.3,75.4,305.82,2.4
EMP13881,Operations,South,Python for Data Analysis,2025-01-13,Completed,53.2,70.7,252.3,4.6
EMP13882,Operations,East,Python for Data Analysis,2024-05-28,Completed,39.2,45.7,638.58,3.3
EMP13883,IT,South,Communication Skills,2025-04-27,Completed,63.7,87.2,270.16,4.0
EMP13884,Customer Support,West,Leadership Essentials,2025-09-16,Completed,69.0,87.1,474.09,4.5
EMP13885,Operations,Central,Python for Data Analysis,2024-10-19,Completed,78.3,100.0,219.94,5.0
EMP13886,Finance,East,Data Visualization with Power BI,2025-09-21,Completed,67.7,87.2,323.1,4.2
EMP13887,HR,Central,Customer Service Excellence,2024-05-01,Completed,42.5,66.1,256.2,4.4
EMP13888,Sales,West,Leadership Essentials,2025-08-21,Completed,49.6,88.3,582.53,3.2
EMP13889,HR,West,Project Management,2025-04-07,Completed,69.6,100.0,202.87,3.0
EMP13890,IT,West,Leadership Essentials,2025-09-21,Completed,72.9,79.9,195.7,3.0
EMP13891,R&D,South,SQL Fundamentals,2024-06-09,Completed,57.3,92.0,353.51,4.0
EMP13892,Customer Support,Central,Advanced Excel,2025-03-29,Completed,58.7,84.5,319.32,4.4
EMP13893,R&D,North,Python for Data Analysis,2024-05-20,Completed,31.5,46.2,506.22,5.0
EMP13894,R&D,North,Customer Service Excellence,2024-10-26,Completed,51.1,82.0,376.48,3.3
EMP13895,IT,East,Data Visualization with Power BI,2024-09-17,Completed,56.7,75.2,213.74,4.2
EMP13896,HR,North,Leadership Essentials,2025-01-21,Completed,38.2,61.7,399.94,3.2
EMP13897,R&D,Central,SQL Fundamentals,2024-08-06,Completed,71.5,91.3,277.38,3.3
EMP13898,Marketing,North,Leadership Essentials,2024-11-19,Completed,45.0,71.8,432.59,4.0
EMP13899,Sales,South,Python for Data Analysis,2024-01-09,Completed,69.0,89.8,471.41,4.6
EMP13900,Operations,West,Customer Service Excellence,2024-12-22,Completed,55.4,74.5,310.98,4.6
EMP13901,HR,South,Cloud Computing Basics,2025-06-01,Completed,64.6,94.0,258.08,4.7
EMP13902,HR,West,Leadership Essentials,2024-02-19,In Progress,41.3,,340.05,
EMP13903,IT,South,Data Visualization with Power BI,2025-01-19,Completed,76.7,96.8,426.74,3.8
EMP13904,HR,South,Python for Data Analysis,2024-08-28,Completed,61.6,82.0,408.34,3.2
EMP13905,Marketing,South,Leadership Essentials,2025-07-17,Completed,61.6,89.4,478.73,4.3
EMP13906,IT,West,Agile & Scrum,2025-10-14,Completed,66.9,89.4,319.16,3.8
EMP13907,Finance,Central,SQL Fundamentals,2025-11-14,Completed,34.0,54.5,515.39,4.6
EMP13908,R&D,South,Cloud Computing Basics,2024-01-13,Completed,73.2,93.1,437.56,4.4
EMP13909,Operations,West,Cloud Computing Basics,2024-07-07,Completed,83.1,100.0,275.88,3.4
EMP13910,HR,North,Communication Skills,2024-04-12,In Progress,77.4,,283.87,
EMP13911,Sales,West,Advanced Excel,2024-09-04,Completed,65.1,96.9,292.53,4.8
EMP13912,Marketing,North,Leadership Essentials,2025-04-14,Completed,46.6,67.9,339.49,4.4
EMP13913,IT,Central,Advanced Excel,2024-09-28,In Progress,59.0,,236.0,
EMP13914,Marketing,East,Project Management,2025-09-12,Completed,61.7,90.6,339.83,4.4
EMP13915,Marketing,East,Cloud Computing Basics,2025-09-06,Completed,52.8,82.4,204.41,3.1
EMP13916,IT,South,Customer Service Excellence,2025-12-01,In Progress,73.1,,490.57,
EMP13917,Customer Support,South,Cloud Computing Basics,2025-08-21,Completed,62.3,75.7,241.51,4.6
EMP13918,Customer Support,West,Customer Service Excellence,2024-08-12,Dropped,32.4,,152.35,3.7
EMP13919,R&D,South,Customer Service Excellence,2024-07-19,Completed,50.2,69.2,425.6,2.7
EMP13920,Operations,North,Leadership Essentials,2024-05-23,Completed,58.1,78.5,411.97,5.0
EMP13921,Operations,West,Advanced Excel,2024-10-31,In Progress,47.8,,257.5,
EMP13922,HR,West,Cloud Computing Basics,2024-08-11,Completed,51.7,74.2,474.18,4.4
EMP13923,IT,West,Cloud Computing Basics,2025-12-01,Completed,44.5,80.0,503.6,5.0
EMP13924,IT,East,Leadership Essentials,2025-06-07,Completed,45.9,79.7,369.91,3.1
EMP13925,Customer Support,South,Cloud Computing Basics,2025-05-05,Completed,46.6,59.3,233.15,3.9
EMP13926,Marketing,West,Agile & Scrum,2025-01-31,Completed,55.2,77.4,307.77,3.7
EMP13927,Finance,West,Agile & Scrum,2024-08-24,Completed,52.2,80.7,334.48,4.0
EMP13928,Finance,West,SQL Fundamentals,2024-08-21,Completed,62.0,88.6,187.84,5.0
EMP13929,IT,East,SQL Fundamentals,2024-05-28,Completed,49.3,85.4,326.09,3.9
EMP13930,IT,South,Customer Service Excellence,2025-01-27,Completed,52.6,75.7,335.04,2.3
EMP13931,IT,North,Communication Skills,2025-01-21,Completed,46.4,71.0,417.7,3.9
EMP13932,IT,North,Agile & Scrum,2024-06-23,Completed,42.2,56.7,246.15,4.9
EMP13933,R&D,North,Agile & Scrum,2024-01-21,Completed,48.7,63.2,312.85,4.9
EMP13934,Customer Support,North,Customer Service Excellence,2025-11-24,Completed,69.2,95.1,317.04,4.3
EMP13935,Operations,Central,Customer Service Excellence,2025-08-18,Completed,52.1,68.6,453.42,2.8
EMP13936,Sales,East,Leadership Essentials,2024-04-19,Completed,46.7,78.3,258.4,4.7
EMP13937,Customer Support,East,Cloud Computing Basics,2025-06-13,Completed,62.4,79.5,392.59,5.0
EMP13938,IT,North,Cloud Computing Basics,2025-05-19,Completed,58.6,75.4,523.64,3.4
EMP13939,Marketing,West,Data Visualization with Power BI,2025-02-21,Completed,57.6,73.3,148.8,3.1
EMP13940,R&D,East,Project Management,2024-07-01,Completed,69.4,86.5,417.02,3.9
EMP13941,Customer Support,Central,Communication Skills,2025-02-24,Completed,41.5,57.7,487.08,3.6
EMP13942,IT,North,SQL Fundamentals,2025-06-22,In Progress,78.9,,502.58,
EMP13943,Sales,West,Agile & Scrum,2025-12-15,Completed,64.4,81.8,271.06,5.0
EMP13944,Sales,West,Advanced Excel,2025-05-20,Completed,65.2,86.4,594.78,3.9
EMP13945,HR,North,Cloud Computing Basics,2025-12-08,Completed,61.5,95.1,174.1,4.3
EMP13946,IT,West,SQL Fundamentals,2024-12-03,Completed,48.0,70.8,158.55,3.7
EMP13947,Operations,Central,Python for Data Analysis,2025-05-02,Completed,69.4,87.0,407.77,4.2
EMP13948,Operations,East,Agile & Scrum,2025-05-30,Completed,47.9,81.5,510.7,3.3
EMP13949,Finance,Central,SQL Fundamentals,2024-05-06,Completed,58.0,79.6,337.25,3.2
EMP13950,Finance,Central,Leadership Essentials,2024-11-25,Completed,63.9,80.5,307.49,4.6
EMP13951,R&D,East,Advanced Excel,2025-12-18,Completed,39.6,54.8,303.56,4.9
EMP13952,IT,East,Customer Service Excellence,2024-07-02,Dropped,45.7,,93.38,1.9
EMP13953,HR,South,Cloud Computing Basics,2024-05-04,Completed,49.7,64.9,398.4,2.9
EMP13954,Operations,East,Communication Skills,2024-07-31,Completed,66.6,78.4,335.87,4.2
EMP13955,Marketing,South,Advanced Excel,2025-02-02,Completed,51.9,71.1,345.18,3.8
EMP13956,Finance,North,Customer Service Excellence,2025-02-13,Completed,49.7,65.2,557.63,3.6
EMP13957,Sales,Central,Cloud Computing Basics,2025-11-08,Completed,35.2,51.1,404.64,5.0
EMP13958,R&D,South,Communication Skills,2024-02-02,Completed,57.3,96.4,452.51,4.3
EMP13959,HR,North,Customer Service Excellence,2025-10-13,Completed,51.6,64.5,289.47,5.0
EMP13960,IT,West,Cloud Computing Basics,2024-03-06,Completed,68.5,100.0,198.31,3.8
EMP13961,R&D,South,Cloud Computing Basics,2024-01-30,Completed,54.4,69.4,322.93,4.2
EMP13962,R&D,South,Communication Skills,2025-12-24,Dropped,50.8,,142.25,2.7
EMP13963,HR,South,Communication Skills,2025-12-05,Completed,64.6,81.3,523.25,2.6
EMP13964,Sales,West,Data Visualization with Power BI,2024-08-28,Completed,66.9,92.5,216.9,3.7
EMP13965,IT,Central,Advanced Excel,2024-11-13,Completed,60.9,84.0,364.35,4.0
EMP13966,Operations,South,Python for Data Analysis,2025-12-10,Completed,43.6,79.8,174.87,4.1
EMP13967,Operations,West,Cloud Computing Basics,2025-12-19,In Progress,52.8,,242.97,
EMP13968,IT,Central,Cloud Computing Basics,2024-03-07,Dropped,48.3,,163.42,1.4
EMP13969,Sales,Central,SQL Fundamentals,2024-04-15,Completed,44.7,70.6,221.62,4.6
EMP13970,IT,South,Customer Service Excellence,2024-11-23,Completed,46.5,74.6,430.07,3.5
EMP13971,Operations,East,Advanced Excel,2025-10-10,Completed,40.9,65.7,348.96,4.3
EMP13972,Customer Support,North,Advanced Excel,2025-10-20,Completed,55.1,89.3,212.9,3.4
EMP13973,Operations,South,SQL Fundamentals,2024-06-28,Completed,60.5,81.6,294.12,3.6
EMP13974,R&D,West,Cloud Computing Basics,2025-08-20,Completed,65.1,69.4,469.05,3.6
EMP13975,HR,South,SQL Fundamentals,2024-08-27,Completed,62.0,89.4,331.02,4.9
EMP13976,Operations,North,Advanced Excel,2025-07-08,In Progress,64.6,,260.9,
EMP13977,Sales,Central,Data Visualization with Power BI,2024-05-09,Completed,61.5,80.9,459.7,4.2
EMP13978,Operations,North,Cloud Computing Basics,2025-11-20,Completed,55.2,67.9,478.06,3.5
EMP13979,Operations,West,Data Visualization with Power BI,2024-11-03,Completed,43.7,61.7,414.14,4.0
EMP13980,Finance,South,Communication Skills,2025-04-28,Completed,66.4,84.7,551.32,5.0
EMP13981,Customer Support,West,SQL Fundamentals,2024-02-08,Completed,61.0,84.2,356.22,4.3
EMP13982,HR,East,Data Visualization with Power BI,2025-07-29,Completed,69.7,100.0,423.3,4.1
EMP13983,Marketing,East,Python for Data Analysis,2024-10-02,Completed,71.1,88.1,225.96,3.9
EMP13984,Marketing,South,Agile & Scrum,2025-06-19,In Progress,65.8,,300.76,
EMP13985,Operations,West,Python for Data Analysis,2025-08-05,Completed,52.2,62.1,334.9,4.3
EMP13986,Operations,East,Data Visualization with Power BI,2025-09-07,Completed,37.1,49.0,411.66,4.3
EMP13987,Marketing,North,Communication Skills,2024-05-07,In Progress,55.5,,370.57,
EMP13988,Finance,North,Python for Data Analysis,2025-08-25,Completed,69.2,78.8,254.3,4.5
EMP13989,R&D,South,Communication Skills,2025-09-17,Completed,61.8,79.9,503.43,3.5
EMP13990,Customer Support,West,Customer Service Excellence,2025-07-05,Completed,74.8,100.0,204.54,3.7
EMP13991,Sales,West,Advanced Excel,2025-12-18,In Progress,34.8,,530.8,
EMP13992,Sales,West,SQL Fundamentals,2024-03-28,In Progress,43.5,,343.72,
EMP13993,R&D,North,Advanced Excel,2024-08-08,In Progress,70.9,,174.3,
EMP13994,R&D,North,Project Management,2025-05-06,In Progress,72.9,,287.32,
EMP13995,Customer Support,East,Python for Data Analysis,2024-12-12,Completed,41.2,61.2,521.45,3.6
EMP13996,Customer Support,North,Advanced Excel,2025-05-18,Completed,47.2,53.9,203.61,3.9
EMP13997,HR,South,Communication Skills,2024-07-31,Dropped,55.7,,126.48,1.7
EMP13998,Customer Support,Central,Agile & Scrum,2024-01-20,In Progress,57.2,,244.38,
EMP13999,Marketing,North,Project Management,2025-02-22,In Progress,58.0,,394.01,
EMP14000,Finance,West,Project Management,2024-02-16,Completed,41.1,62.6,509.84,1.8
EMP14001,Operations,South,Agile & Scrum,2024-03-14,Completed,51.4,65.5,565.36,4.3
EMP14002,HR,East,Customer Service Excellence,2024-11-03,Dropped,46.8,,136.6,1.8
EMP14003,Sales,South,Agile & Scrum,2025-12-23,Dropped,35.6,,218.9,2.1
EMP14004,Customer Support,East,Agile & Scrum,2025-10-06,Completed,55.7,62.7,264.73,2.8
EMP14005,Operations,Central,Data Visualization with Power BI,2025-02-20,In Progress,65.3,,114.12,
EMP14006,Customer Support,South,Project Management,2024-12-25,Completed,60.4,93.0,514.87,5.0
EMP14007,Sales,North,Leadership Essentials,2025-07-16,Completed,61.1,66.0,355.47,5.0
EMP14008,IT,Central,Data Visualization with Power BI,2024-10-28,Completed,43.8,63.8,522.48,5.0
EMP14009,HR,West,Customer Service Excellence,2025-06-20,Completed,56.5,86.5,267.73,4.1
EMP14010,Finance,West,Project Management,2024-05-30,Completed,72.7,89.7,332.91,5.0
EMP14011,Customer Support,South,Communication Skills,2025-11-27,Completed,62.4,99.0,484.49,5.0
EMP14012,Operations,West,Agile & Scrum,2025-01-21,Completed,45.3,52.4,468.62,5.0
EMP14013,Finance,North,Agile & Scrum,2025-11-21,Dropped,67.8,,191.53,2.0
EMP14014,Marketing,West,Cloud Computing Basics,2025-05-03,Completed,46.6,59.1,463.09,4.0
EMP14015,R&D,South,Advanced Excel,2024-11-04,Completed,62.2,83.8,267.54,4.5
EMP14016,R&D,West,Leadership Essentials,2025-02-27,In Progress,47.0,,270.82,
EMP14017,Finance,West,Customer Service Excellence,2024-11-16,Completed,79.5,100.0,358.79,2.7
EMP14018,R&D,West,Communication Skills,2025-01-18,Completed,56.2,93.0,439.7,4.8
EMP14019,Finance,East,Agile & Scrum,2024-12-08,Completed,84.0,100.0,215.7,5.0
EMP14020,R&D,West,Communication Skills,2024-09-02,Completed,26.2,36.9,456.73,1.8
EMP14021,R&D,East,Python for Data Analysis,2024-06-02,Completed,57.6,72.2,341.36,4.4
EMP14022,R&D,East,Advanced Excel,2025-09-03,Completed,62.5,94.2,202.21,3.9
EMP14023,IT,North,Project Management,2024-07-31,Completed,64.9,93.3,385.65,4.2
EMP14024,Sales,North,Python for Data Analysis,2024-10-11,Completed,49.7,64.5,289.5,4.4
EMP14025,Customer Support,East,Agile & Scrum,2024-09-04,Completed,60.9,76.2,608.45,3.8
EMP14026,Marketing,South,Agile & Scrum,2025-11-01,Completed,50.1,65.7,221.94,4.9
EMP14027,Marketing,South,Data Visualization with Power BI,2024-05-13,Dropped,44.0,,207.54,3.1
EMP14028,Sales,North,Communication Skills,2024-01-30,In Progress,69.6,,322.64,
EMP14029,IT,North,Python for Data Analysis,2024-09-08,In Progress,62.2,,336.69,
EMP14030,Marketing,West,Advanced Excel,2025-09-06,Completed,47.7,79.3,406.69,3.7
EMP14031,Customer Support,East,Advanced Excel,2025-07-14,Completed,56.9,70.3,318.62,4.8
EMP14032,Finance,West,Communication Skills,2025-03-12,Completed,31.2,55.4,560.82,3.6
EMP14033,R&D,West,Cloud Computing Basics,2025-06-06,Completed,37.7,56.8,498.26,4.4
EMP14034,R&D,North,Communication Skills,2025-04-17,Completed,64.2,74.1,361.51,5.0
EMP14035,Customer Support,Central,Leadership Essentials,2025-09-20,Completed,71.3,100.0,207.95,4.1
EMP14036,HR,East,Cloud Computing Basics,2025-09-06,Completed,48.2,82.9,187.82,5.0
EMP14037,IT,East,Leadership Essentials,2024-08-26,Completed,21.2,41.5,210.01,3.9
EMP14038,HR,Central,Leadership Essentials,2025-03-08,Dropped,59.9,,153.61,3.3
EMP14039,Operations,West,Data Visualization with Power BI,2025-07-01,Completed,60.3,67.9,393.25,3.9
EMP14040,Operations,North,Project Management,2024-08-09,In Progress,59.5,,378.39,
EMP14041,Customer Support,West,Python for Data Analysis,2025-05-11,Completed,59.3,84.6,240.63,2.4
EMP14042,IT,East,Customer Service Excellence,2025-05-27,Completed,54.5,86.8,186.21,4.1
EMP14043,Operations,East,Leadership Essentials,2024-07-11,Completed,60.2,75.8,234.95,3.2
EMP14044,IT,North,Leadership Essentials,2024-08-19,In Progress,61.5,,362.94,
EMP14045,Finance,East,Advanced Excel,2025-11-29,Completed,60.8,87.9,336.08,4.4
EMP14046,Operations,West,Customer Service Excellence,2024-04-07,Completed,63.4,66.0,192.3,4.2
EMP14047,IT,Central,Data Visualization with Power BI,2024-05-24,Completed,69.0,89.8,194.7,4.1
EMP14048,Operations,West,Project Management,2024-03-21,Completed,67.2,94.2,341.22,4.5
EMP14049,Marketing,South,Advanced Excel,2025-07-17,Completed,45.7,69.5,311.09,3.6
EMP14050,Sales,Central,Agile & Scrum,2025-12-23,In Progress,29.1,,170.62,
EMP14051,HR,Central,Cloud Computing Basics,2025-01-04,In Progress,76.6,,216.97,
EMP14052,Customer Support,West,Project Management,2024-07-01,Completed,57.0,94.9,206.08,2.5
EMP14053,Finance,East,Agile & Scrum,2024-04-03,Completed,50.2,79.1,443.04,4.7
EMP14054,Sales,South,Agile & Scrum,2024-09-21,In Progress,67.0,,204.83,
EMP14055,Operations,South,SQL Fundamentals,2024-11-15,Dropped,68.8,,109.07,1.8
EMP14056,Marketing,Central,Customer Service Excellence,2024-09-04,Dropped,46.6,,93.09,3.4
EMP14057,IT,South,Advanced Excel,2024-11-17,Completed,54.5,80.6,308.22,4.5
EMP14058,IT,North,Communication Skills,2025-02-15,Completed,57.5,76.2,256.54,3.9
EMP14059,Marketing,East,Project Management,2024-02-25,Dropped,56.2,,146.77,2.5
EMP14060,Sales,South,Python for Data Analysis,2024-10-30,Completed,36.8,64.1,390.11,4.2
EMP14061,IT,North,Python for Data Analysis,2025-02-21,Completed,55.0,63.1,378.0,3.8
EMP14062,Marketing,East,Customer Service Excellence,2025-12-25,Completed,63.9,69.3,525.82,4.1
EMP14063,Marketing,East,Advanced Excel,2024-07-07,Completed,47.1,69.7,181.23,3.7
EMP14064,Customer Support,Central,SQL Fundamentals,2024-12-15,Completed,50.1,66.4,285.9,4.6
EMP14065,IT,Central,Advanced Excel,2025-03-05,Dropped,41.3,,296.43,4.0
EMP14066,Customer Support,Central,Advanced Excel,2024-03-01,In Progress,32.7,,426.76,
EMP14067,HR,South,Communication Skills,2024-05-06,Completed,57.9,82.5,324.51,3.1
EMP14068,HR,South,Advanced Excel,2025-05-26,Completed,64.9,90.8,522.14,5.0
EMP14069,HR,West,SQL Fundamentals,2025-01-25,Dropped,58.8,,158.05,3.8
EMP14070,Finance,East,Customer Service Excellence,2025-12-26,Completed,44.9,72.0,255.25,3.6
EMP14071,Marketing,Central,Data Visualization with Power BI,2025-11-08,In Progress,60.7,,395.83,
EMP14072,Marketing,West,Leadership Essentials,2025-07-18,Completed,53.5,77.6,243.88,3.8
EMP14073,Finance,South,Leadership Essentials,2024-02-17,Dropped,63.5,,266.98,2.6
EMP14074,Operations,Central,Project Management,2025-05-20,Completed,71.6,97.4,227.52,4.2
EMP14075,R&D,North,Leadership Essentials,2024-12-24,Completed,63.1,87.7,287.81,5.0
EMP14076,Sales,East,Agile & Scrum,2024-01-24,Completed,33.2,41.6,220.79,4.6
EMP14077,Customer Support,North,Cloud Computing Basics,2024-10-21,Completed,60.2,83.1,249.22,4.0
EMP14078,Operations,North,Cloud Computing Basics,2024-11-03,In Progress,44.6,,254.21,
EMP14079,R&D,West,SQL Fundamentals,2024-02-12,Completed,48.0,67.0,211.4,3.9
EMP14080,IT,Central,SQL Fundamentals,2024-12-04,Completed,66.1,87.1,587.27,4.8
EMP14081,Finance,North,Advanced Excel,2024-12-03,Completed,65.3,91.6,336.92,4.3
EMP14082,HR,South,Agile & Scrum,2025-05-18,Completed,56.1,86.0,368.41,4.5
EMP14083,Customer Support,East,Cloud Computing Basics,2025-09-20,Completed,65.8,88.5,226.43,4.0
EMP14084,Finance,West,Python for Data Analysis,2025-10-24,Completed,57.0,87.0,276.2,4.7
EMP14085,Sales,North,Advanced Excel,2024-07-17,Completed,62.2,94.4,158.07,4.0
EMP14086,R&D,Central,Communication Skills,2025-04-02,Dropped,69.9,,86.39,2.2
EMP14087,Sales,South,Agile & Scrum,2024-07-31,Completed,33.4,60.0,449.98,3.0
EMP14088,Operations,Central,SQL Fundamentals,2024-09-08,Completed,62.1,89.9,486.95,3.6
EMP14089,Operations,East,Advanced Excel,2025-12-29,Completed,44.5,62.1,254.9,4.3
EMP14090,Sales,East,Data Visualization with Power BI,2025-03-27,Completed,52.1,62.4,285.6,4.9
EMP14091,Marketing,North,Cloud Computing Basics,2024-08-08,Completed,64.5,96.8,368.5,3.5
EMP14092,Finance,South,Cloud Computing Basics,2024-01-09,In Progress,32.3,,412.02,
EMP14093,Customer Support,Central,Cloud Computing Basics,2025-01-24,Completed,53.2,83.5,314.78,3.2
EMP14094,HR,East,Agile & Scrum,2024-07-09,In Progress,77.3,,221.99,
EMP14095,HR,Central,Python for Data Analysis,2025-06-23,Completed,42.9,63.8,252.73,2.5
EMP14096,Finance,North,Cloud Computing Basics,2025-06-10,Completed,64.9,86.6,421.65,3.9
EMP14097,Operations,West,Customer Service Excellence,2025-10-16,Completed,62.2,70.9,371.16,4.2
EMP14098,Customer Support,East,Project Management,2024-08-12,Completed,39.0,60.3,351.25,5.0
EMP14099,Operations,Central,Project Management,2025-05-01,Completed,48.8,72.4,180.12,4.1
EMP14100,Marketing,South,Advanced Excel,2024-11-26,In Progress,54.1,,451.0,
EMP14101,Marketing,Central,Leadership Essentials,2025-12-17,Completed,56.4,72.4,282.52,3.2
EMP14102,R&D,East,Advanced Excel,2024-03-06,Completed,75.6,98.3,330.25,3.9
EMP14103,Customer Support,South,Cloud Computing Basics,2024-11-26,Completed,53.1,90.0,537.03,4.1
EMP14104,IT,Central,SQL Fundamentals,2025-03-10,Completed,45.9,71.9,251.61,4.3
EMP14105,Customer Support,East,Project Management,2025-01-01,Completed,49.0,65.9,367.74,4.3
EMP14106,IT,Central,Cloud Computing Basics,2025-06-26,Completed,53.5,77.8,260.91,4.1
EMP14107,Sales,North,SQL Fundamentals,2024-12-25,Completed,52.6,74.7,273.7,5.0
EMP14108,IT,West,Data Visualization with Power BI,2024-03-28,Completed,62.7,88.2,362.64,3.9
EMP14109,R&D,South,Leadership Essentials,2024-05-28,Completed,51.5,81.9,227.4,3.9
EMP14110,Finance,East,SQL Fundamentals,2025-05-06,Completed,59.4,72.6,318.35,4.5
EMP14111,Operations,West,Python for Data Analysis,2025-10-10,In Progress,51.2,,123.41,
EMP14112,Operations,North,Data Visualization with Power BI,2024-11-03,Completed,88.9,97.7,293.6,4.1
EMP14113,Finance,West,Data Visualization with Power BI,2025-06-23,Completed,67.4,96.2,576.07,3.9
EMP14114,IT,East,Project Management,2024-10-06,Completed,66.0,89.7,206.76,4.3
EMP14115,Finance,Central,Leadership Essentials,2024-02-11,Completed,44.1,76.0,276.95,5.0
EMP14116,Operations,West,Leadership Essentials,2024-05-19,Completed,53.2,74.1,288.86,4.1
EMP14117,Finance,West,Communication Skills,2025-08-10,Completed,66.4,82.4,464.2,3.5
EMP14118,HR,Central,Project Management,2025-03-31,Completed,49.4,61.3,475.2,3.8
EMP14119,Marketing,North,Leadership Essentials,2024-12-31,Dropped,73.2,,303.9,3.3
EMP14120,Finance,Central,Data Visualization with Power BI,2025-11-20,Completed,64.8,94.4,273.08,3.6
EMP14121,HR,North,Leadership Essentials,2024-07-05,Completed,43.1,63.4,263.07,4.6
EMP14122,Marketing,West,Customer Service Excellence,2025-06-08,Completed,70.7,83.6,420.1,4.5
EMP14123,Sales,West,Agile & Scrum,2024-01-23,In Progress,56.1,,292.02,
EMP14124,IT,Central,SQL Fundamentals,2025-09-13,Completed,52.4,78.8,230.18,3.4
EMP14125,Marketing,East,Advanced Excel,2025-08-09,Completed,61.7,97.7,358.33,3.4
EMP14126,IT,East,SQL Fundamentals,2024-12-13,Completed,55.5,66.8,225.95,3.3
EMP14127,Operations,Central,Agile & Scrum,2025-06-16,Completed,50.1,61.6,204.2,2.9
EMP14128,Marketing,Central,Customer Service Excellence,2025-03-26,Completed,57.3,79.2,297.11,3.7
EMP14129,Marketing,Central,Python for Data Analysis,2024-01-20,Completed,67.5,92.7,340.68,4.0
EMP14130,Operations,South,Communication Skills,2025-03-18,Completed,43.5,63.7,420.78,4.0
EMP14131,IT,East,Cloud Computing Basics,2024-06-27,Dropped,47.5,,334.49,1.0
EMP14132,Operations,Central,Python for Data Analysis,2025-02-18,Dropped,40.8,,259.52,3.9
EMP14133,Operations,North,Project Management,2025-01-03,Completed,61.8,79.9,369.03,4.2
EMP14134,Sales,North,Advanced Excel,2024-12-07,Completed,63.0,91.2,301.18,3.8
EMP14135,Finance,East,SQL Fundamentals,2024-09-03,Completed,35.9,62.1,591.96,4.9
EMP14136,R&D,South,Leadership Essentials,2025-01-09,Completed,58.7,74.6,452.5,2.9
EMP14137,Customer Support,East,Advanced Excel,2024-12-16,Completed,33.4,52.7,490.83,3.9
EMP14138,R&D,East,Advanced Excel,2025-06-30,Completed,55.4,78.5,495.88,2.4
EMP14139,R&D,South,SQL Fundamentals,2024-11-17,Completed,28.2,56.1,125.58,3.7
EMP14140,Marketing,East,Project Management,2024-01-19,In Progress,45.2,,436.5,
EMP14141,Marketing,West,SQL Fundamentals,2025-05-14,Completed,69.3,92.9,460.87,4.3
EMP14142,Customer Support,West,Python for Data Analysis,2025-06-27,Completed,53.8,81.8,207.81,4.6
EMP14143,IT,South,Cloud Computing Basics,2024-09-01,Completed,72.7,83.3,403.98,4.7
EMP14144,Operations,West,Python for Data Analysis,2024-01-19,Completed,62.2,99.1,269.62,4.0
EMP14145,R&D,North,Communication Skills,2025-05-19,Completed,62.3,81.7,341.53,5.0
EMP14146,Finance,East,Advanced Excel,2024-12-23,Completed,51.2,68.9,352.33,3.4
EMP14147,Sales,Central,Data Visualization with Power BI,2024-10-17,Completed,50.8,68.9,455.93,3.6
EMP14148,IT,West,Python for Data Analysis,2025-09-15,In Progress,42.6,,202.33,
EMP14149,Sales,North,Customer Service Excellence,2025-09-22,Completed,62.1,89.1,480.56,4.1
EMP14150,IT,West,Python for Data Analysis,2025-04-16,Completed,60.4,84.5,401.29,3.9
EMP14151,Sales,West,Agile & Scrum,2025-12-18,Completed,49.4,62.2,391.99,3.6
EMP14152,Marketing,North,Cloud Computing Basics,2024-06-08,Completed,59.3,95.5,331.48,3.7
EMP14153,Finance,Central,SQL Fundamentals,2025-03-31,Completed,58.7,91.1,194.49,4.5
EMP14154,Finance,West,Customer Service Excellence,2025-01-11,In Progress,34.3,,270.56,
EMP14155,Customer Support,North,Customer Service Excellence,2025-04-10,Completed,48.7,62.9,399.66,3.2
EMP14156,Finance,East,Advanced Excel,2024-08-24,In Progress,73.1,,174.57,
EMP14157,Finance,Central,Python for Data Analysis,2024-10-05,Completed,62.1,83.3,434.09,3.2
EMP14158,Operations,South,Customer Service Excellence,2024-11-13,Dropped,38.8,,116.34,2.6
EMP14159,Customer Support,South,Project Management,2025-12-30,Completed,65.7,79.2,339.61,4.4
EMP14160,R&D,North,Communication Skills,2024-01-23,Completed,48.9,41.8,528.03,5.0
EMP14161,Sales,West,Data Visualization with Power BI,2025-10-05,Completed,45.8,58.8,328.01,3.8
EMP14162,HR,West,Python for Data Analysis,2024-06-27,Dropped,28.4,,216.83,2.5
EMP14163,Customer Support,South,Customer Service Excellence,2024-09-27,Completed,41.4,64.0,262.93,5.0
EMP14164,Customer Support,West,SQL Fundamentals,2024-03-31,In Progress,56.5,,490.33,
EMP14165,HR,South,Leadership Essentials,2024-09-27,Completed,50.2,82.6,137.45,3.8
EMP14166,HR,West,Advanced Excel,2025-08-22,Completed,50.3,64.6,479.45,3.9
EMP14167,HR,East,SQL Fundamentals,2025-02-07,Dropped,68.6,,156.53,3.2
EMP14168,Operations,East,Cloud Computing Basics,2025-12-17,Completed,55.0,68.5,291.79,2.6
EMP14169,Marketing,East,Communication Skills,2024-04-22,Completed,64.5,85.6,522.87,3.7
EMP14170,Marketing,North,Data Visualization with Power BI,2025-04-05,Completed,54.0,89.5,282.57,5.0
EMP14171,Marketing,South,Python for Data Analysis,2025-07-19,In Progress,64.1,,400.49,
EMP14172,IT,Central,Data Visualization with Power BI,2025-03-15,Completed,63.0,88.0,254.56,4.5
EMP14173,Operations,West,Advanced Excel,2025-01-26,Completed,60.4,100.0,311.18,4.0
EMP14174,IT,East,Agile & Scrum,2024-07-22,Completed,49.3,77.6,306.87,4.8
EMP14175,IT,North,Leadership Essentials,2024-06-22,Completed,75.0,89.9,342.74,3.8
EMP14176,Finance,North,Agile & Scrum,2025-02-08,Dropped,64.5,,221.43,2.7
EMP14177,Sales,Central,Python for Data Analysis,2025-11-08,Completed,47.1,60.0,325.37,4.3
EMP14178,Finance,West,Cloud Computing Basics,2025-09-10,Completed,61.5,83.3,325.5,3.9
EMP14179,R&D,North,Cloud Computing Basics,2024-04-06,Completed,55.3,74.9,200.78,4.0
EMP14180,Customer Support,Central,Python for Data Analysis,2024-11-02,Completed,65.3,88.9,339.64,5.0
EMP14181,Finance,North,Data Visualization with Power BI,2024-06-14,Completed,48.4,91.8,344.41,4.4
EMP14182,Marketing,West,Communication Skills,2025-03-15,Completed,62.1,89.1,158.87,4.5
EMP14183,IT,West,Python for Data Analysis,2025-12-02,Completed,59.4,70.8,346.46,4.0
EMP14184,Sales,West,Communication Skills,2024-02-03,Dropped,57.6,,277.25,2.9
EMP14185,Sales,South,Communication Skills,2024-12-10,In Progress,58.4,,164.66,
EMP14186,R&D,North,Advanced Excel,2024-03-11,Completed,51.9,81.3,216.19,4.8
EMP14187,IT,South,Cloud Computing Basics,2024-05-25,Completed,36.6,52.8,402.89,4.8
EMP14188,R&D,East,Leadership Essentials,2024-12-06,Dropped,41.0,,187.38,2.8
EMP14189,Finance,West,Leadership Essentials,2024-06-24,Completed,60.0,93.4,170.39,4.8
EMP14190,HR,North,Cloud Computing Basics,2024-01-26,Completed,52.7,75.0,444.98,4.2
EMP14191,Marketing,East,Agile & Scrum,2024-05-24,In Progress,59.9,,213.19,
EMP14192,Finance,South,Project Management,2024-08-24,Completed,39.2,43.7,299.43,4.2
EMP14193,IT,North,Cloud Computing Basics,2025-04-04,Completed,58.4,72.7,327.98,4.6
EMP14194,R&D,East,Project Management,2025-01-21,Completed,39.9,50.2,602.51,4.1
EMP14195,Marketing,North,Python for Data Analysis,2024-03-24,Completed,75.4,100.0,278.21,3.6
EMP14196,Finance,South,Advanced Excel,2024-12-04,Completed,49.6,65.5,501.14,2.6
EMP14197,R&D,Central,SQL Fundamentals,2024-08-13,Completed,47.4,70.2,400.19,2.5
EMP14198,IT,West,Customer Service Excellence,2025-05-12,Completed,25.8,56.5,238.28,4.5
EMP14199,Marketing,West,Agile & Scrum,2024-02-28,In Progress,61.8,,206.1,
EMP14200,IT,South,Communication Skills,2025-01-26,Completed,55.9,84.3,198.17,1.9
EMP14201,Operations,Central,Data Visualization with Power BI,2025-10-08,Completed,54.7,75.1,217.57,5.0
EMP14202,Finance,West,Cloud Computing Basics,2024-09-22,Completed,47.5,54.2,375.22,5.0
EMP14203,Customer Support,West,Customer Service Excellence,2025-03-22,In Progress,49.7,,192.38,
EMP14204,Customer Support,East,Data Visualization with Power BI,2024-11-28,Dropped,61.3,,363.92,2.9
EMP14205,R&D,South,Advanced Excel,2025-04-28,Completed,60.4,78.7,201.43,3.7
EMP14206,Finance,South,Communication Skills,2025-03-06,Completed,37.0,59.3,458.2,4.6
EMP14207,R&D,East,Customer Service Excellence,2024-12-14,Completed,45.3,79.4,100.93,3.1
EMP14208,Operations,Central,Python for Data Analysis,2024-11-06,Completed,41.2,50.9,308.36,4.4
EMP14209,Finance,North,Agile & Scrum,2024-12-18,Completed,52.4,83.6,331.51,3.6
EMP14210,HR,West,Python for Data Analysis,2025-08-31,Completed,73.1,91.5,375.49,4.6
EMP14211,Operations,West,Cloud Computing Basics,2024-04-17,Completed,66.1,75.5,306.52,2.9
EMP14212,R&D,West,Communication Skills,2025-01-05,Completed,44.3,62.2,538.2,3.9
EMP14213,Customer Support,East,Customer Service Excellence,2025-06-08,Completed,50.1,65.5,283.85,3.9
EMP14214,HR,West,SQL Fundamentals,2024-10-30,Completed,43.8,52.9,250.88,4.1
EMP14215,Sales,South,SQL Fundamentals,2025-09-15,Completed,66.6,77.0,603.77,3.7
EMP14216,Marketing,West,Python for Data Analysis,2025-01-23,Completed,43.7,63.8,414.09,3.2
EMP14217,HR,West,Advanced Excel,2025-06-15,Completed,73.6,97.0,228.22,4.2
EMP14218,R&D,North,SQL Fundamentals,2025-03-27,In Progress,59.3,,357.87,
EMP14219,Marketing,West,Python for Data Analysis,2024-07-29,Completed,68.8,96.1,348.79,3.3
EMP14220,Customer Support,South,Customer Service Excellence,2025-08-26,Completed,63.0,70.6,548.29,3.3
EMP14221,IT,North,Python for Data Analysis,2024-09-01,Dropped,64.4,,145.8,1.4
EMP14222,Customer Support,South,Leadership Essentials,2024-02-03,Completed,56.1,84.3,533.71,3.7
EMP14223,Operations,South,Leadership Essentials,2024-07-16,Completed,65.1,84.3,216.09,4.1
EMP14224,HR,South,SQL Fundamentals,2024-08-23,Completed,74.8,95.8,287.05,3.5
EMP14225,Customer Support,North,Cloud Computing Basics,2024-09-21,Completed,56.5,84.5,605.86,3.2
EMP14226,Customer Support,Central,Project Management,2024-05-13,Completed,58.7,84.4,331.16,4.0
EMP14227,Customer Support,East,Leadership Essentials,2024-11-08,Completed,53.2,83.3,436.02,4.1
EMP14228,Finance,West,Python for Data Analysis,2025-01-26,In Progress,49.8,,264.78,
EMP14229,Operations,Central,Agile & Scrum,2024-10-21,Completed,45.4,77.1,265.5,3.5
EMP14230,IT,North,SQL Fundamentals,2025-06-16,In Progress,51.2,,237.3,
EMP14231,HR,East,Project Management,2024-05-26,Completed,63.7,83.2,175.89,5.0
EMP14232,Finance,West,Cloud Computing Basics,2024-05-15,Completed,57.0,72.8,224.04,4.4
EMP14233,Customer Support,Central,Agile & Scrum,2025-04-02,Completed,53.1,84.6,260.19,3.6
EMP14234,HR,North,Data Visualization with Power BI,2025-08-27,Dropped,43.0,,82.18,2.7
EMP14235,Finance,North,Customer Service Excellence,2024-04-05,Completed,47.0,68.3,501.05,5.0
EMP14236,Customer Support,West,Data Visualization with Power BI,2025-08-13,Completed,74.9,98.7,482.36,3.8
EMP14237,R&D,South,Agile & Scrum,2024-07-26,In Progress,60.2,,432.86,
EMP14238,IT,East,Leadership Essentials,2025-08-04,Completed,60.6,80.3,386.16,2.7
EMP14239,IT,West,SQL Fundamentals,2024-11-13,Completed,68.1,100.0,315.08,4.4
EMP14240,Finance,South,Leadership Essentials,2025-07-24,Completed,65.0,93.8,327.32,5.0
EMP14241,Sales,East,Advanced Excel,2024-02-12,Completed,53.0,69.3,237.1,4.5
EMP14242,Marketing,North,Leadership Essentials,2024-05-30,Completed,64.3,91.0,503.29,4.5
EMP14243,Sales,North,Customer Service Excellence,2024-10-31,Completed,73.4,100.0,249.65,3.7
EMP14244,Customer Support,East,Agile & Scrum,2025-09-26,Completed,44.4,70.8,560.0,3.4
EMP14245,Sales,East,Cloud Computing Basics,2024-05-14,In Progress,70.9,,211.05,
EMP14246,Sales,North,Project Management,2025-02-19,Completed,52.8,74.9,486.56,4.7
EMP14247,Operations,East,Leadership Essentials,2024-08-23,In Progress,34.8,,284.09,
EMP14248,Sales,West,Agile & Scrum,2024-10-26,Completed,51.8,62.6,280.67,3.8
EMP14249,Sales,Central,Project Management,2025-05-20,Completed,51.7,61.3,270.97,5.0
EMP14250,Finance,West,Agile & Scrum,2025-10-21,Completed,56.3,69.5,215.15,4.3
EMP14251,Operations,East,Customer Service Excellence,2024-06-06,Completed,32.3,45.7,446.64,4.7
EMP14252,IT,East,Agile & Scrum,2025-05-27,Completed,59.4,90.2,384.81,4.0
EMP14253,R&D,North,Advanced Excel,2024-02-15,Completed,68.1,100.0,326.02,5.0
EMP14254,R&D,Central,Customer Service Excellence,2024-05-15,Completed,54.2,78.4,278.27,3.9
EMP14255,IT,Central,Leadership Essentials,2024-05-02,In Progress,64.8,,275.14,
EMP14256,Marketing,South,Data Visualization with Power BI,2025-12-22,Completed,75.2,94.6,411.49,3.1
EMP14257,Sales,East,SQL Fundamentals,2024-07-21,Completed,77.6,95.8,431.74,4.6
EMP14258,HR,Central,Advanced Excel,2025-07-02,Dropped,55.5,,221.06,2.6
EMP14259,Marketing,North,Advanced Excel,2024-08-04,In Progress,27.6,,409.41,
EMP14260,R&D,North,Communication Skills,2024-06-17,Dropped,47.9,,165.87,3.5
EMP14261,R&D,East,Advanced Excel,2024-07-06,Completed,48.8,63.7,411.5,4.6
EMP14262,Customer Support,South,Cloud Computing Basics,2024-12-20,Completed,67.8,94.6,368.9,3.1
EMP14263,Finance,North,Leadership Essentials,2025-10-30,Completed,78.4,100.0,326.66,3.0
EMP14264,R&D,South,Cloud Computing Basics,2025-04-17,Completed,59.4,75.3,290.93,2.5
EMP14265,Finance,East,Data Visualization with Power BI,2024-12-16,In Progress,45.5,,320.81,
EMP14266,R&D,Central,Customer Service Excellence,2025-09-10,Dropped,48.4,,169.64,2.5
EMP14267,R&D,North,Project Management,2025-12-29,In Progress,44.4,,213.99,
EMP14268,Sales,South,SQL Fundamentals,2024-02-18,Completed,33.9,58.4,237.63,2.1
EMP14269,Sales,East,Leadership Essentials,2025-04-27,Completed,66.0,79.5,399.34,4.6
EMP14270,Sales,North,SQL Fundamentals,2024-01-10,Completed,15.3,36.1,322.91,2.1
EMP14271,Marketing,West,Data Visualization with Power BI,2025-03-01,Completed,54.9,57.0,272.16,5.0
EMP14272,Customer Support,South,Leadership Essentials,2024-09-24,Completed,44.8,78.5,151.25,2.8
EMP14273,Customer Support,Central,Data Visualization with Power BI,2025-09-01,Completed,27.4,63.8,534.56,4.3
EMP14274,Sales,North,Project Management,2025-04-22,Completed,58.6,85.2,511.26,4.2
EMP14275,R&D,South,Leadership Essentials,2024-11-14,Dropped,54.4,,144.14,2.1
EMP14276,Marketing,West,SQL Fundamentals,2024-01-12,Completed,58.3,81.2,309.3,3.1
EMP14277,HR,Central,Data Visualization with Power BI,2024-12-03,Completed,68.0,87.5,429.47,4.5
EMP14278,R&D,East,Leadership Essentials,2025-08-12,Completed,37.3,52.6,215.09,3.9
EMP14279,Marketing,Central,Cloud Computing Basics,2025-03-01,Dropped,69.8,,243.96,2.7
EMP14280,IT,East,Data Visualization with Power BI,2024-01-21,In Progress,59.9,,104.37,
EMP14281,Customer Support,South,Communication Skills,2024-08-29,Completed,67.7,77.6,178.52,4.3
EMP14282,Finance,South,SQL Fundamentals,2024-01-17,Completed,80.7,100.0,487.36,3.6
EMP14283,Sales,West,Communication Skills,2025-02-20,Completed,57.9,86.8,433.51,4.1
EMP14284,Operations,South,Customer Service Excellence,2025-05-15,Completed,46.4,68.4,520.67,5.0
EMP14285,Marketing,East,Communication Skills,2024-02-23,Completed,45.7,72.9,338.42,3.8
EMP14286,Finance,North,Cloud Computing Basics,2025-05-19,Completed,85.3,100.0,450.28,4.7
EMP14287,Sales,West,Customer Service Excellence,2024-10-01,Dropped,51.5,,122.25,2.6
EMP14288,Finance,East,Data Visualization with Power BI,2025-08-11,Completed,84.6,100.0,109.19,4.5
EMP14289,Marketing,South,SQL Fundamentals,2025-12-06,Completed,60.2,91.3,239.39,3.7
EMP14290,Finance,East,Customer Service Excellence,2024-09-11,In Progress,54.5,,360.86,
EMP14291,IT,South,Data Visualization with Power BI,2025-05-07,Completed,63.7,100.0,233.62,3.8
EMP14292,Finance,North,Leadership Essentials,2025-03-09,Completed,41.0,64.6,222.26,4.4
EMP14293,Operations,West,Communication Skills,2025-10-10,Completed,64.3,90.0,230.86,4.1
EMP14294,R&D,South,Python for Data Analysis,2024-08-23,Completed,49.2,51.8,286.58,4.3
EMP14295,Customer Support,North,Leadership Essentials,2024-05-15,Completed,57.3,83.3,218.38,4.4
EMP14296,IT,East,Project Management,2025-07-01,In Progress,55.6,,124.78,
EMP14297,Operations,North,Communication Skills,2024-06-04,In Progress,48.0,,467.52,
EMP14298,Operations,East,Cloud Computing Basics,2024-03-13,Completed,46.2,75.1,402.98,3.6
EMP14299,Marketing,East,Advanced Excel,2024-11-24,Completed,56.4,84.4,266.64,4.7
EMP14300,IT,Central,Advanced Excel,2024-12-19,Dropped,25.6,,207.09,3.6
EMP14301,Finance,East,SQL Fundamentals,2024-03-11,Completed,49.2,73.1,213.1,3.5
EMP14302,Marketing,West,Project Management,2025-05-23,Dropped,43.4,,155.81,2.2
EMP14303,Finance,South,Agile & Scrum,2025-10-27,Completed,43.5,59.6,238.79,4.1
EMP14304,Finance,North,Cloud Computing Basics,2025-02-24,Completed,61.5,89.0,292.54,5.0
EMP14305,Marketing,West,Data Visualization with Power BI,2024-05-14,Completed,57.9,74.9,244.6,4.3
EMP14306,Customer Support,North,Project Management,2024-10-23,Completed,48.8,77.1,270.34,3.1
EMP14307,Customer Support,Central,Project Management,2025-10-29,Completed,61.7,81.4,321.73,4.0
EMP14308,IT,East,Data Visualization with Power BI,2024-08-08,Completed,45.0,76.4,349.09,3.4
EMP14309,Sales,Central,Python for Data Analysis,2024-02-15,Completed,60.0,74.4,230.42,4.2
EMP14310,IT,North,Data Visualization with Power BI,2024-06-01,Completed,71.7,84.6,316.55,3.6
EMP14311,IT,Central,SQL Fundamentals,2024-02-09,Completed,38.7,73.4,338.42,4.5
EMP14312,IT,West,Data Visualization with Power BI,2025-06-19,Completed,47.1,76.4,437.62,3.5
EMP14313,Marketing,North,Agile & Scrum,2024-12-27,Dropped,41.7,,232.33,2.1
EMP14314,Marketing,North,SQL Fundamentals,2024-12-08,Dropped,64.2,,160.01,3.1
EMP14315,HR,West,Customer Service Excellence,2025-06-20,Completed,49.6,72.9,412.26,3.5
EMP14316,R&D,South,Python for Data Analysis,2025-10-15,Dropped,21.8,,93.62,2.0
EMP14317,Operations,West,Leadership Essentials,2024-07-16,Completed,20.9,31.7,286.82,4.5
EMP14318,Operations,North,Customer Service Excellence,2024-08-16,Completed,73.9,100.0,513.79,4.4
EMP14319,Finance,North,Cloud Computing Basics,2025-03-30,Dropped,53.9,,146.22,1.0
EMP14320,Marketing,North,Communication Skills,2024-10-17,Completed,56.2,83.1,201.45,4.3
EMP14321,R&D,North,Communication Skills,2025-05-07,Completed,66.2,100.0,284.38,4.8
EMP14322,Customer Support,Central,Agile & Scrum,2025-03-03,Completed,48.3,78.9,255.69,4.2
EMP14323,Marketing,West,Advanced Excel,2025-03-11,Completed,59.4,80.4,325.07,3.5
EMP14324,Marketing,Central,Project Management,2024-07-31,Dropped,65.8,,165.73,2.2
EMP14325,Sales,West,Data Visualization with Power BI,2024-05-30,Completed,63.8,83.4,203.67,5.0
EMP14326,Marketing,Central,Project Management,2024-12-05,Completed,73.1,98.6,201.73,4.1
EMP14327,R&D,West,Customer Service Excellence,2024-01-19,Completed,53.9,74.3,211.94,3.2
EMP14328,R&D,Central,Customer Service Excellence,2025-08-29,In Progress,45.4,,329.3,
EMP14329,IT,East,Communication Skills,2025-05-07,Completed,70.7,82.9,217.29,5.0
EMP14330,HR,East,Python for Data Analysis,2025-01-18,Dropped,40.3,,128.14,3.2
EMP14331,Marketing,North,Python for Data Analysis,2024-10-29,Completed,54.0,72.8,268.44,3.5
EMP14332,Sales,Central,SQL Fundamentals,2024-08-01,Completed,51.6,62.1,257.67,4.5
EMP14333,R&D,South,Agile & Scrum,2025-05-04,Completed,41.2,72.7,191.01,3.3
EMP14334,Customer Support,South,Python for Data Analysis,2024-10-15,Completed,62.5,82.1,236.13,3.9
EMP14335,Sales,North,Python for Data Analysis,2024-03-22,Completed,57.8,73.8,196.43,5.0
EMP14336,Operations,Central,Data Visualization with Power BI,2025-05-18,Completed,60.3,87.4,433.58,3.6
EMP14337,IT,West,SQL Fundamentals,2025-10-21,Completed,67.2,81.3,338.24,3.7
EMP14338,Customer Support,South,Agile & Scrum,2025-05-23,Completed,55.4,63.0,253.2,5.0
EMP14339,Customer Support,South,Leadership Essentials,2024-06-07,Completed,50.2,74.2,402.67,4.5
EMP14340,Customer Support,North,Python for Data Analysis,2024-05-10,Completed,35.1,63.7,246.77,4.6
EMP14341,Operations,North,Project Management,2025-04-24,Completed,64.4,93.9,329.99,3.1
EMP14342,Marketing,North,Project Management,2025-07-31,Completed,36.3,49.2,400.5,3.9
EMP14343,HR,Central,Python for Data Analysis,2024-03-12,Completed,51.3,73.0,311.98,5.0
EMP14344,IT,South,Data Visualization with Power BI,2024-05-10,Completed,40.9,59.6,394.25,5.0
EMP14345,Operations,West,SQL Fundamentals,2025-08-20,Completed,78.2,100.0,258.06,3.6
EMP14346,IT,East,Leadership Essentials,2025-02-04,Completed,44.8,61.5,451.12,5.0
EMP14347,Operations,East,Leadership Essentials,2024-05-28,Completed,65.3,82.3,350.96,5.0
EMP14348,HR,East,Agile & Scrum,2025-02-06,Completed,77.6,100.0,158.41,3.1
EMP14349,R&D,South,Customer Service Excellence,2024-11-03,Completed,43.0,57.4,220.99,4.3
EMP14350,IT,Central,Python for Data Analysis,2024-06-05,Completed,79.9,100.0,447.32,4.1
EMP14351,IT,East,Advanced Excel,2024-09-11,Completed,72.9,91.3,316.92,2.7
EMP14352,Customer Support,North,Python for Data Analysis,2025-04-10,Dropped,44.6,,117.57,2.8
EMP14353,IT,North,SQL Fundamentals,2024-05-08,Completed,55.8,82.0,354.68,3.3
EMP14354,HR,East,Customer Service Excellence,2025-07-27,Completed,49.7,73.3,181.54,4.8
EMP14355,IT,North,Data Visualization with Power BI,2024-03-21,Completed,51.6,72.7,308.99,3.7
EMP14356,IT,North,Agile & Scrum,2024-04-16,Completed,46.4,64.0,350.52,3.6
EMP14357,Finance,South,Project Management,2024-04-28,Completed,49.1,74.8,385.51,5.0
EMP14358,Sales,East,Communication Skills,2024-02-09,Completed,68.3,100.0,328.99,4.8
EMP14359,Operations,North,Cloud Computing Basics,2024-04-12,Completed,62.7,74.4,353.72,3.6
EMP14360,Finance,North,Python for Data Analysis,2024-04-17,Completed,81.9,97.4,222.36,3.5
EMP14361,Operations,East,Customer Service Excellence,2024-06-05,Completed,61.7,84.8,535.28,4.9
EMP14362,Operations,North,Customer Service Excellence,2024-10-01,Completed,38.4,53.9,242.8,5.0
EMP14363,Operations,East,SQL Fundamentals,2025-08-17,Completed,69.3,90.1,371.8,3.4
EMP14364,Sales,Central,Data Visualization with Power BI,2025-09-15,Completed,43.4,60.9,285.7,4.2
EMP14365,Operations,North,Leadership Essentials,2025-02-18,Dropped,32.3,,90.54,2.6
EMP14366,Customer Support,North,Data Visualization with Power BI,2025-03-12,Completed,47.2,70.3,412.93,3.7
EMP14367,Finance,North,Agile & Scrum,2024-12-22,Completed,69.3,100.0,272.25,3.8
EMP14368,IT,North,Advanced Excel,2025-06-30,Completed,56.0,76.8,424.46,3.7
EMP14369,Operations,West,Advanced Excel,2024-11-25,Completed,54.5,73.3,264.91,4.6
EMP14370,Operations,North,Python for Data Analysis,2025-03-27,Completed,68.2,80.1,346.35,4.4
EMP14371,R&D,Central,Communication Skills,2025-01-22,Completed,40.4,59.0,472.66,4.8
EMP14372,Operations,Central,Communication Skills,2024-03-12,Completed,73.8,100.0,564.6,3.8
EMP14373,Customer Support,North,Python for Data Analysis,2025-04-11,In Progress,60.3,,148.37,
EMP14374,IT,West,Customer Service Excellence,2025-10-31,Completed,77.3,100.0,338.67,4.1
EMP14375,Finance,South,Python for Data Analysis,2025-06-24,Completed,69.2,95.3,194.55,4.5
EMP14376,IT,Central,Cloud Computing Basics,2024-02-07,Completed,65.0,94.3,139.98,3.6
EMP14377,IT,East,Communication Skills,2024-03-29,Dropped,60.6,,152.08,1.3
EMP14378,Customer Support,West,Communication Skills,2024-08-25,Completed,49.6,81.3,561.44,3.8
EMP14379,Operations,Central,Cloud Computing Basics,2024-12-16,Completed,48.8,78.8,190.92,5.0
EMP14380,IT,West,Python for Data Analysis,2024-08-27,Completed,58.5,100.0,228.71,4.1
EMP14381,Operations,Central,SQL Fundamentals,2024-07-03,Completed,64.5,86.8,397.94,2.9
EMP14382,Finance,West,Advanced Excel,2025-09-20,Completed,31.0,49.7,308.61,4.9
EMP14383,IT,West,Data Visualization with Power BI,2024-11-06,Completed,46.7,75.7,421.67,3.5
EMP14384,Operations,Central,Customer Service Excellence,2024-06-04,Dropped,56.6,,80.25,2.5
EMP14385,Marketing,Central,Cloud Computing Basics,2025-11-08,Completed,62.6,88.3,372.52,3.8
EMP14386,R&D,West,Agile & Scrum,2025-11-10,Completed,60.6,92.1,534.28,3.9
EMP14387,Finance,East,SQL Fundamentals,2024-05-07,In Progress,61.8,,343.97,
EMP14388,Customer Support,West,Python for Data Analysis,2024-01-07,Completed,55.5,70.2,410.57,3.8
EMP14389,IT,West,Data Visualization with Power BI,2025-04-18,Completed,76.8,94.9,205.32,4.7
EMP14390,IT,West,Leadership Essentials,2024-01-26,Completed,56.3,90.4,315.52,4.6
EMP14391,Finance,East,Communication Skills,2024-11-05,Completed,48.1,80.1,321.07,4.2
EMP14392,R&D,North,Advanced Excel,2025-11-09,Dropped,42.4,,297.78,3.2
EMP14393,Marketing,West,Python for Data Analysis,2025-09-05,Completed,55.2,97.0,270.39,4.7
EMP14394,HR,West,Advanced Excel,2025-07-07,Dropped,42.4,,183.42,1.8
EMP14395,HR,East,Project Management,2025-09-10,In Progress,49.1,,548.69,
EMP14396,Sales,East,Python for Data Analysis,2024-06-26,Completed,72.6,99.7,184.67,3.3
EMP14397,Sales,North,Advanced Excel,2024-02-26,Completed,70.1,87.6,313.48,4.9
EMP14398,IT,West,Advanced Excel,2025-04-15,Completed,55.6,72.0,296.38,4.0
EMP14399,IT,South,Advanced Excel,2024-01-02,Completed,67.4,82.3,497.69,3.9
EMP14400,HR,South,Agile & Scrum,2025-11-12,Dropped,61.6,,149.34,1.9
EMP14401,Sales,Central,Cloud Computing Basics,2024-05-10,Completed,63.1,73.0,245.64,5.0
EMP14402,Sales,East,Communication Skills,2024-05-07,Completed,36.4,54.6,298.04,4.4
EMP14403,Finance,West,Project Management,2025-03-05,Completed,55.2,83.1,198.78,4.0
EMP14404,IT,Central,Agile & Scrum,2024-05-23,Completed,51.4,84.7,133.8,5.0
EMP14405,Customer Support,East,Advanced Excel,2025-01-28,Completed,68.1,92.1,461.97,4.7
EMP14406,Finance,North,Leadership Essentials,2025-02-27,Completed,33.8,60.5,141.7,3.4
EMP14407,Customer Support,Central,Data Visualization with Power BI,2025-06-02,Completed,39.2,66.0,541.95,4.2
EMP14408,IT,West,Customer Service Excellence,2024-10-07,Completed,63.0,81.6,224.31,4.1
EMP14409,Finance,Central,Advanced Excel,2025-08-08,Completed,52.5,66.8,559.51,4.4
EMP14410,Marketing,South,Agile & Scrum,2025-10-12,In Progress,45.2,,364.06,
EMP14411,IT,South,Cloud Computing Basics,2024-09-03,Completed,56.4,80.3,176.56,2.9
EMP14412,Marketing,South,Leadership Essentials,2024-07-08,Dropped,54.9,,143.14,3.2
EMP14413,Operations,East,Agile & Scrum,2024-09-11,In Progress,75.0,,501.75,
EMP14414,Customer Support,Central,Cloud Computing Basics,2024-04-25,In Progress,44.1,,196.54,
EMP14415,IT,East,Data Visualization with Power BI,2024-02-17,Completed,84.7,96.8,205.64,4.5
EMP14416,Sales,East,Agile & Scrum,2025-05-05,Completed,63.5,95.6,352.13,3.8
EMP14417,Marketing,Central,Python for Data Analysis,2025-02-01,Completed,81.7,100.0,219.57,4.6
EMP14418,R&D,Central,Python for Data Analysis,2024-12-30,Completed,55.2,75.8,567.28,4.7
EMP14419,Sales,East,Cloud Computing Basics,2025-04-24,Completed,53.7,88.0,380.81,5.0
EMP14420,Customer Support,West,Python for Data Analysis,2024-05-29,Completed,48.8,65.9,446.95,3.5
EMP14421,IT,Central,Python for Data Analysis,2025-09-29,Completed,40.5,67.9,544.41,3.3
EMP14422,R&D,West,Data Visualization with Power BI,2025-04-11,Dropped,53.2,,247.66,3.7
EMP14423,Marketing,West,SQL Fundamentals,2024-12-20,Completed,72.2,100.0,425.47,4.2
EMP14424,Operations,West,Communication Skills,2024-03-28,Completed,42.4,47.7,334.13,3.3
EMP14425,Finance,West,Customer Service Excellence,2024-08-11,Completed,48.3,68.9,311.76,4.4
EMP14426,Marketing,West,Customer Service Excellence,2024-04-16,Completed,41.5,63.1,268.75,3.5
EMP14427,Operations,South,Data Visualization with Power BI,2024-02-01,In Progress,71.1,,346.47,
EMP14428,Sales,East,Cloud Computing Basics,2024-02-02,Completed,76.3,100.0,323.33,3.7
EMP14429,HR,Central,Leadership Essentials,2024-09-15,Dropped,52.3,,182.39,3.5
EMP14430,R&D,South,Leadership Essentials,2024-02-10,In Progress,65.9,,525.42,
EMP14431,Finance,North,Leadership Essentials,2025-03-27,Completed,45.7,62.3,339.11,4.6
EMP14432,Operations,Central,Project Management,2024-07-07,Completed,46.8,66.0,161.11,4.1
EMP14433,IT,Central,Customer Service Excellence,2025-07-17,Completed,64.2,82.4,388.57,2.2
EMP14434,Operations,North,Cloud Computing Basics,2024-06-13,Completed,46.1,81.6,429.14,3.7
EMP14435,Finance,West,Project Management,2024-06-09,Completed,61.1,77.8,525.57,3.6
EMP14436,Marketing,East,Advanced Excel,2025-12-27,Completed,42.5,52.8,319.77,5.0
EMP14437,Sales,Central,Advanced Excel,2024-11-06,Completed,51.8,73.8,343.4,4.5
EMP14438,HR,South,Cloud Computing Basics,2024-07-31,Completed,45.9,70.8,213.66,3.7
EMP14439,Customer Support,North,Customer Service Excellence,2024-05-12,Completed,56.9,78.8,254.23,4.6
EMP14440,Finance,North,Data Visualization with Power BI,2024-10-05,Completed,36.9,48.0,604.72,3.8
EMP14441,Finance,West,Project Management,2025-08-11,Completed,44.8,65.1,296.76,3.7
EMP14442,HR,Central,Python for Data Analysis,2024-04-24,In Progress,57.1,,535.04,
EMP14443,Customer Support,South,Advanced Excel,2025-03-12,Completed,60.5,76.1,394.71,5.0
EMP14444,Operations,North,Data Visualization with Power BI,2024-01-02,Completed,48.1,81.4,384.77,3.8
EMP14445,IT,North,Cloud Computing Basics,2025-03-22,Completed,44.6,78.0,467.46,4.2
EMP14446,Sales,North,Agile & Scrum,2024-10-24,In Progress,77.8,,198.37,
EMP14447,Sales,North,Project Management,2025-11-02,Completed,70.3,81.0,281.8,3.4
EMP14448,HR,Central,Cloud Computing Basics,2024-06-23,Completed,61.0,83.3,398.77,4.0
EMP14449,Operations,North,Advanced Excel,2024-01-07,Completed,62.1,89.4,334.2,4.9
EMP14450,Customer Support,Central,SQL Fundamentals,2025-03-01,Completed,54.7,72.5,426.34,4.5
EMP14451,IT,East,Leadership Essentials,2024-12-05,Completed,46.9,76.9,422.51,4.0
EMP14452,HR,South,Agile & Scrum,2024-11-28,Completed,37.1,59.5,457.71,4.9
EMP14453,R&D,West,Communication Skills,2024-12-24,Dropped,54.4,,253.81,4.2
EMP14454,Operations,West,Cloud Computing Basics,2024-12-14,Completed,53.3,54.8,546.12,3.8
EMP14455,Marketing,North,Advanced Excel,2024-04-28,Dropped,73.3,,148.49,1.9
EMP14456,Marketing,Central,Cloud Computing Basics,2025-04-19,Completed,67.6,89.7,404.84,2.5
EMP14457,HR,West,Python for Data Analysis,2024-03-25,Dropped,62.9,,135.83,1.8
EMP14458,Sales,South,Python for Data Analysis,2025-01-02,In Progress,41.1,,231.49,
EMP14459,Sales,Central,Customer Service Excellence,2025-07-10,Completed,67.3,89.3,336.44,5.0
EMP14460,HR,Central,Data Visualization with Power BI,2025-12-20,Completed,50.7,72.0,553.01,4.5
EMP14461,Marketing,Central,Leadership Essentials,2024-11-29,Completed,58.9,89.7,225.17,3.9
EMP14462,Customer Support,West,Project Management,2025-05-22,Completed,54.2,77.8,144.8,3.3
EMP14463,Finance,West,SQL Fundamentals,2024-08-16,Completed,60.4,79.1,263.42,4.0
EMP14464,R&D,West,Leadership Essentials,2024-09-13,Completed,73.2,100.0,463.03,3.2
EMP14465,IT,West,Python for Data Analysis,2025-08-06,Dropped,64.1,,144.34,3.1
EMP14466,R&D,North,Advanced Excel,2025-11-06,Dropped,38.2,,109.33,2.1
EMP14467,IT,South,Data Visualization with Power BI,2025-12-27,Completed,58.3,93.9,268.44,3.6
EMP14468,Sales,Central,Data Visualization with Power BI,2025-04-14,Completed,53.7,84.0,582.22,3.1
EMP14469,HR,Central,SQL Fundamentals,2025-08-23,Completed,52.9,69.0,297.39,3.0
EMP14470,R&D,East,Cloud Computing Basics,2024-04-29,Completed,52.9,76.3,475.85,3.5
EMP14471,R&D,Central,SQL Fundamentals,2025-04-22,Completed,49.2,70.4,192.95,3.6
EMP14472,Customer Support,North,Data Visualization with Power BI,2025-06-17,Completed,87.7,98.8,388.68,4.2
EMP14473,Marketing,South,Agile & Scrum,2025-10-20,Dropped,27.0,,208.97,2.7
EMP14474,Customer Support,Central,Advanced Excel,2024-09-21,Completed,70.1,95.3,333.02,4.0
EMP14475,Customer Support,South,Python for Data Analysis,2025-08-05,Completed,73.0,100.0,227.28,3.2
EMP14476,Finance,West,SQL Fundamentals,2025-09-22,Completed,56.7,75.9,439.9,4.6
EMP14477,Operations,East,Project Management,2025-12-01,Dropped,50.5,,317.96,2.4
EMP14478,Operations,East,Advanced Excel,2025-04-07,Completed,66.2,88.8,275.64,3.0
EMP14479,Customer Support,South,Cloud Computing Basics,2024-12-17,Completed,63.4,63.4,230.0,4.3
EMP14480,R&D,East,SQL Fundamentals,2025-12-06,Completed,52.3,67.0,578.52,4.0
EMP14481,Finance,East,SQL Fundamentals,2025-06-11,Completed,49.6,79.3,435.53,3.5
EMP14482,Marketing,Central,Python for Data Analysis,2025-09-12,Completed,55.0,79.8,428.5,4.1
EMP14483,Marketing,Central,Project Management,2025-06-03,Completed,24.2,34.8,372.39,4.4
EMP14484,Marketing,West,Agile & Scrum,2025-01-22,Completed,48.6,70.2,243.51,3.5
EMP14485,Operations,North,Customer Service Excellence,2024-08-03,Completed,58.3,88.4,295.5,3.4
EMP14486,IT,West,Customer Service Excellence,2024-04-06,In Progress,46.2,,343.93,
EMP14487,Finance,East,Python for Data Analysis,2025-10-03,Completed,56.7,86.2,337.75,4.8
EMP14488,Finance,West,SQL Fundamentals,2024-06-01,Completed,40.0,62.2,504.29,4.7
EMP14489,Marketing,East,Python for Data Analysis,2024-07-12,Completed,58.5,89.6,376.8,3.6
EMP14490,Marketing,South,Agile & Scrum,2025-11-29,Completed,74.6,95.0,454.84,3.2
EMP14491,Finance,North,Leadership Essentials,2025-02-06,Completed,43.7,68.6,271.26,3.5
EMP14492,Finance,East,Project Management,2024-10-18,Completed,46.2,51.2,263.91,4.3
EMP14493,Sales,South,Leadership Essentials,2024-09-08,Completed,61.2,77.8,354.09,3.6
EMP14494,Operations,West,SQL Fundamentals,2024-02-04,Completed,73.2,95.3,475.7,4.4
EMP14495,Marketing,East,Project Management,2025-04-07,Dropped,32.9,,150.34,3.4
EMP14496,Sales,North,Cloud Computing Basics,2025-04-26,Completed,63.5,84.0,308.63,4.5
EMP14497,Operations,East,Project Management,2024-10-07,In Progress,74.4,,349.43,
EMP14498,IT,South,Advanced Excel,2025-07-31,Completed,55.8,67.3,510.39,4.2
EMP14499,IT,South,Customer Service Excellence,2024-01-15,In Progress,63.5,,322.69,
EMP14500,Sales,West,Cloud Computing Basics,2024-06-06,Completed,53.9,92.7,280.16,2.9
EMP14501,Finance,North,Project Management,2024-10-30,Completed,45.4,52.1,302.57,4.0
EMP14502,Marketing,South,Python for Data Analysis,2025-01-14,Completed,53.1,75.4,194.54,4.9
EMP14503,Marketing,North,Leadership Essentials,2024-08-05,Completed,65.9,88.7,304.09,4.8
EMP14504,R&D,West,Customer Service Excellence,2025-09-12,In Progress,39.0,,194.13,
EMP14505,Finance,South,Leadership Essentials,2025-02-23,In Progress,39.5,,248.89,
EMP14506,Sales,East,Cloud Computing Basics,2024-01-30,Completed,72.7,90.2,403.59,4.5
EMP14507,Finance,West,SQL Fundamentals,2025-11-07,Dropped,55.3,,72.08,3.1
EMP14508,Sales,South,Leadership Essentials,2024-03-04,Completed,52.6,80.3,365.13,2.0
EMP14509,Sales,West,Advanced Excel,2025-09-12,Completed,59.2,86.9,391.64,3.8
EMP14510,Sales,North,Project Management,2024-04-20,Completed,61.4,82.7,290.26,4.1
EMP14511,Finance,East,Communication Skills,2024-02-03,Completed,64.1,100.0,348.53,4.2
EMP14512,HR,North,Cloud Computing Basics,2024-03-16,Completed,52.7,78.0,166.98,4.8
EMP14513,Finance,South,SQL Fundamentals,2025-10-12,In Progress,55.1,,275.48,
EMP14514,HR,Central,Cloud Computing Basics,2025-09-16,Completed,52.1,81.5,282.35,4.4
EMP14515,Finance,North,Customer Service Excellence,2024-06-12,Completed,45.3,60.9,238.07,4.1
EMP14516,Sales,Central,Leadership Essentials,2025-06-07,Completed,51.8,75.8,354.16,5.0
EMP14517,Operations,South,Customer Service Excellence,2024-11-19,Completed,62.5,93.8,380.1,3.4
EMP14518,R&D,Central,Agile & Scrum,2024-06-19,In Progress,84.1,,221.04,
EMP14519,Sales,West,Data Visualization with Power BI,2024-06-11,Completed,68.4,98.1,408.63,3.1
EMP14520,Sales,North,Leadership Essentials,2025-08-13,Completed,56.8,81.4,217.98,3.6
EMP14521,Customer Support,West,Project Management,2025-08-16,Completed,49.3,70.5,604.04,4.9
EMP14522,R&D,West,Python for Data Analysis,2025-03-02,In Progress,71.8,,238.01,
EMP14523,Customer Support,East,Customer Service Excellence,2025-12-12,Completed,42.9,61.6,247.05,4.2
EMP14524,Marketing,West,Data Visualization with Power BI,2025-07-17,Completed,61.9,89.7,346.51,4.5
EMP14525,R&D,Central,Agile & Scrum,2024-01-15,Completed,44.1,73.6,438.54,3.6
EMP14526,Operations,West,Project Management,2025-04-24,Completed,61.4,93.1,226.25,4.4
EMP14527,IT,South,SQL Fundamentals,2025-05-27,Completed,58.7,81.8,180.44,3.3
EMP14528,Operations,South,Cloud Computing Basics,2024-03-03,In Progress,54.1,,228.99,
EMP14529,HR,West,Advanced Excel,2025-10-21,Completed,55.1,82.5,318.78,3.9
EMP14530,R&D,North,Python for Data Analysis,2024-07-19,In Progress,53.3,,286.17,
EMP14531,Customer Support,North,Project Management,2025-02-11,Completed,56.0,96.7,212.18,4.3
EMP14532,IT,West,Cloud Computing Basics,2025-04-28,Dropped,41.3,,162.34,1.4
EMP14533,Marketing,North,Leadership Essentials,2025-08-19,Completed,44.4,69.6,236.22,3.7
EMP14534,Operations,South,Agile & Scrum,2025-01-04,Completed,70.4,91.7,214.45,5.0
EMP14535,Operations,North,Cloud Computing Basics,2024-03-27,Completed,53.2,70.9,90.61,4.8
EMP14536,Operations,Central,Python for Data Analysis,2025-03-26,Completed,37.7,58.8,508.55,5.0
EMP14537,R&D,North,Agile & Scrum,2025-12-02,Completed,38.8,51.2,187.73,5.0
EMP14538,HR,North,Customer Service Excellence,2025-10-26,Completed,43.7,77.5,301.44,4.8
EMP14539,Operations,North,Communication Skills,2024-08-18,Completed,43.6,53.4,410.11,4.2
EMP14540,Marketing,West,SQL Fundamentals,2025-04-08,Completed,59.4,93.2,546.58,2.9
EMP14541,Customer Support,North,Python for Data Analysis,2024-03-09,Completed,41.8,70.6,341.16,3.8
EMP14542,Sales,West,Python for Data Analysis,2025-05-23,Completed,47.7,58.1,238.64,4.1
EMP14543,HR,North,Project Management,2024-06-01,Completed,64.4,91.5,306.98,5.0
EMP14544,R&D,South,Data Visualization with Power BI,2025-11-30,Completed,61.2,94.4,135.7,3.7
EMP14545,Sales,South,SQL Fundamentals,2025-01-08,Dropped,55.6,,300.16,1.5
EMP14546,Operations,West,Project Management,2024-08-23,In Progress,72.5,,408.2,
EMP14547,Marketing,Central,Customer Service Excellence,2024-11-12,Completed,55.7,82.1,307.98,3.8
EMP14548,HR,West,SQL Fundamentals,2024-09-21,Completed,40.4,42.1,167.67,3.5
EMP14549,Operations,North,Cloud Computing Basics,2024-04-25,Completed,72.7,100.0,572.5,3.1
EMP14550,R&D,East,Python for Data Analysis,2025-01-10,Completed,66.4,75.8,220.19,3.8
EMP14551,R&D,Central,Data Visualization with Power BI,2025-03-09,In Progress,64.0,,238.56,
EMP14552,R&D,West,Agile & Scrum,2025-11-23,Dropped,51.7,,132.93,2.1
EMP14553,Marketing,East,Customer Service Excellence,2025-04-13,Completed,52.4,70.1,617.16,4.0
EMP14554,Marketing,Central,Communication Skills,2025-02-04,Completed,50.0,63.7,216.39,4.5
EMP14555,Operations,Central,SQL Fundamentals,2025-06-11,Completed,38.0,77.9,262.33,3.9
EMP14556,Customer Support,South,Communication Skills,2024-02-16,Completed,56.9,92.7,346.56,2.9
EMP14557,Operations,East,Python for Data Analysis,2025-09-24,Completed,80.0,100.0,292.9,3.2
EMP14558,HR,East,Project Management,2024-11-20,Completed,57.5,90.1,379.6,3.9
EMP14559,IT,North,Advanced Excel,2025-12-09,Dropped,34.3,,238.69,1.4
EMP14560,Marketing,North,Agile & Scrum,2025-02-24,Completed,72.3,94.9,406.68,4.3
EMP14561,Marketing,Central,Data Visualization with Power BI,2024-03-19,Completed,68.3,85.4,340.15,4.6
EMP14562,IT,Central,Data Visualization with Power BI,2025-11-05,Completed,78.8,94.4,527.98,3.5
EMP14563,Operations,Central,Python for Data Analysis,2024-06-08,Completed,56.0,80.6,264.58,4.3
EMP14564,HR,East,SQL Fundamentals,2025-11-09,Dropped,74.0,,168.36,3.3
EMP14565,Marketing,East,Agile & Scrum,2025-08-11,Completed,48.7,74.0,397.68,4.2
EMP14566,IT,Central,Leadership Essentials,2024-10-15,Completed,68.9,92.4,601.78,3.0
EMP14567,Operations,West,Communication Skills,2024-01-06,Completed,61.7,78.8,299.33,4.4
EMP14568,R&D,North,Customer Service Excellence,2025-07-14,Dropped,66.7,,249.17,1.4
EMP14569,HR,North,Communication Skills,2024-03-21,Completed,57.9,88.2,368.1,4.2
EMP14570,Sales,East,Project Management,2025-09-28,In Progress,54.7,,223.39,
EMP14571,Customer Support,West,Cloud Computing Basics,2025-05-30,Completed,56.0,76.5,343.9,2.9
EMP14572,R&D,West,Project Management,2024-10-12,Completed,57.9,77.9,265.6,4.0
EMP14573,Operations,North,Data Visualization with Power BI,2024-01-05,Completed,44.6,62.7,390.31,3.9
EMP14574,Finance,West,Python for Data Analysis,2024-12-02,Dropped,58.1,,128.81,2.5
EMP14575,R&D,East,Advanced Excel,2025-08-18,Completed,38.2,81.0,298.88,3.3
EMP14576,Sales,North,Leadership Essentials,2025-06-24,Completed,61.2,86.1,258.44,4.5
EMP14577,Finance,West,Project Management,2024-05-01,Dropped,56.1,,101.51,2.6
EMP14578,Customer Support,Central,Cloud Computing Basics,2025-12-23,Completed,57.9,88.3,254.07,4.1
EMP14579,R&D,North,Cloud Computing Basics,2025-09-20,Completed,67.8,97.5,119.63,5.0
EMP14580,Finance,North,Cloud Computing Basics,2024-05-14,Completed,65.9,92.7,345.1,3.5
EMP14581,Operations,South,Data Visualization with Power BI,2024-08-06,In Progress,67.6,,423.54,
EMP14582,HR,West,Advanced Excel,2025-02-27,Completed,60.3,89.3,246.46,3.4
EMP14583,Operations,West,Project Management,2024-07-11,In Progress,58.6,,155.19,
EMP14584,HR,North,Data Visualization with Power BI,2025-12-16,Completed,44.5,65.4,428.62,4.7
EMP14585,R&D,Central,Python for Data Analysis,2025-03-02,Completed,44.7,71.9,398.39,3.5
EMP14586,Marketing,Central,Agile & Scrum,2025-06-09,Completed,50.6,81.6,254.91,4.6
EMP14587,Customer Support,East,Communication Skills,2025-06-19,Dropped,47.6,,134.35,2.3
EMP14588,HR,East,Leadership Essentials,2024-06-24,Dropped,39.1,,193.38,2.3
EMP14589,Customer Support,West,SQL Fundamentals,2024-11-19,In Progress,38.8,,318.08,
EMP14590,Operations,West,SQL Fundamentals,2025-09-12,Completed,59.9,82.0,230.31,3.9
EMP14591,HR,Central,Communication Skills,2024-02-06,Completed,73.9,89.2,195.73,4.3
EMP14592,IT,South,Leadership Essentials,2025-07-07,Completed,55.4,81.1,329.6,3.1
EMP14593,HR,South,Leadership Essentials,2024-07-31,In Progress,69.3,,388.08,
EMP14594,Customer Support,East,Leadership Essentials,2025-05-07,Completed,53.4,75.7,323.1,5.0
EMP14595,Marketing,South,Customer Service Excellence,2025-06-25,Completed,47.6,64.6,269.34,4.8
EMP14596,Finance,South,Python for Data Analysis,2025-05-09,Completed,68.1,92.8,239.6,4.5
EMP14597,R&D,North,Python for Data Analysis,2024-07-05,Completed,47.4,81.1,230.34,3.9
EMP14598,Operations,East,Project Management,2024-09-05,Completed,54.0,77.5,296.11,3.4
EMP14599,Finance,South,Customer Service Excellence,2025-10-21,Completed,47.6,76.4,119.65,3.5
EMP14600,Operations,East,Data Visualization with Power BI,2025-06-27,Completed,31.4,41.6,390.97,5.0
EMP14601,Finance,North,Leadership Essentials,2024-08-13,Completed,61.0,87.3,490.51,4.1
EMP14602,HR,Central,Project Management,2024-01-24,Completed,67.5,90.7,292.25,5.0
EMP14603,Sales,South,Project Management,2024-12-11,Completed,47.6,65.6,403.05,3.6
EMP14604,Finance,Central,Customer Service Excellence,2025-10-26,Completed,50.1,65.7,219.17,4.3
EMP14605,Customer Support,West,Agile & Scrum,2024-03-11,Completed,58.5,95.6,391.62,4.7
EMP14606,Operations,West,Customer Service Excellence,2025-06-24,Completed,38.1,56.1,214.74,4.6
EMP14607,Sales,East,Communication Skills,2025-11-18,Dropped,80.8,,147.95,2.6
EMP14608,Customer Support,West,Data Visualization with Power BI,2024-07-10,Completed,47.0,73.0,519.89,3.3
EMP14609,HR,East,Agile & Scrum,2024-12-04,Completed,70.8,100.0,342.32,3.1
EMP14610,R&D,North,Python for Data Analysis,2025-03-09,In Progress,69.5,,254.66,
EMP14611,Operations,East,SQL Fundamentals,2025-11-24,In Progress,43.0,,192.5,
EMP14612,Customer Support,East,Python for Data Analysis,2025-02-26,Completed,49.6,66.8,274.74,5.0
EMP14613,Marketing,South,Python for Data Analysis,2024-05-11,Dropped,61.5,,75.55,1.6
EMP14614,Finance,Central,Agile & Scrum,2025-12-11,Completed,30.9,48.5,510.89,5.0
EMP14615,R&D,North,Cloud Computing Basics,2025-07-11,Completed,40.6,70.7,291.24,5.0
EMP14616,Sales,East,Agile & Scrum,2024-02-09,Completed,79.4,100.0,176.8,4.6
EMP14617,Marketing,South,Data Visualization with Power BI,2024-10-13,In Progress,62.5,,235.84,
EMP14618,Marketing,West,Customer Service Excellence,2024-05-12,Completed,61.2,77.7,280.99,4.2
EMP14619,HR,Central,Customer Service Excellence,2024-11-22,Dropped,25.1,,85.9,3.4
EMP14620,Customer Support,Central,Project Management,2025-12-14,Dropped,54.4,,271.06,2.9
EMP14621,Marketing,West,Project Management,2024-12-17,Completed,51.6,75.8,329.1,4.4
EMP14622,Sales,East,Project Management,2024-09-02,Completed,75.8,99.7,275.6,4.1
EMP14623,IT,West,Advanced Excel,2025-06-10,Completed,60.2,87.5,317.68,4.0
EMP14624,Finance,Central,Project Management,2025-12-07,Completed,51.5,78.9,548.92,4.7
EMP14625,Marketing,South,Python for Data Analysis,2025-11-15,Completed,56.4,70.1,530.71,3.7
EMP14626,HR,North,Cloud Computing Basics,2024-11-16,Completed,84.4,100.0,191.64,4.4
EMP14627,HR,North,Communication Skills,2025-05-18,Completed,43.3,59.9,366.21,2.6
EMP14628,HR,North,Data Visualization with Power BI,2025-11-11,Completed,28.2,48.1,441.94,3.3
EMP14629,Operations,West,Data Visualization with Power BI,2025-06-09,Completed,71.5,95.1,354.63,3.4
EMP14630,Operations,North,Data Visualization with Power BI,2025-01-06,Completed,45.8,67.5,368.73,4.2
EMP14631,IT,South,Communication Skills,2024-01-10,Completed,32.0,53.7,311.79,3.9
EMP14632,Finance,West,Data Visualization with Power BI,2025-10-21,In Progress,59.3,,224.52,
EMP14633,Operations,North,Leadership Essentials,2024-03-31,In Progress,59.1,,148.4,
EMP14634,Marketing,South,Project Management,2025-08-08,Completed,69.5,97.9,465.84,4.7
EMP14635,Sales,East,Customer Service Excellence,2024-09-15,Completed,60.0,93.8,481.86,4.4
EMP14636,HR,East,Communication Skills,2024-01-09,Completed,54.9,76.7,487.91,3.7
EMP14637,IT,South,Communication Skills,2024-08-26,Completed,58.6,81.4,568.79,4.4
EMP14638,Marketing,West,Advanced Excel,2024-08-07,Completed,41.4,56.6,481.04,3.1
EMP14639,Customer Support,South,Customer Service Excellence,2025-07-13,Completed,57.9,76.2,263.54,3.7
EMP14640,Finance,East,Leadership Essentials,2024-04-29,Completed,49.0,73.5,295.62,4.9
EMP14641,IT,South,Agile & Scrum,2024-08-17,Completed,65.6,96.3,275.48,4.3
EMP14642,Operations,Central,Python for Data Analysis,2025-09-24,Completed,45.7,64.6,433.9,3.7
EMP14643,IT,Central,Cloud Computing Basics,2025-02-26,Completed,59.2,86.8,370.9,3.3
EMP14644,Finance,North,SQL Fundamentals,2025-11-23,Completed,49.9,63.1,539.03,3.8
EMP14645,HR,North,Data Visualization with Power BI,2024-11-24,Completed,50.3,69.7,381.08,4.0
EMP14646,Finance,North,Customer Service Excellence,2024-08-27,Completed,45.6,68.7,513.86,4.9
EMP14647,R&D,North,Communication Skills,2025-12-13,Dropped,38.6,,147.94,2.3
EMP14648,Sales,South,Agile & Scrum,2024-04-04,Completed,55.6,88.2,384.71,4.0
EMP14649,Operations,North,Project Management,2024-04-24,Completed,76.3,100.0,372.49,4.5
EMP14650,Sales,South,Communication Skills,2025-08-29,Completed,60.9,67.0,129.48,4.7
EMP14651,IT,East,Agile & Scrum,2025-02-04,Completed,60.4,68.7,473.17,3.8
EMP14652,R&D,East,Leadership Essentials,2025-12-25,In Progress,45.8,,282.56,
EMP14653,HR,South,Advanced Excel,2024-08-01,Completed,67.4,83.7,167.06,4.5
EMP14654,R&D,Central,Advanced Excel,2025-10-29,Dropped,50.5,,218.14,2.9
EMP14655,Marketing,West,Python for Data Analysis,2025-08-10,Completed,39.3,65.2,250.26,4.9
EMP14656,Customer Support,West,Customer Service Excellence,2024-01-14,Completed,49.5,72.7,404.57,4.1
EMP14657,Customer Support,Central,Cloud Computing Basics,2025-12-03,Completed,24.7,38.1,504.05,3.5
EMP14658,Finance,South,Customer Service Excellence,2024-01-30,Completed,57.2,84.3,416.96,4.3
EMP14659,Marketing,Central,Python for Data Analysis,2025-08-16,Completed,72.4,100.0,244.96,3.2
EMP14660,Sales,Central,Cloud Computing Basics,2024-09-12,Completed,47.9,71.0,412.81,4.8
EMP14661,Sales,West,Project Management,2025-05-17,Completed,64.0,88.4,505.93,3.9
EMP14662,Finance,Central,Leadership Essentials,2025-04-24,Completed,71.3,92.9,397.82,3.5
EMP14663,R&D,South,Leadership Essentials,2024-11-28,Dropped,59.7,,232.16,2.8
EMP14664,Marketing,Central,Project Management,2024-10-07,Completed,67.3,85.9,224.0,4.0
EMP14665,IT,Central,Cloud Computing Basics,2024-08-07,Dropped,48.4,,248.06,2.8
EMP14666,HR,South,Cloud Computing Basics,2025-07-09,Completed,41.3,67.2,264.23,4.2
EMP14667,R&D,South,Cloud Computing Basics,2025-10-12,Completed,65.5,87.9,297.95,4.4
EMP14668,Sales,North,Communication Skills,2024-08-29,Completed,48.9,73.3,322.04,3.9
EMP14669,Operations,West,Cloud Computing Basics,2025-06-13,Completed,51.1,76.9,353.67,4.2
EMP14670,Operations,North,Cloud Computing Basics,2025-05-17,Completed,54.8,64.0,258.81,4.1
EMP14671,Customer Support,South,Advanced Excel,2024-12-06,Completed,57.9,75.2,292.48,3.3
EMP14672,R&D,West,Cloud Computing Basics,2024-05-04,Completed,51.7,75.1,389.64,3.9
EMP14673,Sales,Central,Advanced Excel,2024-10-02,Completed,49.6,63.9,188.81,4.4
EMP14674,R&D,South,Agile & Scrum,2025-12-24,Completed,57.0,82.3,182.77,3.7
EMP14675,Customer Support,North,Advanced Excel,2025-07-05,Completed,84.1,100.0,341.37,4.5
EMP14676,Customer Support,North,Data Visualization with Power BI,2024-03-18,Completed,64.5,84.1,340.04,4.1
EMP14677,Customer Support,North,Project Management,2024-12-13,Completed,65.6,92.1,222.47,3.7
EMP14678,Marketing,East,Leadership Essentials,2025-02-11,Completed,39.1,69.0,267.9,4.2
EMP14679,Operations,South,Customer Service Excellence,2024-04-01,Dropped,42.3,,152.5,1.4
EMP14680,Operations,East,Project Management,2024-12-12,In Progress,55.5,,300.36,
EMP14681,Customer Support,West,Python for Data Analysis,2024-08-24,Dropped,48.0,,142.53,2.4
EMP14682,Customer Support,South,Leadership Essentials,2024-06-02,Dropped,62.5,,190.19,3.2
EMP14683,R&D,East,Leadership Essentials,2024-04-11,Completed,62.4,93.3,464.19,4.0
EMP14684,Finance,West,Agile & Scrum,2025-07-01,Completed,71.1,87.9,221.49,4.5
EMP14685,Marketing,West,Python for Data Analysis,2024-07-17,Completed,32.9,63.9,375.95,2.2
EMP14686,IT,West,Project Management,2025-07-10,Completed,61.3,87.5,263.87,3.7
EMP14687,Operations,North,Data Visualization with Power BI,2025-06-24,Completed,24.6,52.3,387.26,4.3
EMP14688,Finance,West,Customer Service Excellence,2024-01-16,Completed,55.3,81.2,142.56,4.1
EMP14689,Marketing,Central,Project Management,2024-05-07,Completed,81.4,100.0,234.29,3.2
EMP14690,Marketing,East,Communication Skills,2025-01-31,Completed,52.2,82.8,255.06,2.6
EMP14691,HR,North,Customer Service Excellence,2025-12-15,Dropped,30.1,,151.1,2.4
EMP14692,R&D,East,Leadership Essentials,2024-01-08,Dropped,54.0,,83.96,2.1
EMP14693,IT,West,Data Visualization with Power BI,2024-11-09,Completed,62.4,88.0,484.39,4.5
EMP14694,Marketing,Central,Leadership Essentials,2024-11-16,Completed,48.1,69.1,199.39,4.5
EMP14695,Finance,Central,Data Visualization with Power BI,2025-03-08,Completed,59.7,84.2,486.04,4.1
EMP14696,R&D,North,Python for Data Analysis,2024-04-02,Completed,24.2,42.7,330.77,5.0
EMP14697,IT,South,SQL Fundamentals,2025-10-13,Completed,51.3,73.4,369.53,4.3
EMP14698,IT,South,Python for Data Analysis,2025-08-02,Completed,52.3,77.7,345.38,5.0
EMP14699,Operations,South,Data Visualization with Power BI,2025-12-31,Completed,83.1,99.8,207.56,5.0
EMP14700,Finance,South,Customer Service Excellence,2025-11-21,Completed,59.2,87.1,335.28,3.7
EMP14701,Marketing,West,Customer Service Excellence,2025-07-22,Completed,65.9,82.2,171.92,5.0
EMP14702,HR,West,Project Management,2024-10-07,Completed,78.3,100.0,470.84,4.0
EMP14703,IT,North,Project Management,2025-07-27,Completed,48.9,69.8,570.31,4.1
EMP14704,IT,Central,Customer Service Excellence,2025-11-22,In Progress,78.6,,369.97,
EMP14705,Operations,North,Python for Data Analysis,2025-08-13,Completed,44.9,62.5,268.19,4.0
EMP14706,IT,East,Cloud Computing Basics,2024-09-17,Completed,40.9,79.7,445.01,4.3
EMP14707,IT,Central,Agile & Scrum,2024-03-02,Completed,64.8,77.4,281.82,3.3
EMP14708,Operations,South,Communication Skills,2024-08-05,Dropped,74.5,,160.33,2.4
EMP14709,Marketing,South,Data Visualization with Power BI,2025-11-16,Completed,69.5,89.0,266.0,2.8
EMP14710,R&D,West,Python for Data Analysis,2025-04-25,Completed,61.3,86.5,173.83,5.0
EMP14711,HR,East,Data Visualization with Power BI,2024-12-08,Dropped,53.6,,68.31,2.0
EMP14712,Sales,Central,Leadership Essentials,2025-02-19,Completed,65.6,91.3,415.61,4.3
EMP14713,Customer Support,West,Cloud Computing Basics,2024-01-20,Completed,46.8,60.8,399.67,4.1
EMP14714,Finance,Central,Data Visualization with Power BI,2025-10-24,Dropped,73.9,,171.17,3.2
EMP14715,Customer Support,East,Cloud Computing Basics,2025-06-26,Completed,58.2,80.3,226.48,3.4
EMP14716,Sales,North,Data Visualization with Power BI,2025-04-28,Completed,39.0,60.0,544.37,5.0
EMP14717,Sales,West,Python for Data Analysis,2025-05-14,Completed,43.9,65.3,221.25,3.5
EMP14718,Customer Support,West,SQL Fundamentals,2024-06-17,Completed,67.5,94.7,566.55,5.0
EMP14719,Finance,East,Agile & Scrum,2025-08-31,Completed,57.4,84.8,427.35,4.0
EMP14720,Customer Support,West,Communication Skills,2025-03-26,In Progress,70.7,,515.45,
EMP14721,HR,Central,Cloud Computing Basics,2024-03-01,In Progress,52.1,,268.7,
EMP14722,Operations,East,Cloud Computing Basics,2025-03-28,Completed,69.9,98.7,344.62,3.1
EMP14723,Marketing,East,Advanced Excel,2025-06-06,Completed,53.0,83.9,304.12,4.8
EMP14724,Operations,West,Customer Service Excellence,2024-12-24,Completed,41.6,57.3,189.5,4.9
EMP14725,Operations,East,Leadership Essentials,2024-03-03,Completed,36.7,63.0,362.39,3.7
EMP14726,Finance,North,Data Visualization with Power BI,2025-02-02,Completed,58.6,81.9,380.45,3.8
EMP14727,HR,East,Customer Service Excellence,2024-09-04,Completed,59.3,78.0,490.59,3.5
EMP14728,R&D,East,Python for Data Analysis,2025-01-25,Completed,43.3,73.5,216.63,2.8
EMP14729,Marketing,South,Leadership Essentials,2025-04-21,Completed,62.3,87.0,369.62,3.6
EMP14730,IT,South,Project Management,2025-07-25,Completed,44.4,66.2,522.77,4.6
EMP14731,Sales,North,Project Management,2025-02-13,Completed,46.9,78.5,374.58,4.2
EMP14732,Finance,South,Leadership Essentials,2025-03-20,Completed,73.3,100.0,296.56,4.9
EMP14733,HR,Central,Project Management,2025-02-13,Completed,64.5,88.2,408.16,3.3
EMP14734,R&D,South,Data Visualization with Power BI,2025-11-21,Completed,58.1,84.8,239.31,4.0
EMP14735,Finance,North,Python for Data Analysis,2024-08-22,Completed,62.9,74.4,481.11,5.0
EMP14736,Sales,North,Agile & Scrum,2025-08-21,Completed,57.9,84.4,410.46,4.5
EMP14737,Operations,North,Data Visualization with Power BI,2025-04-01,Completed,64.9,89.3,210.02,3.7
EMP14738,Finance,South,Advanced Excel,2025-10-03,Completed,51.0,62.6,479.17,5.0
EMP14739,Operations,East,Cloud Computing Basics,2024-03-25,Completed,60.4,80.6,540.48,4.0
EMP14740,Sales,East,Customer Service Excellence,2025-03-26,Completed,76.1,93.5,482.86,3.3
EMP14741,Marketing,North,Customer Service Excellence,2025-08-08,Completed,33.6,47.5,296.37,3.9
EMP14742,Customer Support,East,Project Management,2024-12-31,Completed,68.3,97.2,571.78,3.7
EMP14743,HR,North,Project Management,2025-11-12,Completed,72.4,93.5,390.58,3.8
EMP14744,HR,West,Communication Skills,2024-11-26,Completed,63.7,87.8,273.12,5.0
EMP14745,R&D,South,SQL Fundamentals,2025-06-18,Completed,48.9,71.5,270.47,4.8
EMP14746,Operations,South,Agile & Scrum,2024-08-06,Completed,51.5,84.6,482.77,3.7
EMP14747,Finance,Central,Customer Service Excellence,2025-09-13,Completed,72.0,93.5,477.76,3.7
EMP14748,Finance,South,Advanced Excel,2025-01-16,Completed,87.0,100.0,218.51,4.2
EMP14749,Marketing,Central,Cloud Computing Basics,2025-01-06,Completed,56.4,80.4,499.8,3.2
EMP14750,Sales,South,Project Management,2025-02-09,Completed,70.9,78.5,577.49,4.7
EMP14751,Customer Support,North,Cloud Computing Basics,2025-04-13,Completed,48.3,83.9,311.46,3.6
EMP14752,Customer Support,West,Advanced Excel,2025-08-04,Completed,51.3,70.8,431.91,3.7
EMP14753,Finance,South,Agile & Scrum,2025-01-01,Completed,65.2,86.7,249.19,3.1
EMP14754,Sales,South,Agile & Scrum,2024-07-08,Completed,60.1,80.4,236.16,5.0
EMP14755,HR,South,Advanced Excel,2024-12-26,Completed,28.4,44.6,266.65,4.6
EMP14756,R&D,East,Data Visualization with Power BI,2025-11-23,Dropped,40.2,,148.5,3.4
EMP14757,Operations,Central,Project Management,2024-10-22,Completed,59.5,87.8,367.26,3.8
EMP14758,Marketing,East,Communication Skills,2025-01-05,Completed,64.7,75.9,469.0,2.6
EMP14759,Marketing,South,Advanced Excel,2024-02-29,Completed,66.2,90.2,134.02,4.7
EMP14760,Sales,South,Advanced Excel,2025-11-09,Completed,58.8,86.0,381.72,3.2
EMP14761,Customer Support,West,Data Visualization with Power BI,2024-06-20,Completed,53.7,100.0,412.15,2.6
EMP14762,R&D,South,Leadership Essentials,2024-07-28,Completed,50.3,59.4,406.65,3.7
EMP14763,Operations,Central,Data Visualization with Power BI,2024-03-07,Completed,67.4,100.0,272.08,5.0
EMP14764,IT,Central,Advanced Excel,2025-09-09,Completed,68.6,93.7,377.29,3.6
EMP14765,Customer Support,West,Python for Data Analysis,2025-03-28,Completed,46.5,68.8,433.32,3.6
EMP14766,Customer Support,East,Communication Skills,2025-07-25,In Progress,60.7,,496.44,
EMP14767,Finance,West,Agile & Scrum,2025-09-20,Completed,52.7,85.6,266.83,3.9
EMP14768,R&D,West,Python for Data Analysis,2025-11-17,Completed,62.9,83.8,103.77,4.2
EMP14769,IT,West,Communication Skills,2025-11-03,Completed,55.2,62.6,414.88,3.2
EMP14770,IT,North,Communication Skills,2025-05-17,In Progress,42.5,,437.56,
EMP14771,Operations,West,Cloud Computing Basics,2024-11-03,Completed,49.2,76.5,215.94,4.3
EMP14772,Finance,Central,Customer Service Excellence,2024-02-28,Completed,56.0,80.5,491.35,3.9
EMP14773,HR,Central,SQL Fundamentals,2025-11-06,Completed,57.3,85.4,315.34,3.0
EMP14774,IT,Central,Data Visualization with Power BI,2025-07-09,In Progress,73.1,,325.83,
EMP14775,R&D,West,Advanced Excel,2025-06-25,Dropped,64.1,,268.19,3.0
EMP14776,Finance,West,Communication Skills,2024-09-27,Completed,78.0,99.0,373.78,3.4
EMP14777,Marketing,Central,Data Visualization with Power BI,2024-02-11,Completed,92.2,100.0,410.24,3.8
EMP14778,Sales,South,Data Visualization with Power BI,2025-06-07,In Progress,56.5,,404.87,
EMP14779,Customer Support,East,Cloud Computing Basics,2025-10-17,Completed,53.7,60.1,328.34,4.5
EMP14780,Finance,East,Communication Skills,2025-02-19,Completed,50.4,71.3,265.85,4.0
EMP14781,HR,North,Project Management,2024-02-02,In Progress,54.5,,398.41,
EMP14782,R&D,North,Python for Data Analysis,2025-07-13,Completed,69.8,85.3,339.1,3.9
EMP14783,Customer Support,Central,Communication Skills,2025-03-13,Completed,37.9,44.1,314.78,4.3
EMP14784,Sales,South,Customer Service Excellence,2024-09-22,Completed,46.3,63.7,277.98,3.6
EMP14785,IT,North,Cloud Computing Basics,2024-07-09,Completed,63.3,75.9,230.68,3.9
EMP14786,Finance,Central,Cloud Computing Basics,2024-11-16,Dropped,34.1,,181.21,3.3
EMP14787,Customer Support,Central,Advanced Excel,2025-07-30,Dropped,55.4,,84.32,1.4
EMP14788,Operations,North,Project Management,2025-09-08,Completed,64.1,100.0,242.93,2.7
EMP14789,HR,Central,Cloud Computing Basics,2025-11-08,Completed,59.9,77.0,173.0,4.7
EMP14790,Marketing,East,Python for Data Analysis,2024-06-20,Completed,56.8,74.6,289.42,5.0
EMP14791,Sales,North,Python for Data Analysis,2024-07-07,In Progress,50.8,,302.28,
EMP14792,R&D,North,Agile & Scrum,2025-01-18,Completed,42.7,65.3,264.72,2.8
EMP14793,IT,Central,Communication Skills,2025-08-04,Completed,59.6,73.7,254.59,3.7
EMP14794,Customer Support,East,Python for Data Analysis,2024-12-10,Completed,48.0,76.6,251.14,4.3
EMP14795,Finance,Central,Cloud Computing Basics,2025-03-24,Completed,69.9,94.5,384.68,5.0
EMP14796,R&D,North,Customer Service Excellence,2025-07-03,Completed,48.7,81.0,261.32,4.3
EMP14797,HR,Central,Data Visualization with Power BI,2024-06-15,Completed,58.3,89.2,499.34,4.4
EMP14798,Marketing,North,Customer Service Excellence,2024-04-13,Completed,68.0,94.2,214.22,3.4
EMP14799,Finance,South,Leadership Essentials,2024-07-18,Completed,55.9,83.5,295.17,4.5
EMP14800,HR,North,SQL Fundamentals,2024-02-12,Completed,56.4,84.2,356.73,3.5
EMP14801,IT,West,Customer Service Excellence,2025-06-18,Completed,30.4,64.0,390.15,4.1
EMP14802,R&D,East,Agile & Scrum,2025-02-01,Completed,59.4,84.2,273.54,4.5
EMP14803,HR,West,Leadership Essentials,2024-02-03,Completed,51.1,81.4,224.68,3.3
EMP14804,Marketing,North,Cloud Computing Basics,2025-05-17,Completed,65.0,95.0,231.4,4.4
EMP14805,IT,Central,Cloud Computing Basics,2025-10-20,Completed,65.8,82.4,219.92,5.0
EMP14806,HR,South,SQL Fundamentals,2024-08-14,Completed,36.5,48.9,263.39,4.1
EMP14807,Marketing,Central,Agile & Scrum,2025-08-17,Completed,78.6,92.3,191.43,4.1
EMP14808,Customer Support,South,Data Visualization with Power BI,2024-10-18,In Progress,49.1,,339.2,
EMP14809,Customer Support,Central,Agile & Scrum,2025-09-11,Dropped,38.2,,129.72,3.1
EMP14810,Customer Support,North,SQL Fundamentals,2025-07-14,Completed,54.7,80.9,384.38,3.3
EMP14811,Sales,East,Leadership Essentials,2024-03-07,Completed,78.1,100.0,201.06,5.0
EMP14812,Customer Support,North,Agile & Scrum,2025-02-18,In Progress,59.8,,266.59,
EMP14813,Sales,East,Communication Skills,2025-02-20,In Progress,49.5,,290.92,
EMP14814,IT,Central,Customer Service Excellence,2024-09-19,Completed,35.7,74.2,378.86,3.7
EMP14815,Operations,West,SQL Fundamentals,2024-09-26,Completed,41.6,71.2,255.52,3.6
EMP14816,Customer Support,North,SQL Fundamentals,2024-12-06,In Progress,58.6,,306.8,
EMP14817,Sales,West,Leadership Essentials,2025-04-12,Completed,52.9,86.1,337.83,4.4
EMP14818,Finance,Central,Agile & Scrum,2025-08-08,Completed,57.6,76.5,281.27,5.0
EMP14819,HR,Central,Communication Skills,2024-11-08,Completed,57.5,80.4,456.19,4.8
EMP14820,Sales,East,SQL Fundamentals,2025-04-10,Dropped,52.6,,271.14,2.8
EMP14821,Customer Support,South,Project Management,2025-11-21,Completed,27.7,37.0,356.3,3.7
EMP14822,R&D,West,Cloud Computing Basics,2024-03-28,In Progress,40.6,,292.48,
EMP14823,Finance,North,Advanced Excel,2024-10-19,Completed,55.0,75.3,387.33,3.2
EMP14824,Customer Support,North,Customer Service Excellence,2025-11-19,Completed,23.5,44.2,404.51,4.1
EMP14825,Sales,South,Cloud Computing Basics,2025-09-15,In Progress,36.2,,311.24,
EMP14826,IT,North,Cloud Computing Basics,2024-05-20,Completed,42.5,58.0,510.85,4.6
EMP14827,Customer Support,North,Data Visualization with Power BI,2025-09-03,Completed,55.6,71.1,341.34,4.2
EMP14828,Customer Support,West,Python for Data Analysis,2025-02-09,Completed,62.5,100.0,270.13,3.6
EMP14829,R&D,East,Python for Data Analysis,2024-03-05,In Progress,73.6,,374.31,
EMP14830,HR,South,Advanced Excel,2024-05-31,Completed,31.6,53.6,458.44,5.0
EMP14831,Finance,East,Leadership Essentials,2025-02-03,In Progress,63.4,,176.61,
EMP14832,Marketing,Central,SQL Fundamentals,2025-09-06,Completed,42.9,82.6,174.12,4.6
EMP14833,HR,North,Project Management,2024-12-13,Completed,52.6,77.1,171.02,4.5
EMP14834,Marketing,South,Project Management,2024-03-30,Completed,47.6,56.4,204.5,4.8
EMP14835,Operations,East,Cloud Computing Basics,2024-12-03,Completed,60.6,94.0,383.22,4.3
EMP14836,Operations,South,Data Visualization with Power BI,2024-05-09,Completed,57.3,79.8,513.65,5.0
EMP14837,Sales,Central,Advanced Excel,2025-08-15,Completed,48.5,78.9,204.7,5.0
EMP14838,Finance,North,Communication Skills,2025-10-18,In Progress,73.4,,273.24,
EMP14839,Sales,Central,Customer Service Excellence,2024-08-15,Completed,58.4,88.5,312.25,3.7
EMP14840,R&D,West,SQL Fundamentals,2024-06-03,Completed,50.5,60.7,319.02,3.4
EMP14841,HR,North,Advanced Excel,2025-06-27,Completed,43.7,78.6,305.01,4.9
EMP14842,R&D,Central,SQL Fundamentals,2025-06-13,Completed,56.5,80.6,284.75,3.3
EMP14843,Sales,North,SQL Fundamentals,2024-06-03,In Progress,59.6,,253.37,
EMP14844,Customer Support,East,Customer Service Excellence,2025-09-23,Completed,75.3,92.5,349.6,4.0
EMP14845,Marketing,East,Agile & Scrum,2025-04-07,Dropped,40.8,,165.72,2.4
EMP14846,HR,West,Data Visualization with Power BI,2024-11-03,Completed,51.1,83.6,457.37,3.0
EMP14847,Finance,West,Leadership Essentials,2024-11-14,Completed,62.9,80.3,130.18,3.5
EMP14848,Marketing,South,Project Management,2024-03-10,In Progress,45.5,,412.36,
EMP14849,HR,Central,Python for Data Analysis,2024-02-17,Dropped,52.3,,121.21,3.5
EMP14850,Marketing,South,Agile & Scrum,2025-06-23,Completed,63.5,79.8,323.57,3.4
EMP14851,Sales,East,Customer Service Excellence,2025-04-29,Completed,47.0,56.7,336.39,4.0
EMP14852,Sales,Central,Leadership Essentials,2025-07-13,Dropped,69.5,,194.8,3.3
EMP14853,R&D,North,Leadership Essentials,2025-10-02,Completed,63.6,88.3,263.99,3.2
EMP14854,Finance,West,Agile & Scrum,2025-09-10,Completed,62.2,95.9,359.42,4.6
EMP14855,HR,West,Leadership Essentials,2025-11-03,Completed,42.6,62.0,399.66,4.4
EMP14856,IT,East,Communication Skills,2024-01-04,Completed,53.3,74.6,157.45,4.6
EMP14857,Customer Support,North,Communication Skills,2024-12-30,Completed,74.3,89.3,390.6,2.8
EMP14858,Operations,East,Customer Service Excellence,2024-10-04,Dropped,75.1,,160.04,3.1
EMP14859,R&D,North,Advanced Excel,2025-01-06,Completed,55.5,76.3,119.44,3.0
EMP14860,R&D,South,SQL Fundamentals,2025-09-22,Completed,57.4,89.9,262.42,4.3
EMP14861,Sales,South,Communication Skills,2024-10-28,Completed,74.0,98.6,340.89,4.0
EMP14862,Marketing,Central,Project Management,2025-02-27,Completed,79.3,100.0,424.73,3.4
EMP14863,IT,West,Agile & Scrum,2024-02-24,Dropped,69.3,,204.15,1.8
EMP14864,Marketing,Central,SQL Fundamentals,2025-05-26,Completed,21.9,55.3,262.12,4.4
EMP14865,Customer Support,South,Agile & Scrum,2025-05-17,Dropped,50.7,,230.28,4.1
EMP14866,Sales,South,Data Visualization with Power BI,2024-06-13,Completed,44.2,52.4,254.94,4.2
EMP14867,Marketing,East,Agile & Scrum,2025-03-25,Completed,36.8,58.4,330.56,3.7
EMP14868,IT,East,Agile & Scrum,2025-02-09,Completed,63.7,97.6,241.71,4.7
EMP14869,R&D,West,Communication Skills,2025-04-15,Completed,59.4,81.9,353.89,3.2
EMP14870,Customer Support,East,Cloud Computing Basics,2024-01-04,Completed,77.3,99.6,331.82,3.0
EMP14871,HR,South,Agile & Scrum,2024-05-03,In Progress,40.4,,268.18,
EMP14872,HR,North,SQL Fundamentals,2025-05-30,Completed,61.3,81.9,377.27,3.9
EMP14873,R&D,Central,Communication Skills,2024-05-16,Completed,55.1,70.9,563.32,3.1
EMP14874,Finance,South,Python for Data Analysis,2025-01-03,Completed,50.4,73.7,349.32,4.3
EMP14875,HR,North,Cloud Computing Basics,2025-11-06,Dropped,37.7,,90.45,1.3
EMP14876,Marketing,South,Advanced Excel,2024-07-26,Completed,59.7,75.9,412.64,3.9
EMP14877,Marketing,Central,Communication Skills,2025-07-29,Completed,32.9,48.9,387.32,5.0
EMP14878,Operations,West,Project Management,2024-06-06,Dropped,43.8,,132.21,3.5
EMP14879,Sales,West,Data Visualization with Power BI,2025-07-24,Completed,50.8,74.3,268.95,3.6
EMP14880,Sales,East,Agile & Scrum,2024-08-18,In Progress,53.6,,204.45,
EMP14881,IT,North,Cloud Computing Basics,2024-12-12,Completed,55.1,79.9,352.68,4.7
EMP14882,Marketing,Central,Communication Skills,2024-03-16,Completed,50.1,76.1,349.67,4.4
EMP14883,Finance,North,Data Visualization with Power BI,2024-07-17,Dropped,46.8,,190.08,1.8
EMP14884,R&D,South,Customer Service Excellence,2025-04-17,Completed,34.5,54.4,249.82,2.3
EMP14885,R&D,East,SQL Fundamentals,2025-01-04,In Progress,44.5,,354.84,
EMP14886,IT,South,Communication Skills,2025-05-12,Completed,63.3,80.9,443.26,4.6
EMP14887,Marketing,South,Agile & Scrum,2025-07-14,Completed,53.1,64.0,279.13,4.0
EMP14888,Customer Support,West,Leadership Essentials,2024-07-24,Completed,40.2,65.1,251.7,4.3
EMP14889,R&D,West,Advanced Excel,2024-01-29,Completed,58.3,86.1,237.11,4.0
EMP14890,Finance,Central,Advanced Excel,2024-11-11,Completed,50.2,67.5,102.37,5.0
EMP14891,Operations,South,Data Visualization with Power BI,2024-09-14,Completed,65.5,82.5,270.69,3.6
EMP14892,Operations,Central,SQL Fundamentals,2024-03-30,Completed,37.1,52.6,481.72,3.5
EMP14893,Customer Support,North,Cloud Computing Basics,2025-04-16,Completed,45.4,80.2,103.68,5.0
EMP14894,IT,East,Customer Service Excellence,2025-06-27,Completed,61.5,90.4,185.51,4.5
EMP14895,R&D,Central,SQL Fundamentals,2025-04-17,Completed,52.1,68.1,257.4,3.8
EMP14896,HR,North,SQL Fundamentals,2025-02-07,Completed,53.6,63.6,180.09,4.0
EMP14897,R&D,South,Cloud Computing Basics,2024-08-17,Completed,57.5,74.1,289.89,4.3
EMP14898,Customer Support,Central,SQL Fundamentals,2024-06-11,In Progress,74.1,,128.6,
EMP14899,R&D,North,Project Management,2025-11-29,Completed,45.0,64.6,155.98,4.4
EMP14900,R&D,West,Python for Data Analysis,2024-04-28,Completed,43.2,66.2,307.66,4.2
EMP14901,IT,West,Customer Service Excellence,2025-10-02,In Progress,60.3,,481.93,
EMP14902,Customer Support,North,SQL Fundamentals,2025-06-04,Completed,57.3,79.7,255.64,4.6
EMP14903,Customer Support,North,Python for Data Analysis,2024-12-17,Completed,73.5,77.9,316.39,3.3
EMP14904,Marketing,Central,Cloud Computing Basics,2025-08-28,Completed,63.1,61.1,302.54,4.1
EMP14905,Finance,West,Communication Skills,2025-05-23,Completed,66.9,83.3,293.03,3.9
EMP14906,HR,West,Cloud Computing Basics,2025-11-04,Completed,50.3,64.0,311.06,3.5
EMP14907,Customer Support,East,Project Management,2025-03-31,Completed,56.6,82.5,372.26,4.2
EMP14908,Operations,Central,Communication Skills,2024-03-21,Completed,65.5,73.6,481.12,3.5
EMP14909,Finance,East,Customer Service Excellence,2024-11-23,Completed,54.7,71.3,613.8,4.7
EMP14910,HR,East,Python for Data Analysis,2024-09-04,Completed,57.2,79.9,143.05,4.7
EMP14911,Sales,Central,Communication Skills,2025-06-20,Completed,55.3,85.1,211.41,3.6
EMP14912,Operations,East,Python for Data Analysis,2025-03-27,In Progress,52.8,,251.97,
EMP14913,Operations,Central,Python for Data Analysis,2025-06-21,Completed,44.1,82.9,185.78,3.8
EMP14914,Finance,South,Agile & Scrum,2025-02-16,Completed,53.9,83.2,284.14,4.1
EMP14915,IT,South,Cloud Computing Basics,2025-01-23,Completed,44.5,78.4,557.86,4.5
EMP14916,Sales,East,Python for Data Analysis,2024-08-14,Completed,59.4,88.0,195.52,3.5
EMP14917,IT,East,Python for Data Analysis,2025-01-30,Completed,71.2,100.0,509.98,3.3
EMP14918,Sales,East,Advanced Excel,2024-05-24,Completed,49.8,66.2,458.46,4.3
EMP14919,R&D,Central,Cloud Computing Basics,2024-07-25,In Progress,60.4,,284.02,
EMP14920,R&D,East,Cloud Computing Basics,2025-12-09,Dropped,59.7,,186.48,2.3
EMP14921,Sales,South,Data Visualization with Power BI,2025-05-12,Completed,71.8,77.2,297.66,4.7
EMP14922,R&D,East,Advanced Excel,2025-08-31,Completed,69.7,86.6,266.72,3.2
EMP14923,Operations,North,Python for Data Analysis,2024-01-22,Completed,59.4,73.4,318.75,3.2
EMP14924,Sales,West,Agile & Scrum,2025-11-29,In Progress,40.6,,201.93,
EMP14925,IT,West,Communication Skills,2024-09-25,Completed,56.4,70.7,419.41,4.4
EMP14926,R&D,South,Agile & Scrum,2024-08-29,In Progress,53.2,,201.51,
EMP14927,Customer Support,North,Communication Skills,2024-08-08,In Progress,79.2,,240.62,
EMP14928,Marketing,East,Customer Service Excellence,2025-08-27,Completed,69.3,99.9,362.5,4.7
EMP14929,Marketing,South,Cloud Computing Basics,2024-07-09,Completed,58.4,75.7,292.97,4.9
EMP14930,Customer Support,Central,Customer Service Excellence,2025-03-19,Completed,68.3,90.7,236.48,3.6
EMP14931,IT,Central,Advanced Excel,2025-09-06,Completed,66.3,96.5,513.92,3.8
EMP14932,IT,South,SQL Fundamentals,2024-05-10,Completed,39.3,69.2,377.12,3.6
EMP14933,Marketing,Central,SQL Fundamentals,2024-10-31,Dropped,38.1,,126.87,3.4
EMP14934,Finance,South,Customer Service Excellence,2025-05-27,Completed,45.6,73.1,329.97,3.7
EMP14935,Sales,West,SQL Fundamentals,2024-02-15,Completed,51.7,59.9,304.18,3.4
EMP14936,Marketing,North,Python for Data Analysis,2024-09-30,Completed,71.4,100.0,324.22,5.0
EMP14937,Finance,Central,Communication Skills,2025-06-27,Completed,48.6,69.1,349.71,3.8
EMP14938,Sales,South,Communication Skills,2024-12-25,Completed,32.9,54.8,327.95,3.2
EMP14939,Operations,North,Communication Skills,2025-09-27,Completed,80.4,98.3,309.4,4.2
EMP14940,Sales,Central,Python for Data Analysis,2024-04-30,In Progress,58.4,,374.62,
EMP14941,Finance,West,Communication Skills,2024-03-25,Completed,50.7,70.8,545.76,3.4
EMP14942,Marketing,Central,Agile & Scrum,2024-09-24,Dropped,30.4,,57.85,3.4
EMP14943,Marketing,Central,Data Visualization with Power BI,2024-07-23,Dropped,65.5,,208.73,2.3
EMP14944,R&D,East,Cloud Computing Basics,2025-12-31,In Progress,62.0,,271.44,
EMP14945,Customer Support,Central,SQL Fundamentals,2024-05-07,Completed,49.7,77.5,175.76,2.5
EMP14946,Sales,South,SQL Fundamentals,2025-11-05,Completed,70.5,90.7,288.07,2.8
EMP14947,Finance,North,SQL Fundamentals,2024-09-08,Completed,43.9,64.6,340.74,3.8
EMP14948,Operations,North,Data Visualization with Power BI,2025-03-26,Completed,54.2,87.1,417.46,4.4
EMP14949,Marketing,East,Python for Data Analysis,2025-11-30,Completed,69.0,87.9,327.42,3.2
EMP14950,IT,South,SQL Fundamentals,2024-08-08,Completed,56.6,79.7,247.99,3.7
EMP14951,Sales,East,Leadership Essentials,2024-03-21,Completed,65.2,95.1,437.58,4.6
EMP14952,Sales,West,Agile & Scrum,2024-02-26,Completed,61.8,84.9,297.62,4.0
EMP14953,Sales,Central,Data Visualization with Power BI,2024-12-20,Completed,50.5,75.5,245.44,3.5
EMP14954,R&D,South,Agile & Scrum,2025-03-30,Completed,52.2,67.8,249.12,4.7
EMP14955,R&D,South,SQL Fundamentals,2024-06-02,Completed,56.2,79.3,468.54,2.8
EMP14956,Marketing,South,Agile & Scrum,2025-01-18,In Progress,58.1,,381.44,
EMP14957,HR,West,Leadership Essentials,2024-07-11,Completed,52.5,79.9,255.82,4.0
EMP14958,Operations,South,SQL Fundamentals,2024-04-10,Completed,58.0,87.4,225.79,3.6
EMP14959,Marketing,West,Cloud Computing Basics,2025-06-22,Completed,47.0,66.3,259.36,5.0
EMP14960,Marketing,Central,Python for Data Analysis,2024-02-24,Dropped,38.3,,128.91,2.1
EMP14961,Customer Support,Central,Project Management,2024-09-25,Completed,44.1,60.3,293.2,5.0
EMP14962,IT,East,Python for Data Analysis,2024-10-28,Completed,66.5,98.5,231.6,3.6
EMP14963,IT,East,Python for Data Analysis,2025-08-08,Completed,51.7,65.0,272.66,4.2
EMP14964,Customer Support,East,Python for Data Analysis,2024-12-06,Completed,59.3,92.5,359.35,4.7
EMP14965,Marketing,East,Project Management,2025-12-15,In Progress,31.4,,247.17,
EMP14966,Marketing,East,Agile & Scrum,2024-03-20,In Progress,75.7,,209.47,
EMP14967,HR,South,Customer Service Excellence,2024-12-03,Completed,63.3,84.0,378.07,3.5
EMP14968,R&D,West,Communication Skills,2025-08-11,In Progress,75.5,,293.76,
EMP14969,Operations,North,Leadership Essentials,2025-06-10,Completed,50.5,65.0,337.39,4.2
EMP14970,Finance,West,SQL Fundamentals,2025-09-22,Completed,50.4,70.1,394.72,5.0
EMP14971,Operations,East,Project Management,2024-10-18,Completed,68.8,79.1,289.48,3.6
EMP14972,Customer Support,West,Communication Skills,2024-04-18,Completed,43.0,77.8,222.99,5.0
EMP14973,Marketing,West,Customer Service Excellence,2024-06-06,Completed,76.4,98.4,398.68,5.0
EMP14974,Marketing,North,Leadership Essentials,2025-03-17,Completed,61.9,95.1,420.64,5.0
EMP14975,Sales,West,Communication Skills,2024-06-07,Dropped,51.2,,97.35,3.0
EMP14976,HR,West,Cloud Computing Basics,2024-07-21,In Progress,56.8,,199.53,
EMP14977,Marketing,North,Data Visualization with Power BI,2024-04-15,Completed,33.6,56.0,550.55,5.0
EMP14978,Sales,East,Communication Skills,2024-12-10,Completed,54.0,90.0,169.93,3.7
EMP14979,Marketing,Central,Project Management,2025-03-21,In Progress,28.8,,135.94,
EMP14980,Customer Support,Central,Data Visualization with Power BI,2025-01-16,In Progress,64.8,,433.26,
EMP14981,R&D,West,Cloud Computing Basics,2024-02-25,Completed,60.5,95.7,418.71,3.3
EMP14982,Sales,East,SQL Fundamentals,2024-01-31,Completed,61.5,76.6,477.74,5.0
EMP14983,Operations,South,Advanced Excel,2024-03-31,Completed,50.4,89.3,340.52,4.5
EMP14984,R&D,Central,Project Management,2024-04-05,Completed,71.3,88.1,359.89,5.0
EMP14985,Finance,South,Cloud Computing Basics,2025-01-27,In Progress,48.5,,346.4,
EMP14986,Finance,North,Cloud Computing Basics,2025-06-20,Completed,47.5,76.1,360.53,4.3
EMP14987,Marketing,North,Advanced Excel,2025-01-12,Completed,63.1,82.9,392.92,3.9
EMP14988,IT,North,Advanced Excel,2024-07-28,Completed,60.6,85.7,305.83,3.8
EMP14989,Operations,North,Python for Data Analysis,2025-12-26,Completed,52.3,69.1,553.99,3.1
EMP14990,Finance,South,SQL Fundamentals,2024-09-05,Completed,55.1,78.8,196.36,4.8
EMP14991,Sales,South,Agile & Scrum,2025-10-13,Completed,38.5,61.1,239.23,4.3
EMP14992,IT,Central,Agile & Scrum,2024-08-04,Completed,72.7,74.8,332.47,4.9
EMP14993,IT,West,Customer Service Excellence,2025-02-17,Completed,60.5,55.8,223.41,5.0
EMP14994,Sales,Central,Data Visualization with Power BI,2025-06-08,Completed,48.9,69.5,293.37,4.4
EMP14995,HR,West,Cloud Computing Basics,2025-05-07,Completed,65.7,94.2,519.96,4.3
EMP14996,Operations,East,Python for Data Analysis,2025-04-19,Completed,41.9,57.9,305.23,4.7
EMP14997,HR,West,SQL Fundamentals,2025-02-20,Completed,63.7,81.6,320.33,4.7
EMP14998,Marketing,Central,Advanced Excel,2025-12-10,Completed,67.9,87.8,238.71,5.0
EMP14999,Operations,Central,SQL Fundamentals,2024-11-14,Completed,76.2,95.3,341.69,3.8
EMP15000,IT,East,Communication Skills,2025-09-16,Completed,46.6,68.0,347.94,3.6
